/*i. Заполнить все таблицы БД vk данными (по 10-100 записей в каждой таблице)*/

DROP DATABASE IF EXISTS vk;
CREATE DATABASE vk;
USE vk;

-- MariaDB dump 10.17  Distrib 10.4.15-MariaDB, for Linux (x86_64)
--
-- Host: mysql.hostinger.ro    Database: u574849695_25
-- ------------------------------------------------------
-- Server version	10.4.15-MariaDB-cll-lve

/*!40101 SET @OLD_CHARACTER_SET_CLIENT=@@CHARACTER_SET_CLIENT */;
/*!40101 SET @OLD_CHARACTER_SET_RESULTS=@@CHARACTER_SET_RESULTS */;
/*!40101 SET @OLD_COLLATION_CONNECTION=@@COLLATION_CONNECTION */;
/*!40101 SET NAMES utf8mb4 */;
/*!40103 SET @OLD_TIME_ZONE=@@TIME_ZONE */;
/*!40103 SET TIME_ZONE='+00:00' */;
/*!40014 SET @OLD_UNIQUE_CHECKS=@@UNIQUE_CHECKS, UNIQUE_CHECKS=0 */;
/*!40014 SET @OLD_FOREIGN_KEY_CHECKS=@@FOREIGN_KEY_CHECKS, FOREIGN_KEY_CHECKS=0 */;
/*!40101 SET @OLD_SQL_MODE=@@SQL_MODE, SQL_MODE='NO_AUTO_VALUE_ON_ZERO' */;
/*!40111 SET @OLD_SQL_NOTES=@@SQL_NOTES, SQL_NOTES=0 */;

--
-- Table structure for table `communities`
--

DROP TABLE IF EXISTS `communities`;
/*!40101 SET @saved_cs_client     = @@character_set_client */;
/*!40101 SET character_set_client = utf8 */;
CREATE TABLE `communities` (
  `id` bigint(20) unsigned NOT NULL AUTO_INCREMENT,
  `name` varchar(150) COLLATE utf8mb4_unicode_ci DEFAULT NULL,
  `admin_user_id` bigint(20) unsigned NOT NULL,
  UNIQUE KEY `id` (`id`),
  KEY `communities_name_idx` (`name`),
  KEY `admin_user_id` (`admin_user_id`),
  CONSTRAINT `communities_ibfk_1` FOREIGN KEY (`admin_user_id`) REFERENCES `users` (`id`)
) ENGINE=InnoDB AUTO_INCREMENT=16 DEFAULT CHARSET=utf8mb4 COLLATE=utf8mb4_unicode_ci;
/*!40101 SET character_set_client = @saved_cs_client */;

--
-- Dumping data for table `communities`
--

LOCK TABLES `communities` WRITE;
/*!40000 ALTER TABLE `communities` DISABLE KEYS */;
INSERT INTO `communities` VALUES (1,'ex',1),(2,'sint',2),(3,'eveniet',3),(4,'modi',4),(5,'exercitationem',5),(6,'voluptatem',6),(7,'quis',7),(8,'fugiat',8),(9,'eos',9),(10,'alias',10),(11,'eos',11),(12,'accusamus',12),(13,'odio',13),(14,'tenetur',14),(15,'et',15);
/*!40000 ALTER TABLE `communities` ENABLE KEYS */;
UNLOCK TABLES;

--
-- Table structure for table `friend_requests`
--

DROP TABLE IF EXISTS `friend_requests`;
/*!40101 SET @saved_cs_client     = @@character_set_client */;
/*!40101 SET character_set_client = utf8 */;
CREATE TABLE `friend_requests` (
  `initiator_user_id` bigint(20) unsigned NOT NULL,
  `target_user_id` bigint(20) unsigned NOT NULL,
  `status` enum('requested','approved','declined','unfriended') COLLATE utf8mb4_unicode_ci DEFAULT NULL,
  `requested_at` datetime DEFAULT current_timestamp(),
  `updated_at` datetime DEFAULT NULL ON UPDATE current_timestamp(),
  PRIMARY KEY (`initiator_user_id`,`target_user_id`),
  KEY `target_user_id` (`target_user_id`),
  CONSTRAINT `friend_requests_ibfk_1` FOREIGN KEY (`initiator_user_id`) REFERENCES `users` (`id`),
  CONSTRAINT `friend_requests_ibfk_2` FOREIGN KEY (`target_user_id`) REFERENCES `users` (`id`)
) ENGINE=InnoDB DEFAULT CHARSET=utf8mb4 COLLATE=utf8mb4_unicode_ci;
/*!40101 SET character_set_client = @saved_cs_client */;

--
-- Dumping data for table `friend_requests`
--

LOCK TABLES `friend_requests` WRITE;
/*!40000 ALTER TABLE `friend_requests` DISABLE KEYS */;
INSERT INTO `friend_requests` VALUES (1,1,'declined','2007-07-25 00:00:00','1991-03-16 00:00:00'),(2,2,'unfriended','1985-02-22 00:00:00','1979-06-25 00:00:00'),(3,3,'approved','1994-06-14 00:00:00','2013-08-26 00:00:00'),(4,4,'approved','1974-11-13 00:00:00','1996-07-11 00:00:00'),(5,5,'requested','2013-12-06 00:00:00','1991-04-12 00:00:00'),(6,6,'approved','1982-07-04 00:00:00','2003-05-23 00:00:00'),(7,7,'requested','2016-11-04 00:00:00','1979-09-28 00:00:00'),(8,8,'requested','1971-10-28 00:00:00','2007-09-21 00:00:00'),(9,9,'requested','2008-10-29 00:00:00','2003-07-05 00:00:00'),(10,10,'approved','2020-03-11 00:00:00','1979-08-22 00:00:00'),(11,11,'declined','2012-06-18 00:00:00','1975-04-18 00:00:00'),(12,12,'declined','2014-03-12 00:00:00','1972-06-13 00:00:00'),(13,13,'requested','2003-04-23 00:00:00','2012-10-10 00:00:00'),(14,14,'unfriended','2013-02-04 00:00:00','2004-06-21 00:00:00'),(15,15,'unfriended','2019-03-27 00:00:00','1997-12-26 00:00:00'),(16,16,'unfriended','2005-03-12 00:00:00','2011-08-23 00:00:00'),(17,17,'requested','1996-10-29 00:00:00','1976-05-18 00:00:00'),(18,18,'requested','2000-05-12 00:00:00','1978-10-20 00:00:00'),(19,19,'approved','1987-10-14 00:00:00','1992-05-27 00:00:00'),(20,20,'unfriended','1982-06-11 00:00:00','1982-11-23 00:00:00'),(21,21,'unfriended','1971-11-15 00:00:00','1981-03-08 00:00:00'),(22,22,'unfriended','2006-12-15 00:00:00','2001-06-23 00:00:00'),(23,23,'approved','2013-08-07 00:00:00','2002-05-24 00:00:00'),(24,24,'declined','2014-02-04 00:00:00','2019-11-06 00:00:00'),(25,25,'approved','1981-06-19 00:00:00','1990-02-24 00:00:00'),(26,26,'unfriended','2006-08-05 00:00:00','2005-04-07 00:00:00'),(27,27,'unfriended','1970-01-11 00:00:00','1991-06-28 00:00:00'),(28,28,'declined','2009-05-21 00:00:00','2001-06-03 00:00:00'),(29,29,'approved','1978-09-22 00:00:00','2001-04-18 00:00:00'),(30,30,'requested','1995-03-16 00:00:00','2019-09-25 00:00:00'),(31,31,'unfriended','1985-03-12 00:00:00','1985-01-05 00:00:00'),(32,32,'requested','2014-11-11 00:00:00','1974-08-10 00:00:00'),(33,33,'requested','2014-03-25 00:00:00','1971-05-19 00:00:00'),(34,34,'approved','1981-01-26 00:00:00','1978-06-03 00:00:00'),(35,35,'approved','1971-04-25 00:00:00','2003-06-24 00:00:00'),(36,36,'declined','1994-03-08 00:00:00','1997-01-22 00:00:00'),(37,37,'approved','2018-01-17 00:00:00','1997-01-21 00:00:00'),(38,38,'requested','1999-06-06 00:00:00','1994-10-15 00:00:00'),(39,39,'requested','1989-06-11 00:00:00','2007-09-04 00:00:00'),(40,40,'declined','1970-10-08 00:00:00','2012-06-04 00:00:00'),(41,41,'requested','1993-08-05 00:00:00','1982-03-10 00:00:00'),(42,42,'unfriended','2021-03-05 00:00:00','1989-01-28 00:00:00'),(43,43,'declined','2007-08-06 00:00:00','1978-07-18 00:00:00'),(44,44,'requested','2013-03-26 00:00:00','2012-01-31 00:00:00'),(45,45,'requested','1994-04-19 00:00:00','1980-04-26 00:00:00'),(46,46,'declined','2012-05-28 00:00:00','2007-10-04 00:00:00'),(47,47,'unfriended','1996-11-22 00:00:00','1971-01-29 00:00:00'),(48,48,'requested','1977-09-28 00:00:00','1985-11-06 00:00:00'),(49,49,'declined','1992-05-17 00:00:00','1975-07-30 00:00:00'),(50,50,'approved','2020-05-31 00:00:00','1997-07-28 00:00:00'),(51,51,'requested','2006-08-10 00:00:00','2011-03-12 00:00:00'),(52,52,'requested','1976-04-03 00:00:00','1994-07-11 00:00:00'),(53,53,'declined','1974-03-09 00:00:00','2010-07-17 00:00:00'),(54,54,'requested','1985-11-12 00:00:00','2002-09-13 00:00:00'),(55,55,'requested','2017-10-15 00:00:00','2000-12-23 00:00:00'),(56,56,'requested','2016-09-26 00:00:00','1978-11-20 00:00:00'),(57,57,'unfriended','2007-04-05 00:00:00','1984-03-07 00:00:00'),(58,58,'requested','1995-05-24 00:00:00','2006-04-05 00:00:00'),(59,59,'declined','1987-05-04 00:00:00','2001-11-25 00:00:00'),(60,60,'unfriended','1973-04-02 00:00:00','2007-07-10 00:00:00'),(61,61,'requested','1996-11-03 00:00:00','1976-09-23 00:00:00'),(62,62,'unfriended','1996-07-28 00:00:00','1973-06-21 00:00:00'),(63,63,'declined','2018-12-30 00:00:00','2021-04-15 00:00:00'),(64,64,'approved','1978-11-14 00:00:00','2010-12-19 00:00:00'),(65,65,'unfriended','1997-06-16 00:00:00','1984-06-04 00:00:00'),(66,66,'declined','1985-08-18 00:00:00','1982-09-23 00:00:00'),(67,67,'requested','2004-06-24 00:00:00','2017-06-17 00:00:00'),(68,68,'requested','1993-06-26 00:00:00','1971-11-02 00:00:00'),(69,69,'approved','2004-11-07 00:00:00','1986-09-08 00:00:00'),(70,70,'requested','1973-03-05 00:00:00','1989-08-28 00:00:00'),(71,71,'requested','1972-09-04 00:00:00','1978-03-09 00:00:00'),(72,72,'requested','1970-11-17 00:00:00','1989-11-04 00:00:00'),(73,73,'approved','2003-09-24 00:00:00','2000-12-01 00:00:00'),(74,74,'requested','2007-02-19 00:00:00','1985-08-17 00:00:00'),(75,75,'declined','2010-11-07 00:00:00','1976-12-05 00:00:00'),(76,76,'approved','1977-01-14 00:00:00','1988-10-03 00:00:00'),(77,77,'approved','2003-06-05 00:00:00','2001-06-17 00:00:00'),(78,78,'approved','1970-01-14 00:00:00','1985-12-23 00:00:00'),(79,79,'declined','2018-08-20 00:00:00','2002-03-15 00:00:00'),(80,80,'approved','1996-06-10 00:00:00','2004-10-25 00:00:00'),(81,81,'approved','2015-08-13 00:00:00','1976-08-07 00:00:00'),(82,82,'requested','1980-08-03 00:00:00','1979-07-29 00:00:00'),(83,83,'approved','1998-05-06 00:00:00','2001-01-17 00:00:00'),(84,84,'requested','2002-06-12 00:00:00','1976-08-09 00:00:00'),(85,85,'requested','1972-07-17 00:00:00','2018-07-30 00:00:00'),(86,86,'declined','2018-01-10 00:00:00','2007-07-11 00:00:00'),(87,87,'declined','1990-06-21 00:00:00','1972-07-11 00:00:00'),(88,88,'requested','1982-09-20 00:00:00','1976-12-24 00:00:00'),(89,89,'requested','2007-07-04 00:00:00','2009-09-12 00:00:00'),(90,90,'unfriended','1996-12-04 00:00:00','2002-07-11 00:00:00'),(91,91,'unfriended','1981-09-03 00:00:00','2020-11-23 00:00:00'),(92,92,'approved','1975-09-23 00:00:00','1974-11-25 00:00:00'),(93,93,'approved','2013-04-18 00:00:00','1996-01-27 00:00:00'),(94,94,'requested','2020-04-08 00:00:00','1972-05-21 00:00:00'),(95,95,'approved','1987-04-17 00:00:00','2004-06-15 00:00:00'),(96,96,'approved','2009-08-30 00:00:00','1980-08-01 00:00:00'),(97,97,'declined','1999-12-31 00:00:00','1976-06-24 00:00:00'),(98,98,'requested','1981-07-16 00:00:00','2005-01-31 00:00:00'),(99,99,'declined','2000-07-30 00:00:00','1991-01-11 00:00:00'),(100,100,'approved','1992-12-18 00:00:00','1975-08-22 00:00:00');
/*!40000 ALTER TABLE `friend_requests` ENABLE KEYS */;
UNLOCK TABLES;

--
-- Table structure for table `likes`
--

DROP TABLE IF EXISTS `likes`;
/*!40101 SET @saved_cs_client     = @@character_set_client */;
/*!40101 SET character_set_client = utf8 */;
CREATE TABLE `likes` (
  `id` bigint(20) unsigned NOT NULL AUTO_INCREMENT,
  `user_id` bigint(20) unsigned NOT NULL,
  `media_id` bigint(20) unsigned NOT NULL,
  `created_at` datetime DEFAULT current_timestamp(),
  UNIQUE KEY `id` (`id`),
  KEY `likes_fk` (`media_id`),
  KEY `likes_fk_1` (`user_id`),
  CONSTRAINT `likes_fk` FOREIGN KEY (`media_id`) REFERENCES `media` (`id`),
  CONSTRAINT `likes_fk_1` FOREIGN KEY (`user_id`) REFERENCES `users` (`id`)
) ENGINE=InnoDB AUTO_INCREMENT=101 DEFAULT CHARSET=utf8mb4 COLLATE=utf8mb4_unicode_ci;
/*!40101 SET character_set_client = @saved_cs_client */;

--
-- Dumping data for table `likes`
--

LOCK TABLES `likes` WRITE;
/*!40000 ALTER TABLE `likes` DISABLE KEYS */;
INSERT INTO `likes` VALUES (1,1,1,'1988-03-29 22:12:18'),(2,2,2,'1972-01-31 23:25:58'),(3,3,3,'2018-09-02 21:29:01'),(4,4,4,'2013-12-07 06:32:34'),(5,5,5,'1998-08-30 20:39:56'),(6,6,6,'2005-10-20 18:41:59'),(7,7,7,'2017-09-15 13:03:43'),(8,8,8,'1993-04-24 17:16:35'),(9,9,9,'2000-08-07 15:23:53'),(10,10,10,'2010-02-13 11:24:49'),(11,11,11,'2016-10-19 19:17:00'),(12,12,12,'2006-03-13 07:54:39'),(13,13,13,'1996-08-16 14:27:03'),(14,14,14,'1999-09-04 19:50:13'),(15,15,15,'2018-12-29 22:27:23'),(16,16,16,'2005-07-03 04:13:43'),(17,17,17,'1998-10-29 04:57:20'),(18,18,18,'1984-09-23 18:20:09'),(19,19,19,'1998-06-07 17:27:31'),(20,20,20,'1990-12-15 01:33:43'),(21,21,21,'1989-09-19 16:15:42'),(22,22,22,'1980-10-01 09:36:02'),(23,23,23,'1993-02-15 15:00:42'),(24,24,24,'2015-12-03 19:45:03'),(25,25,25,'2019-09-23 12:44:23'),(26,26,26,'1999-10-26 00:21:48'),(27,27,27,'2008-10-19 18:02:26'),(28,28,28,'2011-04-03 11:12:09'),(29,29,29,'1994-04-12 15:05:20'),(30,30,30,'1997-10-14 01:10:11'),(31,31,31,'2000-08-08 06:54:17'),(32,32,32,'2010-07-24 21:47:50'),(33,33,33,'2008-02-14 00:54:02'),(34,34,34,'2003-02-09 11:25:15'),(35,35,35,'1976-07-10 06:50:16'),(36,36,36,'1972-12-11 21:47:54'),(37,37,37,'1991-06-23 00:01:24'),(38,38,38,'1979-09-14 18:50:41'),(39,39,39,'1990-06-29 09:30:21'),(40,40,40,'2010-10-24 22:11:05'),(41,41,41,'2014-03-22 11:35:20'),(42,42,42,'1977-02-06 13:48:29'),(43,43,43,'1982-07-24 13:53:05'),(44,44,44,'2006-09-01 06:06:07'),(45,45,45,'2011-06-12 17:16:52'),(46,46,46,'1980-05-13 16:51:15'),(47,47,47,'1984-06-09 20:22:28'),(48,48,48,'2002-11-28 03:20:34'),(49,49,49,'2011-08-04 19:53:59'),(50,50,50,'1983-12-03 10:47:04'),(51,51,51,'1999-05-01 10:01:27'),(52,52,52,'2013-09-22 23:19:46'),(53,53,53,'1992-04-11 02:19:11'),(54,54,54,'1972-09-02 16:04:58'),(55,55,55,'2004-11-04 05:02:06'),(56,56,56,'1984-08-21 06:29:53'),(57,57,57,'2000-09-11 10:00:08'),(58,58,58,'2010-07-10 13:05:40'),(59,59,59,'1985-06-29 22:21:36'),(60,60,60,'2005-02-20 03:46:19'),(61,61,61,'2006-11-13 04:43:48'),(62,62,62,'2011-04-05 12:40:35'),(63,63,63,'2011-02-21 22:41:45'),(64,64,64,'1996-04-12 10:43:15'),(65,65,65,'1993-05-19 21:36:19'),(66,66,66,'1978-05-28 01:32:15'),(67,67,67,'2020-04-26 14:37:18'),(68,68,68,'1994-01-17 04:06:30'),(69,69,69,'1987-08-26 19:01:43'),(70,70,70,'2012-07-21 16:55:51'),(71,71,71,'1984-02-26 15:09:30'),(72,72,72,'2004-11-01 12:55:02'),(73,73,73,'1993-11-26 08:29:41'),(74,74,74,'1998-03-03 04:15:08'),(75,75,75,'2019-10-04 14:09:40'),(76,76,76,'1992-12-01 14:18:40'),(77,77,77,'1976-05-05 15:21:59'),(78,78,78,'2021-01-07 14:33:59'),(79,79,79,'1975-12-23 09:27:30'),(80,80,80,'1973-08-02 22:56:44'),(81,81,81,'1973-05-21 04:43:48'),(82,82,82,'1989-04-24 00:00:22'),(83,83,83,'1982-01-06 11:43:02'),(84,84,84,'1989-11-16 08:51:56'),(85,85,85,'1981-08-24 12:09:23'),(86,86,86,'2007-07-15 09:44:21'),(87,87,87,'2002-08-24 14:53:36'),(88,88,88,'1999-12-05 15:19:24'),(89,89,89,'1986-04-16 18:26:05'),(90,90,90,'1986-03-09 18:01:50'),(91,91,91,'1998-11-05 07:47:33'),(92,92,92,'1996-01-31 21:19:43'),(93,93,93,'2012-07-14 19:26:19'),(94,94,94,'1993-05-03 14:52:29'),(95,95,95,'2007-01-26 02:47:09'),(96,96,96,'1995-10-24 09:48:45'),(97,97,97,'2002-10-19 10:41:49'),(98,98,98,'1982-09-03 14:08:19'),(99,99,99,'1982-05-31 15:42:09'),(100,100,100,'2016-11-12 00:00:05');
/*!40000 ALTER TABLE `likes` ENABLE KEYS */;
UNLOCK TABLES;

--
-- Table structure for table `likes_messages`
--

DROP TABLE IF EXISTS `likes_messages`;
/*!40101 SET @saved_cs_client     = @@character_set_client */;
/*!40101 SET character_set_client = utf8 */;
CREATE TABLE `likes_messages` (
  `id` bigint(20) unsigned NOT NULL AUTO_INCREMENT,
  `user_id` bigint(20) unsigned NOT NULL,
  `messages_id` bigint(20) unsigned NOT NULL,
  `created_at` datetime DEFAULT current_timestamp(),
  UNIQUE KEY `id` (`id`),
  KEY `user_id` (`user_id`),
  KEY `messages_id` (`messages_id`),
  CONSTRAINT `likes_messages_ibfk_1` FOREIGN KEY (`user_id`) REFERENCES `users` (`id`),
  CONSTRAINT `likes_messages_ibfk_2` FOREIGN KEY (`messages_id`) REFERENCES `messages` (`id`)
) ENGINE=InnoDB AUTO_INCREMENT=101 DEFAULT CHARSET=utf8mb4 COLLATE=utf8mb4_unicode_ci COMMENT='лайки сообщениям';
/*!40101 SET character_set_client = @saved_cs_client */;

--
-- Dumping data for table `likes_messages`
--

LOCK TABLES `likes_messages` WRITE;
/*!40000 ALTER TABLE `likes_messages` DISABLE KEYS */;
INSERT INTO `likes_messages` VALUES (1,1,1,'2002-01-10 21:09:26'),(2,2,2,'1994-06-11 05:04:13'),(3,3,3,'1997-01-18 02:35:17'),(4,4,4,'2015-07-15 10:48:45'),(5,5,5,'1990-11-28 12:09:25'),(6,6,6,'1981-05-20 13:14:29'),(7,7,7,'1984-08-18 08:21:52'),(8,8,8,'1983-05-21 14:11:07'),(9,9,9,'2001-12-15 14:36:24'),(10,10,10,'1985-07-03 10:05:35'),(11,11,11,'1999-05-25 03:58:31'),(12,12,12,'2014-03-19 18:16:41'),(13,13,13,'1999-08-03 21:21:09'),(14,14,14,'1980-06-29 05:53:10'),(15,15,15,'2014-08-08 13:59:28'),(16,16,16,'1979-03-13 12:56:20'),(17,17,17,'2006-03-01 08:33:52'),(18,18,18,'1972-09-25 07:32:03'),(19,19,19,'2015-03-05 10:48:47'),(20,20,20,'1982-11-26 22:18:00'),(21,21,21,'1999-12-15 04:00:13'),(22,22,22,'1972-02-14 10:09:25'),(23,23,23,'1994-02-17 04:51:08'),(24,24,24,'2012-07-05 13:44:50'),(25,25,25,'2018-10-29 19:20:54'),(26,26,26,'2002-01-30 10:32:17'),(27,27,27,'2020-03-14 07:42:17'),(28,28,28,'2004-05-01 14:48:20'),(29,29,29,'1981-09-03 07:28:13'),(30,30,30,'1979-03-02 22:18:29'),(31,31,31,'1995-06-07 09:35:25'),(32,32,32,'1976-01-04 08:55:21'),(33,33,33,'2004-02-29 01:31:07'),(34,34,34,'2007-01-31 08:27:15'),(35,35,35,'1976-07-01 17:04:48'),(36,36,36,'2017-03-06 00:28:05'),(37,37,37,'1974-12-19 12:17:24'),(38,38,38,'1997-01-09 11:08:07'),(39,39,39,'2019-03-28 17:56:33'),(40,40,40,'1996-12-17 02:47:56'),(41,41,41,'2010-05-08 18:28:40'),(42,42,42,'2004-02-04 03:49:15'),(43,43,43,'1978-12-24 23:43:47'),(44,44,44,'1977-12-28 08:31:05'),(45,45,45,'2011-11-19 15:47:16'),(46,46,46,'1985-05-01 21:23:35'),(47,47,47,'1971-03-13 19:50:01'),(48,48,48,'1991-07-06 15:22:38'),(49,49,49,'1991-05-19 04:10:28'),(50,50,50,'1997-03-28 19:12:57'),(51,51,51,'2013-08-05 13:25:11'),(52,52,52,'2011-08-24 20:41:37'),(53,53,53,'1978-06-14 23:21:14'),(54,54,54,'2017-08-14 15:33:52'),(55,55,55,'2018-02-12 20:30:24'),(56,56,56,'1984-03-23 06:27:54'),(57,57,57,'2016-05-29 02:05:20'),(58,58,58,'1973-04-08 19:47:14'),(59,59,59,'2005-02-20 20:10:20'),(60,60,60,'2011-12-31 16:08:30'),(61,61,61,'2006-10-11 03:54:20'),(62,62,62,'1981-03-18 09:22:03'),(63,63,63,'1998-11-19 22:58:15'),(64,64,64,'2002-02-15 14:06:13'),(65,65,65,'1979-09-25 14:29:54'),(66,66,66,'2006-11-22 22:55:07'),(67,67,67,'1996-04-08 10:59:43'),(68,68,68,'1993-07-20 08:47:06'),(69,69,69,'1984-03-01 04:57:51'),(70,70,70,'1970-03-02 20:14:20'),(71,71,71,'1991-07-15 10:51:19'),(72,72,72,'2009-10-16 15:05:01'),(73,73,73,'2020-09-25 01:56:17'),(74,74,74,'1993-06-27 01:50:40'),(75,75,75,'2015-12-03 18:08:18'),(76,76,76,'2009-03-13 05:14:14'),(77,77,77,'2012-09-27 05:36:30'),(78,78,78,'1994-12-06 08:29:49'),(79,79,79,'1993-07-20 21:05:41'),(80,80,80,'1997-11-24 08:39:45'),(81,81,81,'2009-05-25 18:00:56'),(82,82,82,'2015-09-01 07:23:28'),(83,83,83,'1970-11-29 00:50:36'),(84,84,84,'1972-07-12 19:24:29'),(85,85,85,'1993-03-09 00:18:16'),(86,86,86,'2005-08-17 01:24:11'),(87,87,87,'2011-12-28 15:03:33'),(88,88,88,'1982-12-08 15:48:26'),(89,89,89,'2004-06-16 02:47:45'),(90,90,90,'1991-06-29 23:45:21'),(91,91,91,'2003-05-14 13:17:45'),(92,92,92,'2017-08-23 15:39:56'),(93,93,93,'2020-06-22 15:47:47'),(94,94,94,'2005-08-04 02:33:37'),(95,95,95,'2006-10-01 05:48:29'),(96,96,96,'2008-07-18 13:01:13'),(97,97,97,'1980-07-24 11:27:06'),(98,98,98,'2017-08-08 14:31:58'),(99,99,99,'2012-10-22 02:31:22'),(100,100,100,'1978-10-28 18:47:32');
/*!40000 ALTER TABLE `likes_messages` ENABLE KEYS */;
UNLOCK TABLES;

--
-- Table structure for table `likes_messages_communities`
--

DROP TABLE IF EXISTS `likes_messages_communities`;
/*!40101 SET @saved_cs_client     = @@character_set_client */;
/*!40101 SET character_set_client = utf8 */;
CREATE TABLE `likes_messages_communities` (
  `id` bigint(20) unsigned NOT NULL AUTO_INCREMENT,
  `user_id` bigint(20) unsigned NOT NULL,
  `messages_communities_id` bigint(20) unsigned NOT NULL,
  `created_at` datetime DEFAULT current_timestamp(),
  UNIQUE KEY `id` (`id`),
  KEY `user_id` (`user_id`),
  KEY `messages_communities_id` (`messages_communities_id`),
  CONSTRAINT `likes_messages_communities_ibfk_1` FOREIGN KEY (`user_id`) REFERENCES `users` (`id`),
  CONSTRAINT `likes_messages_communities_ibfk_2` FOREIGN KEY (`messages_communities_id`) REFERENCES `messages_communities` (`id`)
) ENGINE=InnoDB AUTO_INCREMENT=101 DEFAULT CHARSET=utf8mb4 COLLATE=utf8mb4_unicode_ci COMMENT='лайки сообщениям внутри сообщества';
/*!40101 SET character_set_client = @saved_cs_client */;

--
-- Dumping data for table `likes_messages_communities`
--

LOCK TABLES `likes_messages_communities` WRITE;
/*!40000 ALTER TABLE `likes_messages_communities` DISABLE KEYS */;
INSERT INTO `likes_messages_communities` VALUES (1,1,1,'1982-03-13 15:09:02'),(2,2,2,'2020-10-31 13:48:10'),(3,3,3,'1980-09-04 00:19:33'),(4,4,4,'1983-09-20 08:34:34'),(5,5,5,'1990-07-12 21:05:34'),(6,6,6,'2005-10-09 08:23:40'),(7,7,7,'1974-04-03 09:43:59'),(8,8,8,'1999-03-09 14:20:14'),(9,9,9,'1972-09-21 09:34:42'),(10,10,10,'2007-01-19 13:20:08'),(11,11,11,'1971-01-14 07:36:42'),(12,12,12,'1992-05-07 07:39:16'),(13,13,13,'2008-04-09 06:28:25'),(14,14,14,'1980-05-13 16:49:30'),(15,15,15,'1997-02-05 18:00:44'),(16,16,16,'1987-04-03 13:29:58'),(17,17,17,'1980-09-01 14:41:39'),(18,18,18,'2005-02-21 23:22:47'),(19,19,19,'1996-03-30 13:12:06'),(20,20,20,'1975-07-13 02:33:01'),(21,21,21,'1983-07-15 18:34:31'),(22,22,22,'1970-01-25 01:20:21'),(23,23,23,'1989-01-25 22:23:13'),(24,24,24,'2008-06-05 10:57:30'),(25,25,25,'2018-10-18 13:14:18'),(26,26,26,'1992-06-22 08:27:36'),(27,27,27,'1991-07-24 14:45:49'),(28,28,28,'2003-09-17 20:08:33'),(29,29,29,'1986-10-17 06:25:16'),(30,30,30,'2014-09-11 11:20:31'),(31,31,31,'1981-11-10 02:13:29'),(32,32,32,'1985-10-27 16:10:18'),(33,33,33,'2004-09-12 04:11:32'),(34,34,34,'2002-06-10 02:40:04'),(35,35,35,'2008-10-30 16:13:58'),(36,36,36,'1989-06-26 17:33:12'),(37,37,37,'2010-04-09 10:15:12'),(38,38,38,'1991-12-02 06:05:38'),(39,39,39,'1976-01-10 16:18:25'),(40,40,40,'1977-04-12 17:37:37'),(41,41,41,'2006-04-25 21:26:10'),(42,42,42,'1977-09-14 23:05:47'),(43,43,43,'2007-09-25 18:33:43'),(44,44,44,'1973-03-05 20:00:52'),(45,45,45,'2011-04-12 09:16:01'),(46,46,46,'2010-06-10 05:07:36'),(47,47,47,'2007-07-11 23:39:59'),(48,48,48,'2000-10-15 21:47:40'),(49,49,49,'1975-12-23 02:23:08'),(50,50,50,'1970-12-04 17:16:44'),(51,51,51,'2016-03-21 21:53:14'),(52,52,52,'1995-12-08 23:15:42'),(53,53,53,'2020-11-04 05:38:05'),(54,54,54,'1972-10-17 04:27:11'),(55,55,55,'2002-12-25 10:29:30'),(56,56,56,'1974-04-26 00:59:26'),(57,57,57,'2013-02-16 03:43:31'),(58,58,58,'1993-11-03 09:14:42'),(59,59,59,'2014-08-03 15:39:10'),(60,60,60,'1979-04-01 07:37:38'),(61,61,61,'1993-09-07 11:34:30'),(62,62,62,'2019-07-01 13:30:05'),(63,63,63,'1975-05-04 21:54:39'),(64,64,64,'1980-08-11 13:35:23'),(65,65,65,'2017-08-04 02:13:21'),(66,66,66,'1979-05-19 21:20:56'),(67,67,67,'2007-10-11 00:33:26'),(68,68,68,'2002-12-27 09:25:06'),(69,69,69,'1993-03-23 13:32:52'),(70,70,70,'2016-10-02 21:43:48'),(71,71,71,'1997-11-10 20:48:01'),(72,72,72,'1988-10-15 13:54:58'),(73,73,73,'2017-01-04 09:12:52'),(74,74,74,'1995-10-09 02:03:44'),(75,75,75,'1985-11-19 12:05:57'),(76,76,76,'1970-06-19 20:06:34'),(77,77,77,'1992-10-14 17:33:19'),(78,78,78,'1989-07-02 02:26:43'),(79,79,79,'2012-11-10 05:33:33'),(80,80,80,'1995-06-11 21:03:30'),(81,81,81,'2008-12-05 16:04:42'),(82,82,82,'1981-04-03 13:41:12'),(83,83,83,'1973-11-28 13:29:31'),(84,84,84,'1983-12-06 20:46:22'),(85,85,85,'2014-01-25 10:09:02'),(86,86,86,'2008-01-14 20:19:56'),(87,87,87,'2006-03-21 01:56:57'),(88,88,88,'1990-04-16 15:37:05'),(89,89,89,'1994-10-09 20:54:58'),(90,90,90,'2009-08-14 10:42:24'),(91,91,91,'2003-12-19 06:58:06'),(92,92,92,'1996-11-03 16:37:30'),(93,93,93,'1994-05-11 21:11:26'),(94,94,94,'2005-04-21 23:53:45'),(95,95,95,'2001-12-13 08:59:51'),(96,96,96,'1975-11-04 10:20:05'),(97,97,97,'1991-01-07 12:31:15'),(98,98,98,'1996-04-30 06:17:07'),(99,99,99,'1992-02-05 22:33:00'),(100,100,100,'2006-11-24 04:40:45');
/*!40000 ALTER TABLE `likes_messages_communities` ENABLE KEYS */;
UNLOCK TABLES;

--
-- Table structure for table `media`
--

DROP TABLE IF EXISTS `media`;
/*!40101 SET @saved_cs_client     = @@character_set_client */;
/*!40101 SET character_set_client = utf8 */;
CREATE TABLE `media` (
  `id` bigint(20) unsigned NOT NULL AUTO_INCREMENT,
  `media_type_id` bigint(20) unsigned NOT NULL,
  `user_id` bigint(20) unsigned NOT NULL,
  `body` text COLLATE utf8mb4_unicode_ci DEFAULT NULL,
  `filename` varchar(255) COLLATE utf8mb4_unicode_ci DEFAULT NULL,
  `size` int(11) DEFAULT NULL,
  `metadata` longtext CHARACTER SET utf8mb4 COLLATE utf8mb4_bin DEFAULT NULL CHECK (json_valid(`metadata`)),
  `created_at` datetime DEFAULT current_timestamp(),
  `updated_at` datetime DEFAULT NULL ON UPDATE current_timestamp(),
  UNIQUE KEY `id` (`id`),
  KEY `user_id` (`user_id`),
  KEY `media_type_id` (`media_type_id`),
  CONSTRAINT `media_ibfk_1` FOREIGN KEY (`user_id`) REFERENCES `users` (`id`),
  CONSTRAINT `media_ibfk_2` FOREIGN KEY (`media_type_id`) REFERENCES `media_types` (`id`)
) ENGINE=InnoDB AUTO_INCREMENT=101 DEFAULT CHARSET=utf8mb4 COLLATE=utf8mb4_unicode_ci;
/*!40101 SET character_set_client = @saved_cs_client */;

--
-- Dumping data for table `media`
--

LOCK TABLES `media` WRITE;
/*!40000 ALTER TABLE `media` DISABLE KEYS */;
INSERT INTO `media` VALUES (1,1,1,'Nam numquam consectetur perspiciatis quo quis ullam. Corrupti qui accusantium eligendi ratione ratione vel. Fugiat tempore est praesentium voluptas. Molestias quis quisquam et vitae ullam.','itaque',0,NULL,'2013-09-05 01:53:10','1985-07-09 02:04:59'),(2,2,2,'Iste sunt fuga soluta dolore asperiores. Ut vitae laboriosam fuga quod aut vero. Et sint sed cumque sit consequatur sunt. Unde maxime omnis nulla.','natus',55617473,NULL,'1970-10-07 04:54:22','1991-06-08 14:43:58'),(3,3,3,'Unde qui laborum sit. Cumque expedita ut explicabo adipisci. Voluptatem ut aut doloremque quos facere dicta commodi. Maiores aliquam sunt est aut.','dolor',0,NULL,'2009-06-11 04:50:41','1997-10-31 22:42:15'),(4,4,4,'Enim quia quos soluta eveniet sunt et necessitatibus. Quae nam sed sit. Est eius consequuntur molestiae maiores nostrum sed quaerat. Velit est commodi ullam.','nisi',24073080,NULL,'1974-09-21 23:55:34','1976-12-17 13:02:38'),(5,1,5,'Aut autem molestiae alias quasi pariatur. Consequatur enim itaque cum enim distinctio. In veniam placeat quis vel.','unde',8,NULL,'1982-09-19 05:09:02','2001-03-13 05:04:08'),(6,2,6,'Eos ex labore porro. Sit molestiae voluptas velit at aut ratione. Sit perferendis sed est rerum enim suscipit illum.','repellendus',50095439,NULL,'2014-04-01 17:21:21','1978-11-24 22:17:59'),(7,3,7,'Voluptas laborum nobis deserunt vel officia rerum aut illo. Tempore enim ut et temporibus cupiditate eveniet molestiae distinctio. Vel dolor sint repellat officiis deleniti eum.','architecto',3637,NULL,'2004-01-02 14:35:21','1977-06-26 21:29:10'),(8,4,8,'Ut enim deleniti laudantium. Dolor laboriosam eius possimus enim velit. Consequatur recusandae doloremque commodi velit sed ipsam. Id tempora repellendus sed porro quia earum veniam. Voluptatem magnam aut aut iure iste.','commodi',8251,NULL,'1973-07-30 07:45:08','1973-04-18 23:31:28'),(9,1,9,'Maiores iste repudiandae magnam aut. Qui et nisi sequi eum.','optio',875433,NULL,'2014-10-04 20:32:45','1980-07-22 11:41:35'),(10,2,10,'Aut amet asperiores odit quasi quos voluptas. Natus et qui vero non vero quaerat et. Et praesentium quaerat beatae necessitatibus omnis est. Dolores cumque necessitatibus totam. Omnis labore sed molestias accusantium excepturi.','quo',2,NULL,'1976-11-12 23:04:58','1975-11-09 22:41:09'),(11,3,11,'Corrupti ducimus debitis qui odit. Vero illo qui explicabo. Aut non deserunt repudiandae reiciendis laborum nam neque.','iure',7362466,NULL,'1983-05-09 01:31:43','2006-01-01 08:00:49'),(12,4,12,'Facere quis consequuntur quam libero ex. Sunt esse pariatur est cum ea. Eos harum ipsa autem repudiandae dolore aliquid nam amet. Unde voluptatem fugiat voluptas sunt quia occaecati qui reiciendis.','ab',45,NULL,'1972-09-09 21:27:19','2005-04-27 15:18:48'),(13,1,13,'Eius porro similique dicta sint repudiandae aperiam. Ut libero asperiores placeat quibusdam aut. Optio voluptatum suscipit velit inventore. Tempore eos odio a tempore consequatur.','dignissimos',8385,NULL,'2002-02-16 03:24:47','1998-08-07 20:58:31'),(14,2,14,'Quae ad earum nihil dolorem. Occaecati corporis numquam quia quae quos nostrum. Repellat nesciunt qui et dolorem.','et',40,NULL,'1980-04-10 03:04:16','1971-04-01 11:29:19'),(15,3,15,'Ut pariatur adipisci voluptas molestias a delectus voluptas. Quae eos unde dignissimos non. Quis ut et unde sapiente quia saepe et. Earum voluptatem enim cupiditate blanditiis explicabo et aut.','et',95,NULL,'1970-09-15 12:20:39','1997-07-14 23:58:44'),(16,4,16,'Ut non in cum enim ipsam. A ut deleniti dolor labore. Et tempora nulla excepturi aut. Adipisci quasi qui temporibus occaecati quo ut fuga accusamus.','nesciunt',766662,NULL,'1978-03-15 06:02:17','1990-08-06 21:22:39'),(17,1,17,'Quo rem qui qui nostrum et amet ad. Praesentium maxime veniam laborum. Sed quae quas praesentium voluptas ex voluptatem.','ipsam',6,NULL,'1983-05-22 15:27:54','2008-01-15 09:01:48'),(18,2,18,'Suscipit sit ducimus in qui eum occaecati exercitationem. Porro dolorem qui est praesentium cupiditate molestiae. Libero quas aut accusantium temporibus. Provident reprehenderit ducimus quidem.','corrupti',3347547,NULL,'1981-03-11 21:29:20','1981-12-28 07:16:25'),(19,3,19,'Aliquam et a vel blanditiis et. Aspernatur nam voluptas deleniti inventore. Reiciendis sed sit corrupti maxime.','in',11290,NULL,'2010-04-16 11:34:39','1970-06-05 00:37:46'),(20,4,20,'Nesciunt quos consequatur praesentium esse quas quia. Eaque aut modi sit suscipit. Quae est reiciendis voluptatem officia quia ratione id. Dignissimos earum odit consequatur cumque suscipit. Qui aut culpa rem.','voluptatem',0,NULL,'1974-10-24 11:45:14','1974-05-23 07:30:59'),(21,1,21,'Deserunt aperiam ad quisquam. Perspiciatis sunt qui consequatur dolor earum quasi eius est. Eius ut sint perspiciatis perspiciatis illo ea dolorem animi. At voluptatem recusandae error modi dolorum voluptatem aut.','ea',89273684,NULL,'1976-01-28 08:53:31','2000-03-23 20:31:35'),(22,2,22,'Labore aut nihil qui doloribus commodi eos. Magni aliquid nisi eaque minima. Omnis est odit rerum blanditiis harum aut qui.','ducimus',9230,NULL,'2010-03-12 09:37:14','1988-10-10 06:45:04'),(23,3,23,'Aut consequuntur odit cumque quia. Architecto dolor ea quaerat consequatur aperiam suscipit qui. Harum nobis deserunt esse nesciunt ducimus provident aliquid.','voluptatem',5263069,NULL,'2004-01-26 01:23:57','2007-10-26 04:36:11'),(24,4,24,'Vel corporis vero ut et sunt eaque sunt. Qui qui autem eos perspiciatis necessitatibus dolorem aut quo. Id eaque voluptatem nemo accusantium laborum dolorem.','ipsum',4791006,NULL,'2016-01-16 13:03:37','2004-02-10 06:00:40'),(25,1,25,'Voluptatem eum illo temporibus officia et soluta. Omnis blanditiis deserunt repudiandae id voluptates iste. Ipsum qui iusto at hic velit ab. Saepe aut aliquam est consectetur.','consequatur',3,NULL,'2011-08-25 20:19:35','2012-07-14 00:02:41'),(26,2,26,'Tenetur vero veniam dolorum ipsum. Quaerat dolor aut qui reiciendis. Omnis voluptatem maxime est corrupti eos quod sit. Sed velit tempore explicabo inventore qui voluptatibus.','eum',99104998,NULL,'1973-07-08 13:30:13','2018-12-03 14:32:14'),(27,3,27,'In saepe quis reiciendis in. Voluptate officia qui laborum repudiandae. Et odio facilis odit est voluptatem quo. Ut itaque atque ut.','perferendis',629733626,NULL,'1971-05-09 00:22:48','1998-01-10 20:58:43'),(28,4,28,'Vel reiciendis sequi sunt. Libero culpa minus perspiciatis tenetur amet et. Ut sed enim omnis impedit inventore nam. Delectus hic voluptas autem aperiam cum.','error',47177,NULL,'1977-01-18 20:37:37','2012-03-10 16:53:37'),(29,1,29,'Aut veniam et deleniti non officiis quia iure quia. Voluptatem aut vero molestiae esse asperiores voluptas sequi. Omnis est sapiente dicta rerum. Incidunt non ad beatae autem autem delectus.','ea',2697,NULL,'2020-06-16 19:49:00','1997-10-05 09:01:05'),(30,2,30,'Placeat quia voluptas quibusdam iusto deserunt id qui. Omnis ipsam ut non voluptatem nulla. Sit sequi repudiandae in sit vero distinctio vero. Ut aut aut ipsa voluptatem.','ut',770,NULL,'1999-05-23 21:11:57','2013-11-27 11:48:16'),(31,3,31,'Dolores voluptatum non et et nisi et quis facere. Voluptas sint et cupiditate iste. Consequatur eum voluptatibus delectus voluptatem et optio et. Quo quis voluptas iste enim est praesentium aspernatur fugit. Voluptatum omnis saepe beatae sapiente voluptatem esse iusto.','dolores',95807511,NULL,'2002-09-17 23:12:35','1975-04-14 11:04:47'),(32,4,32,'Odio ut et numquam earum debitis et. Eos magni corrupti iusto sit facere. Adipisci nemo quisquam necessitatibus libero consectetur qui possimus et.','quia',107806215,NULL,'1985-11-21 23:19:16','2009-04-24 09:05:46'),(33,1,33,'Optio sint recusandae veritatis quod ut hic dolorem. Amet possimus consequatur qui vero. Eveniet cumque nisi in vero omnis doloribus architecto. Quam id quia doloribus expedita dolores.','aliquid',215,NULL,'2016-06-09 19:43:30','1977-04-16 09:43:34'),(34,2,34,'Doloribus qui deserunt quod autem esse cupiditate. Reprehenderit atque ex excepturi. Assumenda non et quia eos.','quo',992634754,NULL,'2017-03-08 00:41:57','2000-04-15 05:51:10'),(35,3,35,'Ut ipsum assumenda quas veniam quis similique. Adipisci eum nemo inventore et qui omnis. Quia voluptate esse quidem ex labore. Eum id sapiente modi ut doloremque dolor inventore.','in',79,NULL,'1998-07-05 02:22:12','1998-03-14 10:21:08'),(36,4,36,'At dignissimos dolore cupiditate atque quia. Praesentium qui corrupti ipsa. Qui est non similique suscipit facilis illo. Architecto ratione est non eius.','explicabo',23855987,NULL,'1991-03-08 19:22:27','2019-05-17 08:29:56'),(37,1,37,'Rerum illo sed dicta exercitationem saepe. Quia sunt ratione odit velit doloribus cum. Dolorem rerum eum labore fugiat architecto nulla dolorem. Suscipit qui est illum dolor et.','et',501,NULL,'2003-07-23 10:24:06','1984-11-19 00:40:24'),(38,2,38,'Impedit voluptatibus velit placeat nam harum. Deleniti similique sint iusto voluptatibus voluptas. A hic eius non dolores accusamus rerum soluta. Recusandae ipsam velit ut occaecati eum tenetur repellat.','laborum',582842076,NULL,'2004-10-19 04:44:12','2000-05-16 09:03:55'),(39,3,39,'Blanditiis a eveniet veniam vitae harum porro. Ipsum corrupti consequatur molestias sit magni.','nemo',8032,NULL,'1970-09-09 03:12:17','1974-02-02 13:55:29'),(40,4,40,'Numquam occaecati dolor voluptas dolores suscipit sunt ab omnis. Incidunt iure et minus dolores et amet officia. Aut nihil non aperiam eius inventore laudantium. Illo debitis autem consectetur in aut nihil dolorum.','sequi',0,NULL,'2002-02-06 21:37:09','1982-08-10 17:16:54'),(41,1,41,'Ut voluptatem voluptatem porro deleniti quasi accusantium quos. Suscipit voluptas dolores ut tenetur qui enim in. Impedit doloremque sit culpa. Suscipit natus id qui sunt ratione.','quo',41507278,NULL,'2000-09-23 06:02:09','1982-07-24 02:51:04'),(42,2,42,'Hic voluptas eos amet et. Voluptates sit consequatur ratione facilis sit non omnis. Dolorem eos similique aut aut.','perferendis',2887618,NULL,'1993-10-22 12:01:57','1974-10-13 13:01:10'),(43,3,43,'Porro iusto qui placeat corrupti ex. Beatae ut cum est est delectus ducimus. Vero occaecati eveniet inventore qui.','vitae',60370,NULL,'1972-03-31 07:43:14','2000-05-31 09:21:22'),(44,4,44,'Ratione laudantium saepe sint quae sed eum. Rerum ut nesciunt eos rem. Quibusdam itaque est sunt illum iste est quasi.','ut',52268,NULL,'1990-04-08 09:39:38','1997-11-25 23:54:49'),(45,1,45,'Et eligendi hic maxime commodi aut. Doloribus consequatur provident quia dolores. Cumque alias laborum ut sunt. Nisi aut modi consequatur voluptates fugiat et.','repellendus',4946,NULL,'2012-07-23 10:11:41','2009-09-12 21:45:33'),(46,2,46,'Perspiciatis odit provident eveniet exercitationem consequuntur consequatur sit repudiandae. Quas vel suscipit repudiandae minus excepturi voluptatem nesciunt. Adipisci doloribus rerum est repellendus non et ex.','quibusdam',0,NULL,'1999-11-03 14:19:53','1973-08-26 02:29:08'),(47,3,47,'Dolores ut eius libero error reprehenderit quia. Error et officia consequatur in et laborum enim. Velit facere ipsum rerum illum officiis molestias soluta.','delectus',556192237,NULL,'1998-12-21 07:57:25','1994-05-29 05:24:20'),(48,4,48,'Et eos magnam porro quod omnis. Voluptas est voluptates sit repellat aperiam ab explicabo. Voluptatem quidem exercitationem sed ut fuga. Dolor similique enim beatae ipsum mollitia nobis.','placeat',881193,NULL,'1984-04-05 23:33:19','1987-05-02 18:04:57'),(49,1,49,'Exercitationem officiis blanditiis aspernatur illum odit qui dolorem rerum. Cupiditate velit non fugiat ut. Recusandae quibusdam id sit ipsa occaecati rem et officiis. Debitis ipsa maiores dolore perspiciatis omnis odio inventore.','nesciunt',939,NULL,'1994-01-25 05:09:37','2013-09-23 13:49:34'),(50,2,50,'Necessitatibus magni a omnis accusamus tenetur corrupti facilis. Sed asperiores soluta aut voluptatum expedita ut corporis. Dolores fugit qui itaque doloremque. Molestiae itaque qui aliquid iure sunt id.','tempore',715,NULL,'1988-03-10 15:49:26','1981-06-24 17:40:07'),(51,3,51,'Sed qui placeat cumque repellendus. A inventore voluptas rerum voluptatem iure. Aut qui aut pariatur nulla reiciendis. Dolorem voluptatum sit autem velit molestias et ex.','vitae',470,NULL,'1974-03-26 18:42:44','1983-11-15 01:56:10'),(52,4,52,'Provident sed voluptas ad eum ut sint. Voluptatem sed dicta est et et ipsa consectetur sit. Odit nesciunt ut accusantium atque et. Tempore ut vel cum et.','et',96816467,NULL,'1980-09-19 04:09:32','2006-05-26 22:24:11'),(53,1,53,'Nostrum alias quia vel quis. Quas distinctio aut illo pariatur nihil nobis. Qui ut repellat consectetur placeat quia accusamus et.','ut',0,NULL,'1988-01-07 00:36:53','1992-04-18 14:01:19'),(54,2,54,'Autem optio adipisci quia sit consequuntur et. Itaque autem illum magni id alias vitae ut. Et dolor et tenetur tempora repellat voluptatem aut dolore. Cumque ut accusantium quisquam maiores.','laudantium',834620411,NULL,'1982-07-27 05:59:58','1993-06-03 10:42:04'),(55,3,55,'Ut aliquam eius rerum eos aperiam voluptatum. Et suscipit assumenda ea dignissimos sint praesentium dolores. Saepe qui necessitatibus est vel quis quia. A accusamus earum sit et.','inventore',0,NULL,'2012-05-07 19:38:18','2013-07-21 05:45:32'),(56,4,56,'Saepe laborum quos est rem et ratione voluptatem. Voluptatem nihil omnis est accusantium. Nulla enim enim aut ut laboriosam provident necessitatibus porro.','facilis',11902835,NULL,'1985-12-15 05:59:04','2016-06-04 13:24:30'),(57,1,57,'Nemo omnis dolorem ut quia omnis. Nemo rerum qui qui et. Et ullam doloribus omnis sit similique consequatur saepe doloribus.','amet',17,NULL,'2019-06-09 22:24:26','1973-08-30 10:45:39'),(58,2,58,'Eos voluptatem voluptatem quibusdam dolorem odio in. Dolorem aut doloribus expedita nam fuga perspiciatis commodi. Quia quia dolorum nihil beatae vero. Aperiam tenetur eligendi ipsum blanditiis similique cupiditate unde. Minus suscipit similique tenetur fuga voluptas et qui.','eum',951285316,NULL,'2001-08-23 07:47:18','1973-02-23 12:08:48'),(59,3,59,'Consectetur sit non molestiae est qui nulla. Perferendis iure a quis ullam. Eius deserunt dolorum facere occaecati. Eum ut qui voluptas laborum est eveniet.','beatae',258,NULL,'2011-04-13 02:55:29','2019-03-24 14:08:57'),(60,4,60,'Hic quis provident cumque quae occaecati. Culpa adipisci eos facilis consectetur id consequatur sapiente blanditiis. Sint pariatur mollitia voluptatem eligendi a voluptatem ipsum.','nemo',1214695,NULL,'1974-11-08 23:16:40','1993-09-06 18:38:49'),(61,1,61,'Dolores ut et nam quam voluptatibus officia. Provident neque placeat optio aspernatur sit dolore. Sed blanditiis et consequuntur beatae.','reprehenderit',74443,NULL,'1973-05-05 19:39:25','2008-04-04 12:27:27'),(62,2,62,'Repellendus ullam unde culpa voluptatem consequatur. Non qui natus porro quam mollitia in. Qui nisi qui aut quam ex.','expedita',850477,NULL,'1973-12-31 20:22:58','2018-08-30 21:05:09'),(63,3,63,'Qui et et nihil quo. Quidem iusto qui dolorem esse exercitationem accusantium. Necessitatibus deleniti tempora quaerat officia. Qui quis dolores velit iste.','fuga',87051033,NULL,'1980-09-09 06:49:57','1978-05-05 22:44:57'),(64,4,64,'Magnam vitae consequuntur consequatur. Occaecati modi aspernatur laborum placeat. In vitae est numquam quibusdam corporis ea. Eos deleniti unde quas aut et ad sed.','praesentium',5857102,NULL,'2015-12-27 19:13:03','1994-05-03 05:43:06'),(65,1,65,'In modi id nemo ea totam quas voluptatem. Sed corrupti est natus sed non sunt est consequuntur. Qui atque voluptatem ullam veniam velit est.','et',40239359,NULL,'2011-12-30 17:15:07','1989-01-28 10:36:46'),(66,2,66,'Aut sunt placeat explicabo alias commodi maxime. Nihil rerum omnis impedit ipsa. Quia reprehenderit doloremque ut quae voluptatem necessitatibus.','sit',975,NULL,'1976-12-22 22:49:47','2007-04-11 06:32:09'),(67,3,67,'Aut ea est dignissimos facere dolorem doloribus qui. Omnis ipsam perferendis non rerum. Quod nostrum aut excepturi.','aliquid',6,NULL,'2017-06-29 14:58:57','1975-08-05 01:49:54'),(68,4,68,'Id sed provident nesciunt. Provident eaque consequatur accusamus voluptatem. Est aut architecto porro ullam ducimus consequatur numquam. Quaerat consequuntur totam pariatur ut ad aliquam sunt.','dicta',7840357,NULL,'1995-10-18 18:04:15','1982-04-02 11:21:23'),(69,1,69,'Ipsum sunt cupiditate eos quasi ea. Autem qui ab doloribus dolores assumenda totam est. Beatae tempora sunt nulla delectus at aut.','eum',772969959,NULL,'1979-10-29 15:14:44','1996-06-29 23:07:32'),(70,2,70,'Incidunt earum eligendi natus inventore. Dignissimos molestiae dolores nostrum error distinctio ut minus. Pariatur ut asperiores et dolor ut maxime debitis. Eos nulla fuga molestiae iste doloribus ut et. Consectetur possimus dignissimos autem quidem modi eligendi explicabo quibusdam.','laborum',91680167,NULL,'1985-07-20 02:13:38','1989-01-23 03:43:10'),(71,3,71,'Ut recusandae impedit nostrum molestiae. Nihil molestiae quaerat accusamus assumenda odio. Rerum molestias qui nesciunt explicabo.','ad',225061801,NULL,'2021-01-16 05:58:47','1979-10-12 19:38:23'),(72,4,72,'Veniam perferendis officia ratione sit quam. Accusamus illo veniam repellat ea ut. Corrupti incidunt molestiae aliquam voluptate ipsa ipsa.','vitae',6,NULL,'1975-03-02 02:35:18','1988-10-04 18:28:53'),(73,1,73,'Doloremque aut natus sed repudiandae incidunt aut nulla. Veritatis voluptatibus consequatur molestias hic totam magnam tenetur est. Consequatur sapiente consequuntur molestias. Neque ipsa voluptatem qui enim.','aut',60,NULL,'1980-07-04 00:47:44','2017-04-25 05:56:25'),(74,2,74,'Tempore nemo animi nihil aut earum est. Laborum in omnis non ut. Quia in ut magnam culpa. Sit debitis enim eligendi quia ea veritatis placeat totam. Repudiandae quos quia et doloribus tenetur excepturi aliquam.','quos',433906,NULL,'2012-06-04 15:55:20','1987-05-11 05:05:24'),(75,3,75,'Atque ratione rerum et. Quis facilis dolorem voluptatem sit tenetur corrupti. Molestias et illum consequatur unde. Sequi sint explicabo quia magni.','sequi',26,NULL,'2018-03-24 09:42:38','1988-08-19 23:58:59'),(76,4,76,'Ut quo aut ipsam velit in dolorem nobis. Aut laborum ullam quam sequi officia est illo.','vitae',70902,NULL,'2004-07-20 20:08:45','1974-12-20 04:23:18'),(77,1,77,'Dolore repudiandae voluptas quae et. Eius sit sit eius consequatur doloribus sint. Sint consequatur et magni necessitatibus dolorem eius. Velit ut ipsum distinctio soluta ut.','voluptatem',98763607,NULL,'1979-04-25 08:38:47','2015-12-09 00:21:06'),(78,2,78,'Expedita nesciunt dolores dolorum voluptatibus accusamus fuga ut. Recusandae dolorum et sed aut expedita. Qui quo debitis ad blanditiis et sit. Illo doloribus commodi qui ut totam.','aut',556736244,NULL,'2009-12-10 03:44:05','1975-06-03 07:13:54'),(79,3,79,'Id voluptates temporibus quo eveniet sit nihil et. Unde doloribus consequatur culpa nostrum quisquam aut et. Suscipit impedit explicabo quibusdam sunt repellendus.','iusto',15,NULL,'1995-04-19 18:00:20','1973-06-14 16:23:11'),(80,4,80,'Similique dolorum placeat id est et tempora qui facilis. Et ipsum quod aut autem. Et velit est soluta ut tempora provident maxime. Mollitia aut sint cupiditate aut eius et eos. Accusamus voluptate laborum sunt nobis et aliquam ullam.','aliquid',785484888,NULL,'1983-04-12 12:02:05','2010-06-12 10:06:11'),(81,1,81,'Earum eos porro nihil assumenda eos nam voluptatum saepe. Eos rerum enim quia animi. Modi inventore dolor totam quo.','sequi',48,NULL,'1988-05-19 03:11:43','1980-04-05 02:38:27'),(82,2,82,'Nisi consequatur beatae omnis dolorem et. Officia sunt est veritatis molestiae aut unde consequatur. Vero quas odit voluptatem sunt officiis eos. Consequuntur fuga officiis enim voluptatem veniam ad. Voluptate dolorem est earum.','assumenda',764749677,NULL,'2004-03-04 20:47:43','1974-05-13 20:47:11'),(83,3,83,'Mollitia deleniti ut magnam neque. Earum inventore sunt et sunt. Dolores ex voluptatem vel eius nulla possimus eos commodi.','aut',446,NULL,'2015-11-18 03:24:37','2016-07-05 08:31:05'),(84,4,84,'Aut incidunt possimus ipsum omnis. Aspernatur delectus vitae repellendus cum illo quo architecto. Unde cumque qui earum eveniet. Et rerum nihil quasi praesentium.','voluptas',3226,NULL,'1992-01-14 14:09:56','2009-07-29 22:45:53'),(85,1,85,'Ut voluptatem explicabo consequatur et. Omnis quaerat veniam eius dolor. Temporibus voluptatem placeat incidunt et voluptatem assumenda fugit. Temporibus ad ut nam reprehenderit soluta numquam velit.','magnam',4938,NULL,'2003-06-20 09:24:39','1971-02-17 01:03:01'),(86,2,86,'Inventore ipsum id aperiam eveniet ex maiores iste. Fugiat omnis neque quibusdam non explicabo qui facilis. Dolorem autem consequuntur repellat sint sunt velit minima quam. Sed qui iste corporis laborum.','et',5260399,NULL,'2000-07-12 19:29:06','1999-02-27 19:58:20'),(87,3,87,'Dolorem dolorem quae debitis voluptas. Distinctio molestiae nihil nobis nostrum rerum illum quis. Quisquam unde autem sed nihil necessitatibus ut incidunt.','ut',0,NULL,'1989-02-23 21:39:26','1984-11-17 05:54:46'),(88,4,88,'Consequuntur quas atque cumque assumenda rerum quam facilis. Veniam voluptate aut odit aut. Eos nam dolore velit at ut earum numquam. Est quam omnis saepe.','illum',975645090,NULL,'1994-12-04 18:03:31','2019-09-24 13:44:17'),(89,1,89,'Quia culpa tempore nesciunt aut sunt ut consequatur. Cumque omnis laboriosam et eaque omnis occaecati nihil placeat. Earum nostrum officia excepturi quia aut aut aliquam. Veniam sint velit aliquid velit.','corrupti',572181893,NULL,'1986-07-14 22:08:28','1979-09-20 07:13:07'),(90,2,90,'Illo id doloremque odit rerum consequatur. Et iure sequi animi distinctio.','esse',23407,NULL,'1996-10-09 13:55:24','1993-10-24 18:24:52'),(91,3,91,'Dicta delectus perspiciatis ut quasi autem iure. Est quo delectus saepe sed. Vero praesentium minima dolores esse. Aut aut laudantium ut perferendis et. Molestiae fugit qui aut hic.','veritatis',66255455,NULL,'2012-07-23 18:29:52','2015-03-14 17:08:07'),(92,4,92,'Voluptatem maxime maiores facere. Modi quia et ipsum aspernatur odio culpa. Esse est velit quia rerum et est.','et',904472,NULL,'2020-09-17 15:53:38','1996-06-14 13:07:03'),(93,1,93,'Porro aut et sapiente deserunt et. Adipisci excepturi animi enim animi. Perferendis nobis adipisci perferendis quaerat. Culpa dolorum ut dolores consequatur.','totam',1,NULL,'2007-10-18 08:42:53','2012-05-31 19:41:34'),(94,2,94,'Omnis qui ut quidem. Minus iusto aperiam molestias aut.','aspernatur',5974455,NULL,'1996-10-19 12:10:24','2000-12-29 22:27:22'),(95,3,95,'Architecto voluptatem voluptatem nihil excepturi maxime consequatur dolorem. Velit consequatur incidunt quisquam qui dolorum vel fugit saepe. Inventore sed qui error.','asperiores',21,NULL,'1982-10-03 03:52:12','2001-02-17 19:50:43'),(96,4,96,'Id et doloribus sequi sunt voluptatem. Quod voluptatem est quas necessitatibus vel tenetur. Itaque illo quae et quibusdam. A autem voluptas enim nulla.','magnam',0,NULL,'2005-11-09 23:01:18','2016-12-08 04:37:00'),(97,1,97,'Velit esse aut quas et molestias. Illum aliquid ipsa beatae autem nisi voluptatibus. Tempore debitis doloremque dicta qui.','veniam',0,NULL,'2013-05-17 14:08:57','2012-01-10 11:56:25'),(98,2,98,'Quibusdam non doloribus placeat ad at. Incidunt adipisci neque distinctio mollitia quia.','occaecati',6,NULL,'2009-09-20 12:44:42','1975-10-10 00:27:07'),(99,3,99,'Magnam odit voluptatem ab. Nam et quibusdam sit labore. Blanditiis perferendis molestiae nihil eveniet rerum voluptas voluptas. Consequatur qui aliquid temporibus quam aut praesentium.','iste',0,NULL,'2004-05-17 15:55:49','1982-12-13 06:13:21'),(100,4,100,'Voluptas itaque cumque ut deleniti velit consequuntur optio atque. Ullam sapiente dignissimos possimus est. Eum temporibus quia modi sit. Quos voluptate non eveniet delectus minus.','optio',86204937,NULL,'2002-04-06 11:54:44','2017-08-28 01:45:35');
/*!40000 ALTER TABLE `media` ENABLE KEYS */;
UNLOCK TABLES;

--
-- Table structure for table `media_types`
--

DROP TABLE IF EXISTS `media_types`;
/*!40101 SET @saved_cs_client     = @@character_set_client */;
/*!40101 SET character_set_client = utf8 */;
CREATE TABLE `media_types` (
  `id` bigint(20) unsigned NOT NULL AUTO_INCREMENT,
  `name` varchar(255) COLLATE utf8mb4_unicode_ci DEFAULT NULL,
  `created_at` datetime DEFAULT current_timestamp(),
  `updated_at` datetime DEFAULT NULL ON UPDATE current_timestamp(),
  UNIQUE KEY `id` (`id`)
) ENGINE=InnoDB AUTO_INCREMENT=5 DEFAULT CHARSET=utf8mb4 COLLATE=utf8mb4_unicode_ci;
/*!40101 SET character_set_client = @saved_cs_client */;

--
-- Dumping data for table `media_types`
--

LOCK TABLES `media_types` WRITE;
/*!40000 ALTER TABLE `media_types` DISABLE KEYS */;
INSERT INTO `media_types` VALUES (1,'laboriosam','1991-03-01 00:00:00','2002-04-02 00:00:00'),(2,'reiciendis','2015-09-14 00:00:00','2016-05-03 00:00:00'),(3,'quam','1994-09-29 00:00:00','2020-02-04 00:00:00'),(4,'sit','2010-05-09 00:00:00','2016-01-10 00:00:00');
/*!40000 ALTER TABLE `media_types` ENABLE KEYS */;
UNLOCK TABLES;

--
-- Table structure for table `messages`
--

DROP TABLE IF EXISTS `messages`;
/*!40101 SET @saved_cs_client     = @@character_set_client */;
/*!40101 SET character_set_client = utf8 */;
CREATE TABLE `messages` (
  `id` bigint(20) unsigned NOT NULL AUTO_INCREMENT,
  `from_user_id` bigint(20) unsigned NOT NULL,
  `to_user_id` bigint(20) unsigned NOT NULL,
  `body` text COLLATE utf8mb4_unicode_ci DEFAULT NULL,
  `created_at` datetime DEFAULT current_timestamp(),
  UNIQUE KEY `id` (`id`),
  KEY `from_user_id` (`from_user_id`),
  KEY `to_user_id` (`to_user_id`),
  CONSTRAINT `messages_ibfk_1` FOREIGN KEY (`from_user_id`) REFERENCES `users` (`id`),
  CONSTRAINT `messages_ibfk_2` FOREIGN KEY (`to_user_id`) REFERENCES `users` (`id`)
) ENGINE=InnoDB AUTO_INCREMENT=1001 DEFAULT CHARSET=utf8mb4 COLLATE=utf8mb4_unicode_ci;
/*!40101 SET character_set_client = @saved_cs_client */;

--
-- Dumping data for table `messages`
--

LOCK TABLES `messages` WRITE;
/*!40000 ALTER TABLE `messages` DISABLE KEYS */;
INSERT INTO `messages` VALUES (1,1,1,'Sit voluptatum tenetur laudantium non necessitatibus ipsum. Eaque commodi a ut labore explicabo. Est maxime velit deleniti porro nulla aut alias. Veritatis quia et veritatis.','1985-10-21 10:37:49'),(2,2,2,'Molestiae qui rerum odit officia dolores aperiam. Temporibus recusandae dolores repellat eaque est iure possimus.','2011-05-12 02:54:50'),(3,3,3,'Repudiandae et expedita nihil. Cupiditate ut dolores sequi consequatur. Commodi libero tempora vero vero quia. Praesentium odit quia laboriosam iure voluptatibus.','1991-06-28 07:53:06'),(4,4,4,'Qui hic eligendi ratione reprehenderit eum. Sit nihil dicta esse. Rerum dolores repudiandae distinctio. Eveniet aut beatae autem provident modi.','1991-08-13 10:09:45'),(5,5,5,'Aut dolores laboriosam nemo commodi ut sit provident. Temporibus ut debitis tempora rerum eaque tempora. Similique dicta aut culpa quia. Tenetur eum fuga autem reprehenderit aut.','2005-05-21 09:55:38'),(6,6,6,'Vitae assumenda perferendis voluptatem vel dignissimos. Quod qui quas error suscipit beatae. Expedita qui laudantium inventore delectus. In dolor cupiditate facere.','2020-07-19 04:33:39'),(7,7,7,'Eveniet quia est repellendus vero. Omnis unde qui enim ut qui assumenda. Eveniet dolores perspiciatis asperiores et rem.','1974-03-17 06:22:36'),(8,8,8,'Delectus iste sequi delectus laboriosam nemo error. Possimus temporibus porro quae voluptate aut. Dolorem inventore eum enim perferendis praesentium. Molestias ea quia sit ea. Voluptatem voluptates aspernatur ea.','2013-01-24 19:21:37'),(9,9,9,'Et voluptatem et reprehenderit aspernatur. Et sit aut veniam consequatur doloremque nemo sint. Ut magni quo dicta provident.','1992-02-22 08:55:38'),(10,10,10,'Quia nisi magni provident cum dolorem voluptate. Ut aut aspernatur reprehenderit quisquam unde. Excepturi ullam magnam voluptatum consequuntur quae minima.','2009-12-28 18:35:20'),(11,11,11,'Fuga optio consectetur aut nesciunt repellat ratione. Odio possimus vel et ab. Officia quia in sint molestiae officia.','1972-02-02 14:44:17'),(12,12,12,'Dolores et molestiae sed temporibus neque eveniet aut ipsa. Eum repellendus amet repudiandae omnis non. Quia culpa dolorum molestiae architecto incidunt.','2020-09-11 03:22:26'),(13,13,13,'Debitis autem consequatur quia quasi. Qui dolores odio aut in eius.','1981-11-29 02:36:23'),(14,14,14,'In veniam dolor blanditiis. Eos reprehenderit labore quis earum sequi rerum quasi dolor. Fugit molestias quia ipsam pariatur porro aspernatur.','1978-06-16 07:11:59'),(15,15,15,'Illo reiciendis sit sit voluptates dolorum consequatur. Numquam magni molestiae et. Minima quasi et inventore.','1984-09-10 16:58:20'),(16,16,16,'Sit velit iure velit at voluptatem qui iure. Distinctio assumenda corporis assumenda enim voluptate vel.','2018-09-21 16:54:11'),(17,17,17,'Impedit voluptas aperiam facilis quia et id. Temporibus vero eligendi asperiores qui officiis. Iure possimus hic rerum id. Voluptas voluptas quam est libero expedita.','2017-02-24 17:52:45'),(18,18,18,'Quo iste pariatur et nesciunt qui velit quibusdam. Id vel porro ea aperiam aut aut eos. Neque aliquam numquam porro unde autem.','1994-05-20 01:25:57'),(19,19,19,'Magnam vel nihil et iste labore molestias rerum. Explicabo harum praesentium minus consequuntur. Facere aliquam praesentium distinctio nemo mollitia maiores esse.','2017-04-06 21:34:12'),(20,20,20,'Quo repellat perferendis asperiores vitae et quis sed. Perspiciatis excepturi mollitia dolorem. Enim perspiciatis beatae officia nemo quas rerum.','1976-10-20 15:24:14'),(21,21,21,'Omnis aut aut mollitia labore. Quaerat quisquam repellendus veritatis aliquid non. Ut non reiciendis qui qui voluptas.','1980-10-07 12:43:41'),(22,22,22,'Excepturi quidem tenetur sed aperiam architecto non provident. Provident ut laborum dicta. Voluptas id omnis porro voluptatibus dignissimos ratione hic consequatur. Modi placeat commodi perferendis sed voluptatem dolore sit.','2006-04-15 20:24:02'),(23,23,23,'Quidem itaque quia repellat sint recusandae placeat error. Occaecati voluptatem dicta qui porro est. Nihil occaecati tempore ut minus magni eveniet est. Qui fugit laboriosam sit aperiam adipisci minima.','2007-02-27 19:19:48'),(24,24,24,'At beatae qui ut magnam nihil aspernatur voluptatem illum. Omnis autem dolorem ut cum.','2011-02-25 16:42:29'),(25,25,25,'Quasi excepturi fugiat explicabo accusantium doloremque voluptatem aliquid ex. Optio magnam eveniet vel illo soluta. Fuga omnis facilis laudantium laudantium quia. Aliquid est vero quia porro eum qui.','2008-09-01 07:53:09'),(26,26,26,'Sit ut et corrupti accusantium fuga doloremque. Quia et qui pariatur eveniet. In consequatur distinctio quam nihil.','2015-08-21 14:11:00'),(27,27,27,'Esse odit dolores assumenda ut cumque in. Sed repellendus excepturi sed animi optio labore quasi eum. Quisquam aspernatur tenetur alias eos. Architecto consequatur sit sequi corrupti et laudantium.','1998-08-20 17:28:22'),(28,28,28,'Optio in et saepe qui. Et quasi iusto alias dolor sint corrupti veritatis expedita. Dolore ab ut ea a alias est. Maiores deleniti maiores illum autem nisi ipsa architecto.','1998-01-09 06:44:20'),(29,29,29,'Ea sed sed laborum. Quia illo esse similique quia. Itaque deserunt eos rerum voluptatem laudantium eveniet in. Non iure maiores magni laudantium voluptatum suscipit.','1999-10-27 22:03:23'),(30,30,30,'Temporibus minima dolorum fuga dolorum quis. Tempore odit adipisci dolor explicabo cum sed voluptatem. Rerum nesciunt voluptatem consectetur doloremque quod nisi eveniet. Ut aliquid nulla quibusdam aspernatur ex quis harum dolores.','1987-11-09 15:52:51'),(31,31,31,'Aut blanditiis provident ab reprehenderit facere inventore. Vel non nobis ut ut qui enim. Eligendi autem accusamus dolorum voluptatem qui ut vitae. Ea quis et rerum quis voluptatem sunt dolores quam. Consequatur ea sed iste.','2009-02-06 14:02:06'),(32,32,32,'Et tempora reprehenderit ut. Qui sed autem occaecati repellendus nostrum a quam. Velit recusandae ipsum et inventore aspernatur labore dicta.','2015-07-28 19:20:26'),(33,33,33,'Qui fugiat sint sed alias beatae voluptatum magni delectus. Fugit vitae excepturi id voluptas assumenda. Numquam consectetur rerum veniam voluptates nesciunt praesentium soluta. Earum rerum qui consequatur placeat placeat autem cum.','2004-11-18 05:51:34'),(34,34,34,'Illo quo necessitatibus autem unde dicta. Nesciunt consectetur nulla itaque similique sapiente exercitationem. Veniam nam dolorem voluptatibus at ipsam aut iure rerum. Veritatis quo praesentium et expedita atque aut eum.','2000-08-17 01:08:17'),(35,35,35,'Praesentium ea maiores quis necessitatibus commodi. Temporibus dolor id autem nulla. Dolorem qui dolorem temporibus nisi. Nihil aut non totam consequatur eos aut. Fuga repellat est nihil voluptatem dolores magni fuga.','2002-10-17 10:38:58'),(36,36,36,'Voluptatem consequatur animi culpa aut distinctio id fugiat ex. Exercitationem dolores non recusandae perferendis quaerat qui ut. Et ea sunt ut. Reprehenderit eius id fugit minus eligendi aperiam cum.','1970-11-20 07:09:11'),(37,37,37,'Nobis facere autem et sunt nisi nobis sed. Mollitia a aperiam fugit libero dolorem. Quae unde aliquid error suscipit. Alias commodi commodi nisi.','1982-03-14 16:32:46'),(38,38,38,'Optio ea assumenda eaque laudantium et minima ipsum ut. Cupiditate distinctio cum consequatur libero rerum suscipit fugiat. Corrupti aperiam et doloribus deleniti quam aliquam.','1980-06-20 19:58:29'),(39,39,39,'Labore omnis reprehenderit autem et ut ipsum iusto. Consequatur aut voluptatem ipsum saepe et. Tenetur ut delectus pariatur voluptas rem tempora alias.','2014-07-16 10:35:57'),(40,40,40,'Omnis assumenda rerum cum quis voluptatem veritatis. Eum qui ipsam ipsa porro distinctio totam et. Saepe nihil est ut delectus.','2001-03-05 22:25:59'),(41,41,41,'Molestiae facilis quas eum sequi velit repellat. Tenetur placeat maiores sint eum sequi vel sit officiis. Sed tenetur rerum neque a repellendus hic laborum. Sapiente magnam praesentium accusamus accusamus natus.','1982-05-01 15:43:52'),(42,42,42,'Blanditiis eius id voluptas excepturi. Quisquam blanditiis illum et accusantium nostrum quidem. Quidem rerum corrupti error est ea consequatur et. Pariatur quis quis tempore ex omnis.','2009-12-17 07:48:45'),(43,43,43,'Corrupti perspiciatis est excepturi saepe. Quidem nulla quae nulla non voluptatem ut nobis. Quibusdam pariatur et est omnis. Sequi distinctio laudantium temporibus sapiente voluptatem.','2019-07-10 23:15:58'),(44,44,44,'Hic et blanditiis repellat voluptas. Nihil soluta explicabo rerum perferendis. Ad voluptatibus harum ab dolorem. Quam quibusdam sunt pariatur.','2019-09-20 08:38:36'),(45,45,45,'Nihil odit voluptates similique eum reiciendis quo. Accusantium ullam corporis neque. Autem occaecati dolor voluptas omnis ut voluptatibus. In provident consequuntur suscipit a enim voluptate. Et possimus quia eius omnis porro distinctio.','2000-07-06 09:25:30'),(46,46,46,'Est provident quo natus laudantium quisquam. Facere quas voluptatem est voluptatem qui culpa. Ea omnis et numquam laboriosam.','1971-06-22 08:34:25'),(47,47,47,'Aut inventore minima a. Est vel et consequatur. Incidunt minima vel ut illum dolor molestiae impedit. Animi sint quia cupiditate ipsa unde modi.','2018-05-28 13:31:48'),(48,48,48,'Qui assumenda perferendis consequatur voluptatem animi. Repudiandae est nesciunt qui et quo est. Quas aut sit tempore ut id quo nihil. Ducimus quibusdam esse a eos ut quia blanditiis.','1982-05-30 23:05:46'),(49,49,49,'Autem repellendus quidem non. Sunt quia laborum aut. Provident iste molestiae aperiam aut. Est reiciendis ad ea nesciunt rerum delectus nemo.','2000-07-20 12:39:47'),(50,50,50,'Quisquam suscipit voluptate voluptas amet est nisi officia ipsa. Saepe laudantium delectus accusamus omnis. Omnis voluptate qui inventore qui sapiente. Necessitatibus ab expedita sed neque ipsam.','1988-04-02 04:53:12'),(51,51,51,'Quam iste occaecati atque quasi. Et delectus temporibus ipsum. Sed non inventore officia sapiente.','2016-02-14 18:29:21'),(52,52,52,'Consequuntur est ut unde ullam modi repudiandae. Enim mollitia voluptatum suscipit unde vel. Dignissimos unde non sed omnis molestias deserunt optio. Porro facilis est atque fugiat aliquid est.','1972-06-16 11:24:30'),(53,53,53,'Laboriosam quidem iste minima natus consequatur labore libero. Sint quia et aut nostrum animi reiciendis quis. Cumque ea rerum iure nihil illo magni aperiam.','2008-12-06 16:44:04'),(54,54,54,'Sed eos architecto sint consequuntur eius sint sunt ab. Incidunt eveniet nisi ipsum consequatur placeat. Possimus culpa tempore laboriosam adipisci non doloremque non. Deleniti minus ut odit inventore quisquam.','2009-07-16 17:45:26'),(55,55,55,'Non itaque placeat et dolores cumque. Minima reprehenderit et dolorem quis. Repellendus unde magni nam.','2003-02-03 20:05:40'),(56,56,56,'Distinctio molestiae id pariatur minima vel qui. Pariatur porro pariatur eum voluptatum perferendis. Illum asperiores optio dicta sed mollitia cumque illum.','1982-06-20 02:01:29'),(57,57,57,'Dolor ab tempore amet occaecati labore. Iure et porro nesciunt amet. In maiores dolores possimus rem occaecati et. Nulla enim dicta fugit.','2011-08-10 20:49:57'),(58,58,58,'Molestias nesciunt inventore reiciendis quos eius laborum qui. Ea et et similique est eos. Sunt et cumque est molestias earum vero ut voluptate. Excepturi qui aut aspernatur numquam non quia exercitationem.','2012-04-26 12:08:19'),(59,59,59,'Ut at explicabo sed voluptas quia. Et asperiores libero facere. Quia odio omnis cum ducimus.','1973-10-09 05:19:49'),(60,60,60,'Adipisci sapiente ullam quibusdam et. Molestiae facilis et ea velit quia error harum.','1974-08-03 13:24:59'),(61,61,61,'Ex minima dolores eum expedita. Aut earum necessitatibus quaerat eum aut ut odit similique. Consequatur et et incidunt tempore nihil.','2008-06-02 05:56:40'),(62,62,62,'Et in molestiae voluptas minima. Placeat ut omnis repellendus in autem sit ut. Voluptas non est asperiores voluptas expedita. Quaerat facilis ducimus qui laboriosam cum harum. Placeat numquam ipsum accusamus eaque autem vitae rerum.','2014-10-01 13:26:44'),(63,63,63,'Sit veniam itaque debitis et nihil impedit. Distinctio doloremque nihil voluptates architecto. Ut quae quisquam ad voluptate. Fuga animi sint asperiores blanditiis vitae deleniti.','2015-01-15 17:14:17'),(64,64,64,'Beatae et consequatur vel est veritatis aut qui facilis. Esse quia at temporibus excepturi ipsam. Omnis consectetur quasi quaerat et esse nihil et.','2014-01-30 19:16:38'),(65,65,65,'Tempore dolore nostrum enim vel qui possimus. Dolorum harum dignissimos qui velit maxime. Consequatur aliquid modi nisi aperiam quis similique. Ipsam in et impedit repellendus voluptatem recusandae.','2003-02-18 18:56:46'),(66,66,66,'Quia adipisci rem quam dolorum rerum sunt accusantium vitae. Magni culpa tempora illum tempore. Quia aspernatur velit quaerat nulla aspernatur temporibus praesentium.','2005-06-02 02:46:10'),(67,67,67,'Qui qui et eius aut dolore. Sint eum ut harum unde. Sapiente fugit et doloremque eum ad laborum tenetur. Quia quasi officia voluptates nostrum et beatae enim.','1994-05-14 23:42:29'),(68,68,68,'Voluptas ducimus assumenda modi. Nesciunt quis et aut cupiditate odit in qui vero. Ipsa quia vitae et molestiae. Aut occaecati corrupti repellat voluptas ducimus natus officiis.','2007-10-24 10:53:03'),(69,69,69,'Rerum labore ipsam ut saepe. Voluptatem ratione non nemo voluptas modi dolor aliquam.','2019-02-03 14:49:07'),(70,70,70,'Libero et dolor porro iure recusandae. Facilis sit et dolor expedita voluptas exercitationem. Voluptatum cum officia esse.','2001-01-25 19:42:19'),(71,71,71,'Nihil rem libero qui ut rerum facilis nihil. Officiis eum id corporis quod distinctio ducimus quis. At explicabo provident tempore debitis. Mollitia distinctio nostrum modi praesentium odio magni quia. Quis reiciendis odit ut aperiam.','1984-03-30 14:02:04'),(72,72,72,'Recusandae consequatur accusantium saepe et. Labore nobis ab molestiae. Qui distinctio dolores ab odio veritatis voluptatem repellat.','1984-01-23 00:25:50'),(73,73,73,'Aliquam nihil esse ex assumenda corrupti iste. Cumque tenetur deleniti perspiciatis sint maiores.','1991-06-26 19:25:41'),(74,74,74,'Eligendi eos libero ipsa commodi. Maxime eum aspernatur aspernatur et quo aut. Non assumenda facilis maxime rem maxime. Quod consequatur qui commodi aut dicta aliquam.','2014-12-30 19:39:39'),(75,75,75,'Vel porro nobis ad qui quaerat dicta. Consectetur velit hic doloribus corrupti ducimus. Odio in ut voluptas perferendis doloribus consequuntur praesentium cum. Perspiciatis tempore ut nihil similique rerum quasi molestias.','1988-08-04 00:52:29'),(76,76,76,'Eligendi quibusdam vitae deleniti maiores non et. Est illum quaerat et. Et maiores ut tempore cumque quidem odio.','2014-06-06 09:59:59'),(77,77,77,'Adipisci voluptas omnis qui impedit reprehenderit. Consequuntur incidunt reprehenderit soluta accusamus ex. Et molestiae non expedita dolor voluptatem ea. Repellat laborum molestiae consequatur inventore nisi voluptate molestias.','2000-11-23 23:38:12'),(78,78,78,'Id illum officiis voluptas minima. Nam quia et rerum nihil. Error asperiores perspiciatis enim molestiae omnis quis quasi.','1978-12-11 21:57:51'),(79,79,79,'Id beatae labore deleniti ullam et accusantium neque. Sunt sunt earum ut qui. Officia ut est ea sed voluptatem. Dignissimos ut est facere vitae.','1980-05-27 20:05:49'),(80,80,80,'Voluptatem consequatur odio et est placeat aliquid omnis officiis. Magnam labore et iusto est. Ut nisi magni cupiditate vitae reprehenderit ipsa.','2010-08-03 11:31:55'),(81,81,81,'Blanditiis architecto labore qui nesciunt ipsum itaque iste. Itaque fuga dolor molestias consequuntur.','1989-12-24 07:35:42'),(82,82,82,'Exercitationem et voluptate qui. Minima voluptatem ea occaecati non. Rerum et aut exercitationem aut. Maiores ad ipsam praesentium et porro est.','1975-04-14 14:55:18'),(83,83,83,'Molestias unde et adipisci voluptatum nihil nihil. Et quia cumque officiis. Reiciendis reiciendis facilis magni tempore qui quo rerum.','1991-09-18 07:08:14'),(84,84,84,'Rerum veritatis velit voluptas. Sunt voluptas sunt sint alias alias aut. Laborum expedita et eligendi.','1974-06-15 17:03:18'),(85,85,85,'Temporibus unde et sed magni incidunt repudiandae nesciunt. Mollitia ad nesciunt similique et qui dolorem omnis omnis. Aliquid ea et qui hic quos quidem sunt.','1998-05-09 06:42:30'),(86,86,86,'Vel rerum vel illum architecto qui. Consequatur magnam soluta harum quia repudiandae. Necessitatibus nisi vitae mollitia molestias non enim sit.','1996-01-25 08:33:01'),(87,87,87,'Ut dolores et eveniet quaerat minima et. Aut rem ipsum quis consequuntur natus eaque delectus. Expedita nam autem debitis expedita minima. Doloribus voluptas rerum et id assumenda.','2007-06-15 08:23:29'),(88,88,88,'Quibusdam dignissimos sequi dicta ab voluptatem quia et nemo. Non accusamus amet rem ut. Consequatur ipsa dolorum vel totam qui. Enim tenetur numquam provident nobis veniam. Numquam similique quo facilis molestiae necessitatibus placeat et.','2019-01-20 02:52:17'),(89,89,89,'Ad quibusdam est soluta est. Natus vitae perferendis facilis velit omnis eveniet sunt. Eos vel facere deleniti atque debitis consequuntur est.','1976-08-02 12:59:12'),(90,90,90,'Nihil facilis quo aut enim non libero voluptate. Ut fugiat officia quisquam eaque perferendis ipsum temporibus. Est occaecati tempore est voluptas consequatur fugiat enim. Quis et quidem autem fugit.','1990-05-26 15:16:04'),(91,91,91,'Adipisci aspernatur hic sed architecto. Pariatur omnis perspiciatis corporis placeat laborum. At quo incidunt aut qui voluptas. Vitae dolor ab necessitatibus.','1987-03-05 02:33:19'),(92,92,92,'Voluptas omnis sunt in corrupti quisquam culpa. Dolore quae voluptatem rerum illo vitae aliquid animi eveniet. Ut officia adipisci ipsum exercitationem earum quo.','1998-03-13 04:59:46'),(93,93,93,'Commodi illum nobis autem quae quas ut sit. Rerum consectetur iusto aut quae quo enim. Voluptatem rerum sed nam rem consequuntur doloribus. Consequatur officia quos architecto hic voluptatem veritatis.','2006-09-19 09:19:06'),(94,94,94,'Quia qui recusandae voluptates delectus veniam libero assumenda provident. Voluptates fuga voluptatibus aut sed odit cum. Ipsam perferendis ut animi. Minima quia aut voluptas autem harum voluptatum.','1981-10-28 01:18:37'),(95,95,95,'Non illum perspiciatis mollitia. Perferendis accusantium est ducimus cum voluptatibus. Sint voluptas voluptatem animi voluptas quas et. Et minima nesciunt reprehenderit pariatur. Possimus et et saepe facere id a.','2009-01-17 23:59:55'),(96,96,96,'Reiciendis consequuntur sed vel repellendus impedit nesciunt aut. Tempora ut alias quidem. Ipsum et hic velit necessitatibus fugit.','1981-03-04 22:04:32'),(97,97,97,'Labore et aut atque exercitationem et voluptates neque. Et tempora qui sed labore. Sed consequatur ex qui magni.','1983-04-12 05:00:48'),(98,98,98,'Dolorum consequatur sequi et libero repellendus et. Voluptas sequi rerum laboriosam ea. Sit voluptatem natus neque. Quod voluptatem saepe suscipit praesentium voluptas velit voluptatibus.','1998-05-09 19:29:56'),(99,99,99,'Quod qui odit animi eaque. Minus inventore libero vero. Placeat earum voluptates vel qui aliquam. Dolor exercitationem non rerum quia nostrum assumenda.','1974-12-02 10:19:14'),(100,100,100,'Sit et dolorum corrupti velit illum et recusandae. Placeat quos in non est alias. Dolorum porro quasi expedita tempore quos.','2014-03-04 19:39:16'),(101,1,1,'Praesentium quia quia expedita praesentium beatae. Fuga nisi nihil aut quasi. Quas qui accusantium tempora ad ipsa quod nulla blanditiis. Dolores qui et sit incidunt.','1973-09-13 01:40:57'),(102,2,2,'Et sed ratione accusantium nihil. Qui pariatur et est culpa fugit. Accusantium id ex laborum est est labore.','2019-11-25 20:19:21'),(103,3,3,'Necessitatibus odio explicabo autem et quasi eum. Consectetur autem sed sint corrupti ipsa. Omnis aliquid rerum delectus repellat.','1991-11-08 09:14:46'),(104,4,4,'Facere ut eum dolorem quibusdam iusto eaque. Sed necessitatibus mollitia architecto voluptatem et qui enim ducimus. Et aperiam porro voluptatem praesentium quo.','2019-10-01 04:47:00'),(105,5,5,'Et ratione est fugiat ut qui vel eos. Ducimus ea quia blanditiis aut facere qui minima ut. Accusantium at quia facilis voluptatem sint.','1972-03-02 18:47:49'),(106,6,6,'Quia vitae sed illum at est sed. Maiores itaque doloribus et est voluptatem. Dicta laboriosam voluptatum qui ut.','1976-09-14 15:54:22'),(107,7,7,'Dolores eos quasi deleniti eius eos. Eos tempore aut voluptas deleniti facilis deserunt. Possimus voluptatem numquam nostrum necessitatibus et. Voluptas sint illo sit illum.','2001-06-15 19:20:24'),(108,8,8,'Culpa quas sapiente quia velit repellat aliquid. Corrupti animi nulla quae qui aut placeat. Quibusdam quis sit aut sed.','1975-05-18 13:26:21'),(109,9,9,'Quis quia illum aliquid repudiandae consequuntur ea aut. Occaecati aliquid et minus voluptas sit nobis. Et et molestiae voluptate aut.','2004-06-17 02:28:25'),(110,10,10,'Ea voluptatem saepe quas eligendi consequatur provident nihil. Quia ut sed repellendus quasi molestiae vitae asperiores. Deleniti corrupti repellendus tempore cumque asperiores autem qui perferendis.','2002-02-27 21:19:45'),(111,11,11,'Pariatur assumenda molestias et doloribus officiis consequatur voluptate. A nisi necessitatibus dolore delectus nemo sunt. Ea aut rem nihil autem ut commodi.','1994-02-20 04:47:30'),(112,12,12,'Labore dolorum nam quam vitae qui. Reprehenderit id et ut quae enim. Dicta excepturi est quo ad impedit porro. Reiciendis excepturi minus distinctio magni est.','1982-06-09 13:18:46'),(113,13,13,'Aperiam enim aspernatur velit voluptas quis similique rem. Atque molestiae et sequi dolore delectus explicabo quia. Sed dolorem sapiente provident. Suscipit rem eos iure dolorem quo sed.','1996-03-23 21:22:36'),(114,14,14,'Eveniet in aut et cumque asperiores omnis. Voluptatem animi ut minima. Voluptas cumque id doloremque natus dolorum enim inventore. Quisquam enim cum odit quis nostrum.','1977-06-07 09:12:43'),(115,15,15,'Minima temporibus et sed aperiam. Ducimus dolorem voluptatem eaque. Deleniti quo est rerum praesentium ipsam. Tempore qui ut totam voluptatem ut beatae esse. Aut libero dolorem quos voluptas.','1998-03-12 23:03:21'),(116,16,16,'Quo maxime sunt corrupti nobis. Porro vel culpa fugit veniam et totam cupiditate.','1995-07-17 14:16:17'),(117,17,17,'Dolore sint possimus non omnis nihil. Est doloremque iste sunt sint. Architecto maiores aut sed.','1979-10-05 20:49:53'),(118,18,18,'Laborum enim facilis inventore. Qui in dignissimos sed magnam. Perspiciatis voluptas quis architecto fuga. Veritatis voluptatem est omnis atque.','1977-07-20 05:33:37'),(119,19,19,'Explicabo accusamus et iste id qui sint ut dolores. Vel excepturi harum et aut et. Culpa quis recusandae sint animi. Tempora minus non quasi.','2013-12-06 09:43:08'),(120,20,20,'Eos laborum accusamus officiis sit quia commodi. In corrupti tenetur enim enim aperiam. Mollitia sint itaque nostrum quia ut dolore.','1970-03-15 20:48:58'),(121,21,21,'Facilis voluptatem consequatur fugit ducimus dolorem. Dicta aut quia molestias unde recusandae voluptatem quia. Repellendus est est nulla.','1971-02-12 00:15:47'),(122,22,22,'Aliquam natus repellendus et ipsa. Et nesciunt quaerat vel molestias blanditiis quidem. Natus rerum quia amet qui. Architecto rerum veniam sapiente consequuntur sit dolore dolorem beatae.','1976-12-18 16:01:01'),(123,23,23,'Omnis assumenda repellat in veniam veritatis. Similique beatae et repellat eos aut. Blanditiis est quae officia.','1992-09-03 00:50:50'),(124,24,24,'Nulla aspernatur sint corrupti sit voluptas. Quibusdam est voluptas reiciendis ab. Est perferendis rerum culpa fugiat blanditiis.','1993-06-07 06:28:10'),(125,25,25,'Ab officiis aperiam sit dolor. Voluptas suscipit doloribus explicabo enim deserunt aspernatur. Aliquid excepturi sint sint totam doloremque enim minus.','2001-02-15 03:20:58'),(126,26,26,'Voluptatem minima consequatur consequuntur voluptas dolores maxime dolore. Molestiae iusto libero error voluptas et. Voluptas omnis maiores non velit illo laborum.','1993-11-05 18:26:16'),(127,27,27,'Quia voluptatem ex sit consequatur corporis quibusdam pariatur. Corrupti at adipisci ut sint amet quia. Qui animi praesentium fuga expedita omnis sed. Quo nemo unde animi. Officiis ea accusantium autem nesciunt.','2005-09-11 08:43:54'),(128,28,28,'Blanditiis sapiente quia non dolorum quo sint. Aut nihil soluta odio laboriosam.','1972-09-13 12:23:23'),(129,29,29,'Qui et voluptatem culpa. Quae fuga similique voluptatem optio quis atque optio. Eius facere quibusdam repudiandae occaecati omnis sed atque.','1976-02-23 09:25:20'),(130,30,30,'Ipsum incidunt ea quaerat omnis. Porro perferendis vitae officiis sit quod autem similique libero. Quis velit et velit dolor aut iure aliquam aut. Ut est deserunt eos illum. Enim neque et ut quam.','1991-01-29 01:06:35'),(131,31,31,'Non totam reprehenderit aut ut vel saepe. Aperiam in aut nisi. Ipsa facilis sed id. Quae sit quis adipisci quod temporibus quo.','1992-08-03 20:30:24'),(132,32,32,'Laborum consequatur repellendus porro asperiores consequatur. Minus suscipit rerum odit.','1999-09-14 21:04:03'),(133,33,33,'Consequatur et et necessitatibus distinctio. Error dolorem soluta unde. Repellendus quia numquam magni.','1975-08-16 22:34:14'),(134,34,34,'Velit qui et voluptate voluptatem eos beatae. Laudantium vitae veniam ut placeat in blanditiis cumque. Mollitia veniam est ullam vero quae non dolorem.','2015-08-02 20:35:44'),(135,35,35,'Expedita quia aliquid dolorem omnis aspernatur porro qui quia. Quis omnis perferendis dolorem dignissimos autem reiciendis assumenda. Nihil assumenda ut adipisci modi magnam incidunt ut corrupti. Maxime reprehenderit praesentium et id et dolorum sequi. In eos laborum fugit quis illum est animi.','2001-12-30 16:25:09'),(136,36,36,'Facilis optio ratione in sunt. Sunt commodi ea nesciunt repudiandae sit. Eveniet magni et earum ut. Corrupti magni ea et nesciunt.','1989-05-09 18:50:13'),(137,37,37,'Quis iure ab cupiditate illo. Sed odio occaecati enim vero. Esse quam et quas ut et ipsum quia. Voluptas dolor sint pariatur.','2016-11-19 18:42:21'),(138,38,38,'Libero voluptatem suscipit qui sint architecto facilis. Vitae autem voluptas sit magnam id natus. Et mollitia non ab sit eum dicta nulla.','2013-12-28 21:28:33'),(139,39,39,'Ab in ducimus et qui explicabo nisi aspernatur dolorem. Sequi nesciunt aperiam alias soluta. Tempore nam dolores quas illo reiciendis. Neque natus sit non molestiae.','2003-02-01 18:05:25'),(140,40,40,'Alias quaerat blanditiis illo assumenda. Recusandae ut laborum quae officia et animi saepe mollitia. Nihil nulla veritatis recusandae eligendi.','2016-08-03 02:15:24'),(141,41,41,'Nostrum fuga est minima corporis occaecati. A sit numquam voluptatum doloremque aperiam cum delectus voluptatem. Possimus exercitationem non enim odio neque architecto a. Velit et praesentium aut quo ullam praesentium iure.','2006-02-03 13:33:43'),(142,42,42,'Ut quam sed nam ipsa laboriosam. Ipsam in fugiat voluptas ut. Incidunt vitae delectus repudiandae doloribus qui.','2008-04-29 22:53:59'),(143,43,43,'Inventore autem distinctio ut minima quo vitae dolores. Nihil enim et ut sunt porro voluptates ipsam aut.','1982-09-15 01:32:47'),(144,44,44,'Error est praesentium sapiente. Quas omnis consequatur laboriosam quaerat.','1989-09-01 17:08:49'),(145,45,45,'Qui ratione autem totam asperiores itaque. Nam ut qui nihil unde voluptatem reprehenderit voluptatem id. Dolorem repudiandae voluptas in aut possimus ex.','2015-08-19 23:04:51'),(146,46,46,'Qui ea deserunt a in tenetur veritatis doloremque. Ea voluptas quasi porro atque cupiditate labore. Sit quas quia molestias numquam harum enim voluptas aut. Recusandae atque dolores dolores occaecati.','1975-08-21 10:49:44'),(147,47,47,'Sapiente est consequatur molestias occaecati. Accusamus dignissimos fugiat ut repellat. Totam eius molestiae aut quae aut nesciunt.','2001-04-05 21:53:45'),(148,48,48,'Quia asperiores optio rerum dolores ipsam totam. Neque saepe aspernatur soluta quia asperiores consequatur. Amet et sint excepturi provident nesciunt nostrum dolor. Et corrupti et temporibus dolorum occaecati.','2020-10-19 07:09:50'),(149,49,49,'Earum ea dolores non fugit at inventore nobis quibusdam. Magnam hic numquam cumque nesciunt facere accusamus repellendus. Dignissimos qui libero et nostrum. Recusandae doloribus et beatae vitae architecto. Inventore possimus iusto occaecati quam.','1996-12-06 11:44:10'),(150,50,50,'Repellat sed sed voluptas aut pariatur sapiente architecto. Dolor dicta ad ducimus consectetur et delectus velit. Reprehenderit dolorum et voluptates et repudiandae.','1973-01-22 16:38:14'),(151,51,51,'Culpa neque porro autem sed. Id ut possimus quia expedita quia voluptatem numquam. Corrupti qui quis laudantium harum rerum aliquid. Id quaerat sed ut distinctio natus dolore qui.','2011-09-28 23:06:05'),(152,52,52,'Ut cumque eos aut. Et ipsa magnam eligendi nesciunt ea aut et sit.','1996-05-19 14:38:58'),(153,53,53,'Exercitationem natus dignissimos nihil dignissimos sit. Numquam et dolorem necessitatibus voluptatem esse corrupti officiis. Ducimus aperiam eos est repellat vitae.','2020-05-04 01:42:55'),(154,54,54,'Repudiandae vitae assumenda officia qui incidunt facilis. Debitis eum ut vel excepturi aut. Et error et cupiditate repellat voluptates beatae blanditiis. Id debitis voluptatibus et consequuntur.','1997-10-31 11:56:56'),(155,55,55,'Officiis consequatur nemo aliquid ducimus. Magni qui enim rerum illum.','1991-09-03 00:36:35'),(156,56,56,'Tenetur eligendi et rerum distinctio rem deleniti possimus. Aliquam voluptas illo ipsam nam aspernatur dolorem voluptatem. Quo voluptatibus molestias qui culpa sit quis. Accusamus perspiciatis nisi cupiditate.','1977-07-12 01:28:13'),(157,57,57,'Modi nostrum quos ut harum fugit autem tempore voluptate. Alias eum quo natus recusandae aliquam non illum. Illo magnam atque in ut et.','2012-05-21 20:18:36'),(158,58,58,'Dolor et eos earum et nisi voluptas. Deleniti qui asperiores quibusdam rerum.','2020-11-02 02:15:46'),(159,59,59,'Perferendis et ipsa neque et nostrum itaque eum. Illo placeat quam numquam quos quisquam rem. Dolore in eaque non fuga et optio.','1983-06-04 03:11:26'),(160,60,60,'Dolores et cumque assumenda architecto dolorem voluptatibus consequatur. Aut dignissimos facilis quia occaecati. Tenetur labore rerum quo magni eligendi quis voluptatem. Ut rerum dignissimos sunt nemo perferendis laborum.','1981-11-13 05:38:53'),(161,61,61,'In ut expedita et. Blanditiis ut dolor est repudiandae quidem illo veniam. Deleniti omnis ab et ratione voluptate provident.','1990-06-02 17:13:03'),(162,62,62,'Et ut laudantium earum corrupti optio ipsa. Doloribus repudiandae quo qui quam. Iure iste ex aperiam qui aliquam dolor alias. Eveniet enim impedit id quaerat.','1994-11-22 13:12:04'),(163,63,63,'Consequuntur ut libero doloremque modi. Doloribus quas numquam cum quis perspiciatis consectetur. Corrupti ut veritatis earum illum. Sunt dolorem sunt consequatur sed laboriosam nemo vero rerum.','1999-10-19 23:58:01'),(164,64,64,'Eveniet maiores qui autem repellendus aut rerum maxime. Earum doloribus cum et cum autem ab asperiores. Veniam nihil sed nisi possimus vitae dolor quam.','1978-10-06 21:09:13'),(165,65,65,'Provident minus amet exercitationem aut possimus voluptatem optio. Cupiditate reprehenderit consequatur nihil amet. Sed ipsum facilis numquam sint aut qui. Molestias accusantium reiciendis ab explicabo officiis est aut corporis.','1997-06-29 02:12:18'),(166,66,66,'Quibusdam ut qui esse omnis. Ad sint consequuntur similique ducimus.','1991-02-04 19:21:42'),(167,67,67,'Necessitatibus neque qui vitae ipsam esse qui. Pariatur consequuntur dolor sapiente aliquid voluptatem temporibus quia. Labore saepe repellat voluptas ea eveniet ea.','2006-09-27 12:09:31'),(168,68,68,'Quisquam est ea ducimus. Exercitationem ad laudantium minus doloremque ut sint. Aut dolores amet numquam facilis et sapiente. Fuga esse culpa quisquam rerum voluptas. Quam voluptate quasi libero quis omnis animi.','1984-01-16 18:52:53'),(169,69,69,'Aliquid dicta tempore est. Et veritatis voluptate quibusdam cumque. Dolorem fugit reprehenderit sunt consequatur ea excepturi ex nihil.','1992-06-25 08:44:31'),(170,70,70,'Beatae ut et nihil sapiente sed doloremque consectetur. Rem magnam est saepe dolor porro eveniet quidem. Ratione et iusto similique mollitia vel. Temporibus autem error et dolores.','1970-08-30 22:13:57'),(171,71,71,'Quo in debitis et eum. Laborum non dolorem aut harum est aperiam est minima. Et ipsam dolorem nulla similique suscipit quia. Repellat odit recusandae consequatur rerum nostrum ut. Saepe numquam voluptas et velit enim.','2013-09-28 09:52:03'),(172,72,72,'Quisquam saepe qui quia ex. Possimus perspiciatis voluptatum debitis nihil ducimus incidunt. Soluta qui eligendi magni dolores. Nostrum omnis temporibus beatae non consequatur quo velit. Quos magnam voluptatem omnis fuga.','1978-08-18 15:59:41'),(173,73,73,'Explicabo iste natus dolor pariatur quas non. Autem accusantium et aut laborum. Quo cum cumque nisi eum rerum laboriosam. Quidem iusto atque excepturi non laborum non et.','1980-01-15 03:03:14'),(174,74,74,'Qui eum ut reprehenderit delectus sunt. Voluptates nostrum laborum illum. Expedita adipisci voluptate blanditiis voluptatem. Laudantium aut eos voluptatibus a sed dolores. Qui quia tenetur laboriosam hic aut fuga.','1972-10-26 01:40:42'),(175,75,75,'Nam nihil consectetur quia velit neque. Voluptatibus libero cupiditate architecto perspiciatis pariatur qui qui. Aut laudantium error cupiditate.','2021-03-02 11:44:32'),(176,76,76,'Dignissimos a qui ut et expedita aut accusantium. Sed deleniti repellendus voluptates id. Sed dolore labore ullam incidunt.','1990-05-21 21:53:42'),(177,77,77,'Optio dignissimos velit ea voluptatem qui reprehenderit quos. Rerum recusandae iste eaque eos repudiandae autem aut. Et eaque et totam quisquam alias sint est.','1985-08-23 09:14:22'),(178,78,78,'Doloribus aut explicabo ut neque aut exercitationem. Voluptatibus sapiente beatae provident fugit rem.','2007-04-15 01:40:48'),(179,79,79,'Natus nisi repudiandae veritatis. Facere voluptatem non vel nihil nostrum nisi quas. Excepturi et possimus accusamus.','1972-07-14 04:07:33'),(180,80,80,'Voluptatem ducimus totam vero aut. Pariatur eum quae autem voluptatibus magni sint cum. Sit fugiat est aut pariatur eveniet.','1979-06-08 17:44:19'),(181,81,81,'Minus eligendi sunt ipsum. Consequatur velit est nobis dolor nihil. Unde veniam ratione dolorem accusamus. Omnis eligendi aliquid ut nihil amet.','1998-02-01 13:28:50'),(182,82,82,'Officia saepe nulla consequatur enim nulla qui et et. At velit aut sint voluptas est quis. Est est velit dolorem labore quia debitis. Beatae aliquid atque non et. Vero sit esse consequatur maiores voluptatem voluptas doloribus sed.','1999-06-14 03:52:31'),(183,83,83,'Vel amet non ea cupiditate voluptatem sapiente. Quos praesentium et unde molestias sit praesentium explicabo. Qui delectus consequuntur provident ipsum qui et. Veritatis aut ad ipsam doloremque eum laudantium excepturi.','1998-09-30 23:13:21'),(184,84,84,'Voluptatum quis dolorum et et ducimus. Non impedit quasi fugit numquam. Accusantium omnis qui ut ipsum voluptatem. Numquam nesciunt non omnis.','1996-05-17 06:33:32'),(185,85,85,'Cum soluta debitis nisi quo est quam et aut. Commodi sit similique molestiae eum. Maxime nesciunt aut possimus repellendus in et optio.','2011-08-07 10:52:48'),(186,86,86,'Magnam voluptas deleniti quas aut. Qui vero et provident dolores perspiciatis dolorum voluptatibus aliquam. Rerum sunt quasi quas provident soluta. Eos facilis deserunt quam est et perspiciatis.','2018-05-09 03:19:07'),(187,87,87,'Rerum non repudiandae est expedita. Ab officia ducimus veniam rerum occaecati sit sunt. Odio magnam esse quidem ut dicta rem omnis.','1997-10-16 13:30:15'),(188,88,88,'Voluptatum veniam illum adipisci nihil rerum. Atque sunt voluptatum quo expedita incidunt sed eligendi eos. Debitis est minima alias quod in maxime aut. Quasi magni quas perspiciatis sint eos provident officiis ipsam.','1983-12-11 09:46:18'),(189,89,89,'Et numquam voluptas doloribus sint debitis dicta sed. Omnis recusandae tempore in eveniet non. Amet qui id omnis asperiores voluptatem ut.','2009-01-02 01:13:19'),(190,90,90,'Et rerum omnis et nihil nihil. Vero fuga velit sed quod.','1999-01-17 04:29:49'),(191,91,91,'Neque molestiae nemo autem et doloremque est harum. Eum fuga est quo quae. Autem rem excepturi numquam repellendus dolor nobis molestiae. Distinctio ab debitis corrupti eos et velit.','1990-05-09 15:29:09'),(192,92,92,'In explicabo dolorem nobis excepturi dolore recusandae illum. Vero veniam consectetur soluta nihil. Non ab eligendi odit alias perferendis.','1977-01-14 19:26:41'),(193,93,93,'Consequatur eaque in non itaque nihil. Nihil nostrum sint quia reiciendis omnis. Molestiae quis optio dolor reiciendis. Quasi qui voluptatem totam itaque quos facilis sed.','1976-07-18 12:45:07'),(194,94,94,'Quia error voluptas cum eligendi aspernatur aut soluta. Laborum quos ut alias cupiditate nihil expedita.','1983-11-14 11:11:18'),(195,95,95,'Non et ratione explicabo repudiandae reiciendis minus magnam. Dolorem non quia eveniet nam. Sed iste laudantium enim accusamus exercitationem voluptates voluptas. Fugit doloremque vitae sunt qui voluptas qui illum aut.','2018-09-21 07:15:56'),(196,96,96,'Beatae excepturi impedit architecto dolor. Non perspiciatis sunt beatae id eveniet ea amet hic. Et ex consequatur voluptatum iure neque amet tempora.','1980-02-24 01:51:26'),(197,97,97,'Veritatis sed voluptate quas. Ea et perspiciatis eius corporis ipsam. At et est cumque vel neque est. Et adipisci aut magnam est.','2016-08-16 20:56:54'),(198,98,98,'Vitae iusto saepe qui est amet dolorum. Consectetur doloremque dignissimos commodi adipisci voluptatem asperiores quia. Aut autem nemo facilis totam enim. Tempore qui quo repellat quo corporis incidunt iure.','2000-12-27 04:17:24'),(199,99,99,'Ut nam blanditiis assumenda ut. Quidem pariatur incidunt quisquam recusandae provident et dolorem. Quaerat perspiciatis dolores assumenda deleniti sit tempore.','1989-09-13 12:58:47'),(200,100,100,'Error enim impedit voluptatem fugiat laboriosam nobis exercitationem. Ea quas earum ut tenetur quasi veritatis. Consequuntur et exercitationem incidunt blanditiis quaerat omnis optio dicta. Esse omnis nulla sit maxime.','1991-04-08 18:56:04'),(201,1,1,'Maiores excepturi perferendis delectus voluptas blanditiis incidunt distinctio. Dolorum dicta repudiandae doloribus et doloribus aut. Adipisci est et consequatur non quisquam impedit. Quaerat quos aspernatur non eveniet.','1979-08-11 02:04:27'),(202,2,2,'Eveniet in molestiae modi sapiente quo impedit et. Blanditiis natus beatae qui distinctio mollitia odio non veritatis. Nihil ut quos doloribus. Pariatur placeat harum voluptate quod. Aliquam qui laudantium nobis nihil.','2018-02-28 20:23:45'),(203,3,3,'Ut alias eveniet vel. Aut inventore aliquid consequatur non rem. Perspiciatis eos dolor omnis dolorem. Modi illum ipsa nihil in non id.','1973-05-10 11:09:59'),(204,4,4,'Corrupti sit dolores ipsum. Nam eaque nisi iusto architecto aut repudiandae qui. Totam repellendus deleniti minima consequatur illum. Dolores sequi hic harum quod. Odio reiciendis repudiandae aut non.','2011-08-31 18:37:02'),(205,5,5,'Adipisci rerum facere aperiam velit recusandae consequatur. Impedit laudantium nam est commodi voluptas enim dolore. Voluptas sunt in et dicta adipisci. Qui cupiditate qui magnam asperiores vel.','1991-06-02 00:32:14'),(206,6,6,'Consequatur vel nesciunt cumque temporibus quia architecto. Quos veritatis dolorum sed mollitia sunt. Doloremque similique eum in quas nulla maiores. Quaerat quia et temporibus quibusdam aut.','1970-01-10 19:14:43'),(207,7,7,'Non occaecati sint repellendus fuga saepe consectetur. Fuga eius aliquid necessitatibus quis nemo est veritatis nobis. Velit reprehenderit maiores odit autem enim aut.','2000-08-02 02:46:19'),(208,8,8,'Delectus qui nesciunt aut suscipit architecto nesciunt atque. Labore atque repellat beatae corporis quae molestiae ducimus. Laboriosam omnis aspernatur laborum consequatur.','1982-01-26 06:47:29'),(209,9,9,'Sint explicabo earum reiciendis autem molestiae. Corporis repellendus doloribus iste deserunt fuga delectus minus tempora. Consequatur ut ut rerum natus quis autem. A repudiandae eaque atque consequuntur.','2011-08-18 04:48:41'),(210,10,10,'Molestiae laboriosam at repellendus eos id. Aperiam blanditiis error error et voluptas dolores quibusdam. Corrupti repellat fugiat aut aut provident rerum dolor.','2015-02-17 20:02:30'),(211,11,11,'Nemo omnis ut at ut quo dolor delectus. Accusamus voluptatem qui consequatur et pariatur expedita et. Perspiciatis itaque consequatur consequatur dolore ipsam.','1989-01-05 19:49:44'),(212,12,12,'Aliquam ut provident exercitationem omnis vero ut. Repellendus labore qui reprehenderit sunt voluptatem et beatae. Debitis pariatur mollitia aspernatur tempore perspiciatis asperiores nemo.','1997-10-02 11:39:46'),(213,13,13,'A et enim aperiam dolorum ad. Iure dicta minima rerum et dicta magnam explicabo. Aliquid est non sed quia repellendus autem non pariatur.','1975-05-12 13:01:46'),(214,14,14,'Id veniam possimus adipisci inventore voluptatem. Et earum perspiciatis molestiae atque reiciendis. Porro omnis repellendus voluptatem dolorem ea.','2008-10-09 01:27:16'),(215,15,15,'Exercitationem dicta omnis perferendis recusandae. Libero vel vitae nisi suscipit dolor. Est dolorem sed earum libero.','2007-01-20 12:39:27'),(216,16,16,'Omnis et numquam possimus consequatur delectus rerum. Sed accusamus iure eos ad quo quia. Asperiores modi architecto sit.','1996-01-11 15:45:09'),(217,17,17,'Ratione nihil iste saepe facilis voluptatem eum. Dolor facilis aperiam exercitationem temporibus ex ut nihil. Distinctio natus dolorem consequuntur suscipit ex blanditiis.','1983-12-06 22:46:31'),(218,18,18,'Quibusdam recusandae laborum quia quam corrupti incidunt vitae aut. Maiores libero recusandae delectus harum. Voluptatem eos quia neque praesentium ut qui. Nobis quia in quo eum cumque voluptatem sed et.','2014-11-11 05:45:34'),(219,19,19,'Quibusdam consequatur omnis cumque debitis sint ipsa. Et illo reprehenderit qui.','1976-07-30 18:18:55'),(220,20,20,'Beatae atque ad voluptatem dolor et. Rerum ut sed et consectetur rerum officiis debitis. Veniam qui expedita eaque dolor.','2001-10-02 01:52:21'),(221,21,21,'Et sit repellat qui qui et aut dolor laboriosam. Ut placeat vel vel officiis consequuntur. Dicta consequatur illo fugit eveniet esse delectus sit.','2016-05-05 06:15:01'),(222,22,22,'Aliquam quisquam sit sint amet sint rerum. Ab nisi molestias impedit aut officiis. Deserunt nobis quos maiores.','2006-01-21 10:43:18'),(223,23,23,'Et occaecati sapiente aspernatur ipsa. Quod dolores voluptatem vel quae. Molestias labore inventore cupiditate odio sit perferendis blanditiis.','1972-03-05 06:46:31'),(224,24,24,'Maiores nihil consequuntur quibusdam. Aut officia ducimus nesciunt ea libero in magni. Fuga et odit et ut.','1987-11-20 22:46:55'),(225,25,25,'Eum quod iste velit et nobis. Dolorem quo omnis molestiae qui ullam et soluta. Voluptatem unde sunt atque quaerat et expedita.','1986-08-07 15:14:19'),(226,26,26,'Quis hic quibusdam voluptatem cupiditate. In odit sit omnis perspiciatis. Consectetur veniam dolore architecto et explicabo voluptates ut et.','2008-11-17 16:05:36'),(227,27,27,'Hic qui animi vel earum nulla vel et. Neque qui sapiente repellat. Reprehenderit quo officiis aut accusamus et maiores et.','2020-10-27 12:19:33'),(228,28,28,'Porro sapiente nobis omnis fugit voluptate iste quis. Perspiciatis porro placeat cupiditate ut hic. Est molestiae cumque ut delectus eaque magni. Voluptates magnam rerum ipsum eveniet voluptatem quibusdam.','1981-10-19 16:29:50'),(229,29,29,'Et aut quia eaque corrupti et. Eos et et illo ea quibusdam.','1976-11-29 10:48:56'),(230,30,30,'Iure sint ut ut et expedita. Aliquam dolorem ex aut sequi. Optio quam cupiditate suscipit. Consequatur non in impedit nihil est nesciunt necessitatibus dolorum.','1995-09-05 22:14:24'),(231,31,31,'Recusandae quo architecto et architecto. Officiis mollitia repellendus suscipit numquam omnis. Maiores doloribus omnis beatae distinctio voluptatum sequi repudiandae.','2012-07-16 01:30:25'),(232,32,32,'Praesentium quibusdam accusamus aliquam quasi dolorem. Velit expedita facere tempora molestias temporibus sit. Est mollitia atque labore praesentium. Repudiandae quibusdam dicta exercitationem ipsa. Ipsum ipsum minus aut non eum similique.','1996-06-14 20:34:41'),(233,33,33,'Quas in ut eligendi eos est ut. Voluptatibus perferendis quam qui et non corrupti rem nihil. Provident qui quas eligendi architecto vel rerum eum.','2000-03-03 05:25:19'),(234,34,34,'Et dolorem quo nobis nemo. Suscipit blanditiis in qui ipsa sint velit.','1990-10-28 08:28:38'),(235,35,35,'Quo consequatur provident nostrum aut et ad. Ut fuga reprehenderit expedita similique enim enim. Eum sed voluptate mollitia ut officiis. Rerum quam ea qui possimus consequatur hic.','2011-09-02 01:52:10'),(236,36,36,'Cupiditate et tenetur magni dolore doloribus fuga. Molestiae asperiores voluptatibus hic repellendus eveniet quia. Harum corporis odio rerum repellendus qui. Pariatur natus sequi alias nostrum expedita corporis.','1998-03-28 20:48:50'),(237,37,37,'Ipsam perferendis voluptatem unde alias tenetur voluptates unde. Fugiat provident similique eos. Sunt nesciunt repellendus molestiae et voluptas et. Ea mollitia recusandae voluptas dolor eos.','2001-10-18 02:43:25'),(238,38,38,'Ut ut cum quas et nam in. Eos saepe aut est odit sit provident.','1988-07-07 00:34:31'),(239,39,39,'Quas dolorem rerum rerum dolorem temporibus non. Nam voluptatem unde facilis quod. Delectus voluptas doloremque et libero saepe in.','1973-07-06 05:01:02'),(240,40,40,'Corrupti et harum ducimus aliquam. Accusantium quod dolore temporibus unde. Autem ut aut doloribus omnis. Est praesentium autem est eum aut molestiae. Omnis est at esse reprehenderit architecto eum.','1999-07-18 22:14:08'),(241,41,41,'Atque perspiciatis corrupti consequatur doloremque reiciendis. Modi maiores explicabo dolore et qui. Voluptatibus magni vel sed consequatur fuga hic et dolor. Eum voluptates ab ut et vel.','1983-12-22 10:30:28'),(242,42,42,'Unde ratione pariatur nemo quas non dolorem deleniti. Et et provident dolore. Porro qui voluptatum in et dolor aut. Dignissimos accusantium quia id vero voluptate quasi. Quam qui recusandae sapiente molestiae et.','2012-03-03 06:18:30'),(243,43,43,'Et sint harum omnis eos totam. Dignissimos natus vel voluptas consequatur aut. Fuga omnis quia ut qui ut. Voluptas quis quia omnis nihil ab ut.','1983-11-07 15:02:08'),(244,44,44,'Assumenda error dolores sed perferendis totam. Praesentium autem est temporibus voluptatibus aut nesciunt. Aperiam omnis optio itaque esse sit. Sint quod nemo reprehenderit fuga.','1987-07-03 08:34:03'),(245,45,45,'Quam et iste quia autem non dolor maiores ut. Quo dolore voluptatem neque. Qui placeat exercitationem nesciunt.','2016-01-15 20:48:21'),(246,46,46,'Repellendus in animi repellendus. Neque et enim nihil natus. Voluptatem quis perferendis ea iure.','1978-04-24 06:56:51'),(247,47,47,'Maxime veniam quis et vel. Eum tenetur fugit incidunt voluptas ea et illum. Vel a deleniti rem ea optio aut quia. Optio recusandae quidem omnis rem qui ut recusandae. Sed dolorem ut sint optio explicabo placeat itaque aperiam.','1972-01-12 08:59:49'),(248,48,48,'Doloribus aut quo ratione consequuntur. Sint aspernatur nam excepturi corporis voluptatibus expedita veritatis. Deleniti sint quia aut magnam perferendis et voluptas est.','2016-05-23 01:21:24'),(249,49,49,'Et temporibus blanditiis sint temporibus enim. Minima aut rerum et sunt ipsum sit pariatur. Quia nihil aut aut natus dolorem molestias. Deleniti non est eos consequatur.','2005-04-12 20:33:55'),(250,50,50,'Et in expedita quo optio facere. Error qui sit et dolorem repellat officiis. Rerum recusandae harum qui natus omnis unde. Qui necessitatibus velit beatae et.','1970-10-08 15:56:41'),(251,51,51,'Architecto nam eaque ullam molestiae aut quis. Voluptas eum consequatur odit magni recusandae. Repellat temporibus quia dolorem ducimus aut. Assumenda sapiente aut ab autem enim.','2014-06-19 20:19:38'),(252,52,52,'Hic quibusdam sed est. Repellat sunt dolore reprehenderit non suscipit possimus assumenda. Sit perferendis rerum excepturi maiores voluptatem. Libero provident a vero qui.','1973-12-16 21:12:39'),(253,53,53,'Sit laboriosam corporis possimus dolorem sunt facilis. Autem dolor incidunt repudiandae vitae. Nesciunt ut et ducimus sed dolorem. Unde temporibus temporibus et rem et ut doloribus possimus.','1983-04-06 06:05:00'),(254,54,54,'Similique cupiditate tempore consequatur aut ut voluptate. Qui et molestiae eius aliquid beatae laboriosam eum. Et omnis quos enim optio quo a voluptatibus. Quam voluptas voluptas iusto in molestiae iusto. Earum rerum recusandae aut in quisquam voluptatem qui.','1998-05-28 17:43:33'),(255,55,55,'Doloremque sit ut delectus et sed omnis. Fuga repudiandae ab impedit sint occaecati doloremque. Tempore quas similique aut quae quaerat et. Aspernatur aspernatur aliquid aut et omnis tempore.','1993-09-02 09:28:42'),(256,56,56,'Assumenda sed ut ducimus rem. Omnis molestias sed sint laborum a. Ut consequatur ea quam ea.','1977-07-06 01:43:21'),(257,57,57,'At architecto incidunt rerum commodi voluptatem et. Quae asperiores velit velit aliquid quia adipisci inventore. Aliquam ipsum ut sunt fugiat.','2015-04-12 17:05:07'),(258,58,58,'Officiis esse ad labore quia distinctio ad facilis. Amet alias deleniti voluptatem iste praesentium. Qui id nulla vel dolores mollitia adipisci eum saepe. Culpa voluptas voluptas doloribus soluta odio ea officiis quo.','2019-07-14 01:22:45'),(259,59,59,'Alias perspiciatis blanditiis sunt dicta. Aliquid vel illo fugiat autem eum porro. Molestias odio atque laudantium laudantium animi quis ut.','1999-01-29 23:57:33'),(260,60,60,'Dolorem velit nesciunt a aperiam eos. Aut esse dolores eum. Perferendis ab voluptates vero voluptatem provident non. Ipsa eligendi tempore molestiae sit. Accusantium ea culpa et illo et eligendi.','1992-06-01 12:04:11'),(261,61,61,'Rerum omnis accusantium distinctio suscipit magnam. Enim molestiae ab eveniet alias aut.','2008-12-21 03:39:22'),(262,62,62,'Maxime ea occaecati aut. Sint perspiciatis tempore eum eveniet. Architecto molestiae est quasi quas. Similique ducimus veniam amet aut qui maiores.','1992-06-03 09:06:10'),(263,63,63,'Odit quaerat reiciendis eum maiores consequuntur. Cumque illum distinctio repellendus quae temporibus corrupti tenetur incidunt. Excepturi ut voluptatum tempora quod atque.','1991-10-20 09:45:27'),(264,64,64,'Voluptatem rerum maiores dolorem repellendus. Totam consequatur officia unde doloribus ducimus et quisquam. Labore beatae suscipit voluptatibus blanditiis nihil cupiditate. Similique nisi consequatur perspiciatis et numquam.','1988-06-08 02:17:00'),(265,65,65,'Illo dolorem quis quia itaque neque et libero soluta. Harum voluptatem soluta officia neque minus voluptate et. Eveniet neque velit perferendis voluptatum fuga illo rerum quos. Explicabo et a beatae esse voluptatem alias.','2006-12-18 17:02:24'),(266,66,66,'Tempore est nobis quia eligendi vel veritatis. Aut saepe tempore sint dolor.','2014-08-07 05:58:11'),(267,67,67,'Veniam non aperiam suscipit deleniti quis harum id. Voluptatem saepe quod quae odit dolor praesentium. Porro omnis magnam consequatur et dolorem suscipit. Atque sunt labore aut delectus.','2005-10-21 04:53:15'),(268,68,68,'Exercitationem nisi illo qui assumenda sapiente repellat sed. Aut consectetur consequuntur tempora illo molestiae esse. Dolore aut officia suscipit. Iste possimus magni ipsam amet est.','2005-11-10 20:13:42'),(269,69,69,'Non alias inventore quod et ea reprehenderit. Ut dolore in sit velit ratione. Saepe quo ducimus omnis.','2016-03-01 00:27:34'),(270,70,70,'Temporibus aliquam et nobis placeat voluptas dolorem eum dolorem. Nihil nesciunt et rerum illum qui. Est accusantium deserunt accusamus aut minima. Aut natus id eaque.','1987-07-09 00:25:31'),(271,71,71,'Repellendus assumenda quia ut quidem suscipit porro quo. Excepturi nostrum quam occaecati et non.','1992-10-19 04:20:33'),(272,72,72,'Esse sit soluta corrupti deleniti et eos. Repudiandae quod consequatur deserunt nostrum quae autem ut. Id porro qui id cupiditate earum praesentium. Eos laborum qui reiciendis libero fuga quod. Doloremque error quis rerum ea sit.','2012-11-08 02:27:19'),(273,73,73,'Est dignissimos harum sed quis vero iste. Enim veritatis maxime dolorem non dolorum corporis sit. Mollitia quis maiores fuga reiciendis est eligendi.','1973-07-14 04:27:19'),(274,74,74,'Enim id iusto repellendus aliquam quae. Deleniti maiores quam nam ut voluptas soluta adipisci. Quis quidem est qui sit dignissimos eum reprehenderit corporis. Beatae eos asperiores voluptas provident aspernatur sunt amet placeat.','1994-10-22 08:45:28'),(275,75,75,'Quod ducimus iusto maiores sapiente voluptatem. Beatae repellendus officiis et aspernatur. Consequatur in natus quaerat et deleniti id harum. Reiciendis quam ab voluptatem rerum voluptate quo at molestiae.','1972-11-14 12:54:09'),(276,76,76,'Velit consequatur autem consequatur quia ducimus iure. Consequuntur earum sed quam. Quae expedita doloribus laudantium. Sed quisquam in placeat.','1978-11-25 19:48:36'),(277,77,77,'Architecto accusamus dicta rerum totam non debitis maxime. Sapiente animi similique qui similique voluptas dolore. Ut facilis nam consequuntur minima voluptatem. Molestias aspernatur at voluptas temporibus vel et iste.','2010-09-20 23:37:27'),(278,78,78,'Enim unde sint ut doloremque incidunt amet. Dolores dicta et culpa ea. Est eum nihil voluptatibus voluptas et.','1972-03-17 06:21:12'),(279,79,79,'Sed mollitia maxime ducimus veniam alias velit rem. Et ut recusandae ipsa.','2021-03-19 23:44:17'),(280,80,80,'Voluptatem laborum est facilis culpa rerum eaque. Doloribus est et tempora est accusantium. Architecto voluptas veritatis ad velit dolorum quam. Distinctio laudantium quidem et aut doloribus enim.','2015-10-02 22:53:30'),(281,81,81,'Earum necessitatibus recusandae enim dolor. Debitis dolores voluptas officia sint. Quisquam voluptatem aut architecto rerum consectetur aut. Et voluptatem amet optio cum dicta aspernatur.','1985-05-10 16:33:21'),(282,82,82,'Quia aspernatur id consequatur ut. Ut praesentium aut dignissimos occaecati porro. Ducimus est reprehenderit est ut nihil aut id. Sed et minima voluptate non eius non.','1994-08-21 01:22:12'),(283,83,83,'Qui quia dignissimos blanditiis. Accusamus doloremque maxime id.','1986-09-11 12:03:30'),(284,84,84,'Minima consequatur quibusdam accusamus et aliquid et laudantium. Quaerat qui nihil consequatur suscipit corrupti fugiat. Quod eum expedita quod aut omnis. Animi optio neque occaecati aut.','2002-05-09 16:33:18'),(285,85,85,'Distinctio dolores ab doloremque distinctio. Iure soluta minima iste et. Dolores esse nihil debitis incidunt consequatur. Iusto numquam molestias perspiciatis quidem est.','1987-06-30 08:59:13'),(286,86,86,'Eos odit quidem blanditiis soluta. Voluptas quis quae unde odio. Earum illo ducimus reprehenderit amet aut omnis.','1974-06-02 03:47:17'),(287,87,87,'Nemo error amet adipisci cupiditate. Numquam voluptas libero et. Debitis non et voluptatum similique unde velit repudiandae.','1974-01-17 06:27:46'),(288,88,88,'Quisquam quidem nesciunt et qui eum maiores et earum. Blanditiis qui iusto quos libero omnis voluptatem ipsa. Blanditiis dignissimos sint fuga voluptatem. Omnis autem officiis et natus aspernatur.','1971-06-26 17:08:40'),(289,89,89,'Suscipit qui aut placeat ducimus placeat nostrum minus. Reiciendis officiis repudiandae aut aspernatur cumque pariatur officia incidunt. Commodi saepe tenetur amet molestiae qui dolor. Itaque maiores illum modi ut ut expedita.','1982-02-15 21:46:38'),(290,90,90,'Qui aliquid eveniet ea expedita autem cum. Quia doloribus quam est dolor. Fugit ab unde necessitatibus. Aperiam cum eius voluptatem molestiae hic repellendus. Officiis reiciendis ut ut molestiae ut.','2005-01-12 18:27:11'),(291,91,91,'Sunt nobis quasi vitae commodi id. Enim eaque est hic.','2008-08-29 23:04:35'),(292,92,92,'Et quia et in sequi quo in. Quibusdam perferendis unde quia perferendis. Iusto suscipit velit molestiae necessitatibus omnis ducimus iste saepe. Autem delectus numquam debitis deserunt totam.','2014-09-08 03:50:48'),(293,93,93,'Voluptas temporibus quos perspiciatis nulla molestias. Molestias qui dolorem nostrum quia qui. Ut quaerat itaque commodi vel esse est. Quae possimus iure porro qui repellat quidem. Eligendi eveniet ut aliquam tenetur qui.','1981-05-18 20:26:59'),(294,94,94,'Non soluta sequi voluptatem. Voluptatem aut voluptate porro. Aut id cupiditate nihil explicabo. In officia id doloribus dolore voluptate. Minus esse enim aut est quasi sed beatae.','2002-07-01 21:16:38'),(295,95,95,'Ipsam est accusamus consequatur qui est aut. Non nobis qui ratione dolorem cumque. Repudiandae magnam cupiditate ea nulla porro repellat ea. Commodi aut et dolor commodi suscipit pariatur et.','1973-12-13 11:15:31'),(296,96,96,'Eaque assumenda similique et ea. Nobis eveniet veniam quia iste perferendis. Omnis non asperiores rerum error in quis. Similique perferendis rerum unde illo doloremque natus laboriosam consectetur.','1976-12-13 18:45:35'),(297,97,97,'Sunt necessitatibus nihil eum occaecati. Quam voluptatibus placeat vel at voluptatem. Culpa ipsum illo similique fugiat sed quisquam fugiat. Possimus natus quis nulla autem ipsam autem. Harum debitis ex eos qui expedita.','1987-08-03 16:24:23'),(298,98,98,'Doloremque earum ut quisquam quisquam suscipit et. Facilis explicabo excepturi repudiandae eaque ut vel in. Molestias quos et consequatur nesciunt qui aut voluptatem. Molestiae quas nihil totam ducimus laudantium fugiat.','1983-05-17 21:15:16'),(299,99,99,'Optio doloremque ut et deserunt cumque porro magnam. Impedit ipsa officiis animi sit qui molestiae. Ut ut enim voluptas est eum.','1977-03-02 06:51:07'),(300,100,100,'Eveniet qui ipsam facilis adipisci ducimus cupiditate. Alias eum illum voluptates ut quaerat omnis. Quos quis sint enim omnis error rerum. Sint quae nemo qui ex sint qui explicabo ullam.','2015-06-08 18:11:04'),(301,1,1,'Aut fuga libero et neque. Facere perspiciatis itaque fugit non sit. Asperiores ex nihil nihil quod ut deleniti facere alias.','2015-07-24 10:25:32'),(302,2,2,'Voluptas blanditiis et totam natus inventore quo consequuntur. Officia iste aut ex ab error. Consequatur pariatur consequatur autem odit ratione.','1996-10-27 22:31:57'),(303,3,3,'Saepe labore dolor omnis consequuntur molestias consectetur. Aut est laborum dicta vitae quasi. Eum modi rerum tempora suscipit distinctio. Molestias mollitia et vitae cum earum modi explicabo eum. Perferendis ea perspiciatis aut earum modi.','1987-06-01 08:53:19'),(304,4,4,'Ducimus eaque itaque rerum. Aut qui vero non ut. Ducimus iure asperiores consectetur qui ut. Iste voluptatem nulla libero itaque voluptatem a dolorem. Distinctio porro sed incidunt voluptatem.','1975-11-19 13:32:15'),(305,5,5,'Doloribus iste cumque facilis earum a distinctio. Aut eius voluptatem odio quaerat velit libero. Et dolorem et rem. Distinctio perspiciatis facere molestiae aliquid quia id dolores.','1988-10-06 15:45:24'),(306,6,6,'Enim eum est quia nihil. Est ut consequuntur optio facilis. Maiores inventore maxime consequuntur sed ut dolore minus. Nesciunt praesentium ex sequi et magni veritatis.','1993-04-04 11:21:13'),(307,7,7,'In odit possimus vel. Sit temporibus dignissimos ad explicabo quis. Maiores sit nostrum sint ab accusamus.','1980-01-09 05:09:01'),(308,8,8,'Laborum voluptas alias debitis ducimus ab facere maiores sed. Ducimus optio consectetur et temporibus est et voluptate eaque. Aliquam atque consectetur qui deserunt amet magnam.','2005-09-07 00:38:52'),(309,9,9,'Corrupti et iste labore. Doloremque consequuntur in ipsa similique et. Quo dolore reiciendis qui vitae porro.','2018-05-22 21:26:16'),(310,10,10,'Porro inventore voluptatem occaecati illo quam repudiandae. Pariatur illum ut ex cumque rem facere sequi omnis. Deleniti dolorum vero eum hic facilis. Sed nihil id porro laborum.','1984-10-24 21:45:05'),(311,11,11,'Libero non temporibus aut quia. Iste impedit rerum ipsa rerum nulla qui repellat fugiat. Expedita cumque sit neque esse cupiditate qui. Voluptate animi rem in exercitationem.','1986-04-18 21:12:50'),(312,12,12,'Sed laboriosam non expedita maiores nam consequatur quo magni. Labore ab eveniet et modi et. Eum est harum natus accusantium.','2009-11-17 20:15:24'),(313,13,13,'Sed maiores voluptatem consectetur vel aspernatur dolorem veniam. Et quia temporibus nesciunt similique corrupti ut. Minus architecto itaque dolorum et sed distinctio. Facilis sequi aspernatur fugiat. Consequatur atque non quo aliquid.','1975-03-03 06:20:42'),(314,14,14,'Et et minima ut vel autem. Tempore reiciendis voluptas optio ipsum. Nesciunt nisi aspernatur odio.','1998-12-16 00:10:57'),(315,15,15,'Sunt voluptatum magni unde. Commodi laudantium quo et libero molestiae aperiam eos recusandae.','1972-08-09 04:54:54'),(316,16,16,'Velit non non quisquam consectetur dolores quam officia. Ut et veniam quia. Non ut et veniam et sed. Autem veniam et praesentium omnis temporibus temporibus at.','1995-10-15 11:07:27'),(317,17,17,'Alias nisi et magnam labore aperiam omnis et. Quisquam incidunt est aut quam quas. Non saepe rerum nemo libero qui quidem. Sint mollitia commodi tenetur dicta autem.','1972-10-29 07:54:40'),(318,18,18,'Non mollitia et veritatis nam aut. Ipsum aut vel eos in iusto. Nihil aut totam voluptatem rerum rem quidem laudantium perspiciatis. Excepturi et eum nobis aliquid nesciunt fugit nostrum dicta.','2010-12-30 07:53:43'),(319,19,19,'Quia explicabo dolorem voluptatem quis facere repudiandae veritatis. Recusandae explicabo explicabo commodi. Numquam aut quibusdam quia possimus dolores.','1971-03-19 09:56:40'),(320,20,20,'Dignissimos at maiores enim aut. Inventore harum reiciendis et aspernatur id. Magni eius ipsum eaque voluptas ut enim.','1993-07-19 09:30:48'),(321,21,21,'Aperiam inventore aut aliquid tenetur asperiores eum sunt. Doloribus rerum maiores animi voluptatem aperiam quo. Ut ea et voluptas blanditiis.','2016-04-10 05:11:55'),(322,22,22,'Magni vel qui odio. Illum pariatur ducimus quis illum a.','2015-01-20 23:37:36'),(323,23,23,'Amet ratione architecto architecto omnis. Doloribus atque ut neque sed deleniti.','1983-01-22 05:26:12'),(324,24,24,'In molestias quaerat quaerat commodi cupiditate autem corrupti. Nisi autem velit exercitationem labore quidem alias aperiam. Consectetur vitae tempora repudiandae nemo quis blanditiis voluptatem.','2001-12-05 03:12:00'),(325,25,25,'Cum molestias similique et aliquid tenetur autem aut minus. Quibusdam harum atque corrupti. Vero illo quidem eos. Cupiditate neque commodi culpa earum.','1991-10-25 00:19:42'),(326,26,26,'Quidem qui laudantium omnis. Voluptas temporibus aut id doloremque quia repellat. Eum consequatur nulla maiores voluptas labore rerum molestiae.','2000-02-20 10:41:28'),(327,27,27,'Commodi hic nihil consequatur ut totam. Qui maxime et repudiandae nesciunt.','1980-12-30 11:17:31'),(328,28,28,'Sunt atque ut rerum ut. Maiores pariatur aperiam quis minus ea qui vel. Et possimus cum quas aliquid ut non alias alias. Laborum porro commodi repudiandae dolorem blanditiis rerum id explicabo.','1980-08-13 05:37:29'),(329,29,29,'Aliquid neque iusto sed veniam atque. Eos corrupti dolor deleniti nulla est incidunt a. Voluptatibus exercitationem perferendis fuga nemo et quasi. Unde quos nemo sint autem aut occaecati esse.','1996-11-23 20:48:17'),(330,30,30,'Beatae assumenda similique aut voluptas quaerat voluptas labore ad. Aliquid molestiae aliquam perspiciatis possimus ex.','1993-07-31 15:30:07'),(331,31,31,'Et veniam commodi et numquam quibusdam. Corrupti dicta voluptas molestiae. Omnis beatae a tempora commodi inventore nesciunt. Expedita aut ut dicta aperiam nemo qui recusandae.','1985-11-28 12:29:56'),(332,32,32,'Dolor saepe labore dicta odio. Aperiam neque cumque error consequuntur iusto dolorum. Doloremque odit fuga nihil incidunt inventore in quo. Magni et qui commodi delectus aspernatur rerum quia aperiam.','1984-11-06 19:54:41'),(333,33,33,'Explicabo est et qui aperiam qui qui dolores unde. Dolores molestias reprehenderit sunt aliquid. Quia aperiam nostrum ipsum enim rerum aliquid.','2009-07-17 11:00:49'),(334,34,34,'Assumenda corrupti fugiat ut mollitia autem. Nobis perferendis eius et ut quo. Et sed aliquid soluta vero. Facilis et quia soluta et corporis nisi atque.','1998-05-27 00:38:50'),(335,35,35,'Rem officiis quidem et dolorum voluptatem fuga expedita. Molestiae amet qui accusamus exercitationem eius nesciunt. Perspiciatis et hic est pariatur voluptate necessitatibus. Reiciendis nesciunt a maxime officia velit nam neque.','2004-11-22 12:45:01'),(336,36,36,'Recusandae nam magnam magni autem laborum sint placeat consequatur. Magnam amet sit doloribus rerum dignissimos rerum qui. Eum iusto dolorem id impedit.','1979-01-29 11:00:45'),(337,37,37,'Ut consequatur porro velit vel quisquam. Quas nam illum dolores aliquam quas. Et tenetur esse et. Maxime rerum aliquid pariatur maxime sunt debitis.','2019-10-04 22:10:35'),(338,38,38,'Et distinctio libero enim iusto quod ex rerum nostrum. Voluptatem ipsam consequatur doloribus optio qui ipsum. Laudantium sed cumque quia maiores. Veniam neque voluptas enim officia ex officia.','2015-09-14 01:05:46'),(339,39,39,'Dolor quidem error suscipit excepturi. Quia consequatur sapiente omnis dolor sit. Facere quo consequatur consequatur nesciunt. Est veritatis dolor quia voluptas reiciendis saepe.','2002-08-22 01:09:24'),(340,40,40,'Ut nobis at quaerat id. Cumque eum esse rerum temporibus. Molestiae voluptates omnis voluptas magnam debitis.','1988-09-29 03:32:21'),(341,41,41,'Ut beatae a aut corporis quia qui doloremque. Voluptatem nemo quisquam aut aliquam quas a ipsum. Aut blanditiis adipisci aut nemo tempore aut. Sint quia aut minus quod.','1995-06-22 00:38:43'),(342,42,42,'Modi et quis quod. Accusantium minus est magnam ut quis. Veritatis quam nulla quam nemo commodi itaque.','1994-12-20 03:44:53'),(343,43,43,'Maxime beatae porro fuga. Ex et non et cumque. Laborum incidunt molestiae sit placeat voluptatem.','1984-01-21 05:05:55'),(344,44,44,'Dolore rerum ratione suscipit mollitia non totam nesciunt. Sit saepe velit velit molestias in voluptatem. Nihil a ut quisquam in repudiandae consequatur. Modi similique et assumenda est.','1975-04-12 05:04:57'),(345,45,45,'Quas nostrum et doloremque dolor consequatur. Quibusdam omnis natus cupiditate quia reiciendis.','1994-05-09 07:21:10'),(346,46,46,'Asperiores minus similique facilis. Tenetur repellat enim quos culpa voluptatem aut. Ea molestiae tempore sint voluptas voluptatem occaecati.','1985-04-12 18:15:19'),(347,47,47,'Quia commodi iusto dicta qui. Molestiae ipsa fugit est aut qui molestiae vero. Nostrum aliquam sunt aliquam harum aut vel tempora. Dolores sed quis minima architecto mollitia aut magnam illo.','1994-08-28 18:52:47'),(348,48,48,'Eaque occaecati similique rem dolores. Ex nisi ut aliquam iure est. Sit asperiores praesentium eum perspiciatis optio consequuntur.','1986-04-26 13:09:29'),(349,49,49,'Accusantium animi quo error dolor nihil quasi. Est dolor dolores molestiae.','1997-03-27 17:38:34'),(350,50,50,'Voluptas voluptatem ratione est quisquam id hic. Ut suscipit qui omnis saepe molestiae. Et qui ea necessitatibus ut voluptates. Consectetur mollitia voluptatem dolor magnam ducimus aut.','1997-07-17 04:13:23'),(351,51,51,'Nostrum voluptas praesentium cupiditate quae quidem consequuntur quia. Non ad asperiores aliquam eius officia. Odit qui similique sunt debitis. Quo tenetur sit dolorem harum ut molestias eligendi.','1995-05-06 21:16:09'),(352,52,52,'At et iure unde. Culpa distinctio et quia repellat. Tenetur illum sequi maxime voluptatibus.','2010-08-22 01:22:05'),(353,53,53,'Eum ipsum cum dolorum quo. Adipisci in ab non porro a. Hic quia quia magni eaque qui voluptatem recusandae. Eos distinctio error et laboriosam quidem et.','1983-04-25 09:47:22'),(354,54,54,'Sit quo deserunt non et similique rem nobis sit. Dolore at blanditiis eum nulla dolorem. Architecto est reiciendis non dolores et assumenda iusto.','2007-06-07 11:51:36'),(355,55,55,'Dolores mollitia atque iusto tenetur quos. Placeat perspiciatis voluptatibus beatae voluptatem facere cumque in impedit. Porro natus pariatur nihil. Ipsam voluptatibus quia quasi iure veniam consequatur.','2000-02-04 01:49:40'),(356,56,56,'Possimus quia enim velit hic aut. Et natus distinctio harum consectetur quos ullam.','2000-03-05 08:29:57'),(357,57,57,'Quam sed et impedit aut explicabo. Et nisi rerum assumenda et nihil velit. Non asperiores commodi soluta vitae consectetur. Rerum quod repellat laudantium et.','2010-08-29 02:03:00'),(358,58,58,'Nemo excepturi est est nihil odit occaecati et. Excepturi nemo minus repudiandae. Autem nemo nam et expedita iste corporis eum.','2016-01-14 04:42:08'),(359,59,59,'Et aperiam ut et nisi numquam maxime. Voluptatem ut mollitia eaque. Adipisci eveniet odit ratione natus omnis quo sed. Non minus nesciunt consectetur.','1974-04-11 10:40:45'),(360,60,60,'Ullam eligendi laudantium qui numquam sed optio. Voluptatem temporibus nobis amet quis qui.','1970-06-15 06:30:53'),(361,61,61,'Necessitatibus nobis amet vitae perspiciatis perferendis. Aperiam porro modi et et et nihil est. Dolorem molestiae qui deleniti temporibus voluptatibus. Sed expedita fugiat aliquam est debitis et ea.','1996-04-09 22:55:50'),(362,62,62,'Sequi minus autem eum non. Et et et asperiores cumque quidem voluptas culpa. Consequatur atque ratione ab laudantium quis ea. Aut officia esse sint. Sunt ab repellendus consequuntur.','2017-01-04 06:58:47'),(363,63,63,'Perferendis eos error totam deleniti consequatur. Vel aspernatur reiciendis dolore autem distinctio ea et. Ea facere inventore voluptas et eos dolorem. Qui commodi omnis ut voluptatem ut et.','2015-01-28 05:13:09'),(364,64,64,'Qui eaque est illo reprehenderit nihil sit ratione. Quo quia non vel totam ut iure commodi. Illo consequatur qui qui omnis mollitia.','2006-12-16 09:16:36'),(365,65,65,'Nesciunt ea recusandae esse. Ut qui quia in sunt repellendus. Asperiores labore provident quis. Eaque nihil hic quis earum reiciendis quas est.','1984-07-28 16:35:47'),(366,66,66,'Ducimus necessitatibus beatae omnis qui et inventore. Maxime aliquid animi quasi vitae odio earum. Similique esse saepe possimus quo velit aut et. Dolor dolorem laborum et odit.','2014-02-05 11:37:10'),(367,67,67,'Et eius expedita magnam totam consequatur aliquid architecto occaecati. Autem reiciendis blanditiis eos molestiae repellendus. Esse aut culpa aut ut explicabo molestiae quia assumenda.','1971-10-19 07:37:49'),(368,68,68,'Ut nesciunt dolorum ea. Porro unde error sed consequatur. Nam ut quae omnis. Possimus fugiat atque dignissimos consequuntur enim.','1987-11-20 11:55:35'),(369,69,69,'Non quam quis sit est. Debitis rerum aliquid labore aut. Enim omnis quod suscipit quod sed.','1977-03-07 09:29:50'),(370,70,70,'Sint saepe cum iste architecto exercitationem quibusdam. Eligendi eum quod accusamus rerum illo autem. Iure et ab corporis eos.','1983-04-17 02:14:21'),(371,71,71,'Reiciendis libero dolor suscipit voluptatem voluptatem sapiente delectus. Vel quod sint assumenda tempora suscipit quam. Eaque qui ut voluptatem voluptatum. Veniam voluptas dolorum ab et repellat.','1977-05-23 14:35:22'),(372,72,72,'Ipsa quia nobis autem eos repellat. Aut quod impedit similique occaecati in vitae. Nesciunt qui dolorem omnis ut voluptatem odio quis. Cupiditate id in doloribus a repellendus aut quidem sit.','2003-03-06 12:14:30'),(373,73,73,'Dolores debitis inventore fugiat iusto vitae cum consequuntur aperiam. Enim ipsa totam quia unde et voluptas. Ducimus rerum quo aut iure qui aspernatur.','1980-09-13 09:55:49'),(374,74,74,'Autem suscipit nisi porro porro. Molestiae nostrum incidunt qui laborum eum sapiente. Ab vero incidunt culpa in fugiat.','1977-08-08 08:16:46'),(375,75,75,'Fuga aut exercitationem vel non autem vel optio. Et iste nihil quod. Qui aperiam quia et libero et est. Hic eaque id officiis officiis.','1990-02-20 18:51:12'),(376,76,76,'Enim autem qui provident ut tempore esse. Eius voluptatem atque sed aut saepe laborum inventore. Culpa et quidem quia hic. Officiis accusantium numquam nihil quam nihil aliquid recusandae. Tenetur ratione voluptates omnis quo totam.','1997-07-13 11:14:04'),(377,77,77,'Dolores voluptatem blanditiis suscipit eos. Reiciendis modi similique non fugit perferendis sit nostrum. Sunt reprehenderit ipsa aspernatur et voluptates nisi. Distinctio cumque in aut dolorem similique ullam fugit.','2001-09-08 01:28:48'),(378,78,78,'Ratione dolor eaque ut aliquid debitis et tempore. Quisquam voluptas deserunt quae. Distinctio fugiat quaerat aut magnam reiciendis et. Saepe dicta voluptatem quam voluptates.','1977-01-25 06:21:48'),(379,79,79,'Deserunt modi at illo porro eligendi itaque sed quia. Fugit molestias incidunt molestias autem. Ullam velit porro perferendis totam sit est aperiam.','1972-02-09 20:48:14'),(380,80,80,'Vitae similique consequatur voluptatem fugiat est rerum reprehenderit. Occaecati nisi ut velit voluptatem itaque modi. Corporis repudiandae voluptatem rerum ut voluptatibus. Tenetur fugit omnis est velit quis.','1982-02-18 18:38:42'),(381,81,81,'Qui aut aut incidunt delectus expedita molestiae. Fuga voluptatem laborum velit maxime enim consequuntur quia. Laudantium eius qui exercitationem eum consequatur. Est corporis porro voluptates dolorem corrupti molestias neque.','1987-10-08 12:10:06'),(382,82,82,'Cupiditate nihil amet eum necessitatibus dolorum deleniti deleniti aperiam. Nam dignissimos iste accusantium eum. Nulla autem earum maxime eaque cupiditate aut. Et et dolores iure et ut.','1974-07-01 21:24:19'),(383,83,83,'Qui maiores repudiandae dolorum ut saepe. Nemo ut sapiente ipsa et. Soluta rerum omnis aperiam. Non quis vel commodi fugit quasi dignissimos ipsam ab.','2019-07-09 02:46:59'),(384,84,84,'Repudiandae quaerat quia qui ut qui vitae. Consequatur vel cumque perspiciatis aperiam veritatis eos ad. Dolorem unde sed ab iure ut quas.','1996-11-07 01:07:50'),(385,85,85,'Sunt excepturi assumenda corrupti sunt. Perferendis dolore eaque necessitatibus quia veniam repellat. Rerum sint accusantium quae earum error maiores architecto repellendus.','1998-04-15 16:40:39'),(386,86,86,'Deleniti sed dolorem placeat ut. Reprehenderit nulla rerum officiis ratione. Est ipsa voluptatem quas omnis temporibus.','1983-03-14 23:31:06'),(387,87,87,'Dicta aut error ut occaecati sint. Facere illum quis perspiciatis sit deleniti. Et sed voluptatem tempore omnis. Voluptas eos vero soluta eligendi corrupti sapiente modi.','2012-03-08 14:25:13'),(388,88,88,'Tempora tempore esse accusamus. Eum et sed doloremque rem repellat. Optio excepturi ipsa odit. Quia voluptatibus porro iure consequatur.','2010-09-20 19:12:14'),(389,89,89,'Quia ut nostrum ut odio et repellendus. Omnis quod nam ut odit doloribus. Quod ut qui et commodi. Excepturi maiores consectetur tenetur doloremque non nihil.','1992-10-05 00:48:28'),(390,90,90,'Magnam eos saepe illo sunt quia libero qui dolore. In quaerat voluptas non ut. Quo dolores rerum incidunt.','1985-11-20 07:39:40'),(391,91,91,'Error iste error qui occaecati rerum ea. Est qui amet maiores dolorem. Magnam et optio architecto eveniet eligendi est quaerat.','2011-07-20 04:52:13'),(392,92,92,'Accusantium et sit quaerat qui iure explicabo. Sint dolores dolorem vitae aspernatur reiciendis. Voluptas ut et id repellendus quia porro assumenda.','2006-08-22 18:28:23'),(393,93,93,'Quas aut sint enim aut molestiae qui aut. Quidem magnam et odit. Et quidem aut nostrum eaque. Consequuntur dignissimos earum iusto non.','2007-11-16 21:11:27'),(394,94,94,'Qui et sit quaerat voluptates. Dolorem dolor quo mollitia.','1976-04-23 14:51:21'),(395,95,95,'Consequatur quis recusandae iure enim. Id atque ad excepturi quasi. Nihil ut ipsam hic nam.','1999-09-23 19:06:43'),(396,96,96,'In repellat a harum ratione sit sit. Voluptatem et vel labore eveniet itaque. Commodi consequatur quo qui commodi. Dolorem sapiente quod distinctio laborum.','1988-08-06 00:52:34'),(397,97,97,'Modi quibusdam et culpa molestiae. Pariatur ipsum totam quis dolore ut a. In totam consequatur non quis doloribus qui.','1981-09-02 03:04:43'),(398,98,98,'Ut omnis ut reprehenderit quia et aut. Rem ea fuga voluptatibus modi qui ipsum. Quisquam eaque omnis aut placeat error eum non. Laboriosam impedit eligendi eligendi accusamus.','2013-09-26 09:53:55'),(399,99,99,'Consequuntur amet nisi repellat ab quasi iure. Officia et consectetur aut beatae. Recusandae et quos atque autem ea. Est rerum inventore quasi.','2020-04-26 16:04:53'),(400,100,100,'Ex in voluptatem non fuga. Quisquam animi qui quia ut. Ipsam ut dignissimos non aut ipsum.','1992-11-11 01:35:17'),(401,1,1,'Repellat vel corrupti enim atque sed vel voluptatum. Cumque sapiente cumque quibusdam dolorem. Qui ea autem suscipit nihil est. Cupiditate optio qui minus facere repudiandae quaerat.','1978-01-04 15:32:08'),(402,2,2,'Necessitatibus et porro temporibus aliquid non consequatur consequatur. Minus dolorum qui perspiciatis eligendi non. Ipsa vel hic doloremque occaecati consequatur neque atque.','1995-09-13 00:49:24'),(403,3,3,'Et minus voluptatem rem ut sint maiores laudantium. Distinctio id dignissimos omnis facere veritatis earum. Ex sint ratione laboriosam corporis omnis voluptatibus.','2018-06-01 01:13:15'),(404,4,4,'Animi suscipit illum ut pariatur quidem possimus quia qui. Voluptas nobis itaque omnis eligendi. Natus aut velit ex consequatur dolorum qui. Voluptatem sed officia dolores tempora veritatis. Quia occaecati quis sunt vel autem ipsum.','2002-10-11 14:09:42'),(405,5,5,'Est ducimus adipisci quo enim. Qui ducimus dolorum saepe qui temporibus quas. Consectetur et incidunt ratione.','1988-11-24 14:53:40'),(406,6,6,'Possimus ad delectus maiores. Totam nemo sint recusandae dignissimos fugit. Similique voluptatem cumque est quo voluptate cumque magni. Rerum ut odit esse possimus.','1997-02-09 11:16:34'),(407,7,7,'Eum voluptatibus similique iste consequatur. Sit et fuga voluptas fugiat nihil repellat. Sequi deleniti rem ratione totam qui illo.','1987-12-16 22:26:05'),(408,8,8,'Quis perspiciatis quidem praesentium fuga nesciunt. In vitae consequatur eligendi molestiae. Voluptas aut similique voluptatem quis. Sequi voluptates eos qui eius necessitatibus beatae enim.','1971-11-14 08:01:48'),(409,9,9,'Reiciendis iste eos temporibus ducimus. Quia voluptas saepe rerum est perferendis. Similique soluta non iusto sit molestias. Sit animi sit quia modi ab dolorem iste ratione.','1979-01-23 18:19:00'),(410,10,10,'Iusto alias nam rerum. Numquam qui sit culpa non quae ex. Illo molestiae tempora est dignissimos veritatis est nam. Laborum voluptatibus sapiente dolor saepe necessitatibus dolores aut omnis.','2001-05-22 03:14:15'),(411,11,11,'Vel deleniti est maxime qui. Nihil sed id velit nihil in. Officia exercitationem commodi aliquid perspiciatis velit rerum. Dicta officia ipsum officiis eius quaerat commodi amet.','2009-05-18 21:42:27'),(412,12,12,'Nemo et eaque quis aut voluptatem. Occaecati illo et et expedita.','2008-09-29 04:41:30'),(413,13,13,'Exercitationem voluptatum quo eveniet. Eveniet magni quos sed saepe voluptate quas similique. Quasi est sunt unde id. Voluptatem animi iusto earum ut blanditiis consectetur.','2017-09-17 20:45:10'),(414,14,14,'Est blanditiis facere sint non error blanditiis. Adipisci voluptatem repudiandae sit at molestiae. Officia eligendi odit eaque velit beatae expedita. Deserunt tenetur voluptatibus adipisci voluptatum ut consequatur enim.','1990-01-20 08:48:20'),(415,15,15,'Est qui quae quia ut illum saepe quaerat est. Sit sit est nostrum quam. Expedita unde repudiandae tempore sed eum repellendus qui aperiam.','2004-02-17 08:25:27'),(416,16,16,'Et eveniet eius adipisci sit. Quasi dolores non reprehenderit mollitia fuga placeat. Voluptas qui explicabo nam exercitationem quaerat minima.','1990-10-21 12:01:25'),(417,17,17,'Et veniam eos eos nulla. Rerum aut non exercitationem voluptas aut. Aut est ut quia dolor expedita eveniet. Error natus et natus et temporibus aut sit.','2001-01-31 07:32:57'),(418,18,18,'Commodi reiciendis ducimus saepe blanditiis esse. Vel soluta aut soluta error quia est ea rem. Illo et quibusdam quia doloribus commodi placeat eveniet tempora. Cumque qui ut veniam vel.','2011-08-26 14:46:58'),(419,19,19,'Facere ipsam ut quia sit nihil. Et id ea nihil rerum voluptatum minima.','2009-09-16 16:43:12'),(420,20,20,'Vel et laboriosam alias odit et. Est ut dicta qui ut. Nesciunt beatae ut est sed illo perspiciatis. Esse laudantium quod quo omnis autem qui quam.','1978-11-30 21:07:40'),(421,21,21,'Labore cumque rerum impedit eligendi perspiciatis non vitae. Animi quia facere quaerat incidunt. Ab repellendus corporis est magni quis aut nostrum. Sint neque vitae incidunt minima.','2001-09-14 22:04:28'),(422,22,22,'Vel velit incidunt distinctio nesciunt saepe alias qui. Et at et dolores error soluta repudiandae. Nam facere et rerum architecto et. Soluta fugiat est alias architecto sequi occaecati. Numquam earum velit eum repudiandae dicta illo.','1971-07-05 07:59:03'),(423,23,23,'Quam magni labore sint laborum. Et sed consequatur sit repellat quis incidunt. Explicabo sit odio autem. Quos et quis nemo quo et.','2001-04-26 05:29:16'),(424,24,24,'Est commodi animi recusandae quo. Sit aperiam quia ullam vero fugiat et. Eum omnis excepturi quia iste. Harum maxime et enim et.','2015-10-05 09:01:01'),(425,25,25,'Vero nam ut maxime explicabo repellendus magni quod. Quidem quasi consequuntur maiores repellat dignissimos omnis. Non iusto necessitatibus quia quo quia.','1979-08-06 10:14:55'),(426,26,26,'Repellat qui occaecati et minima dicta qui. Quasi at est autem odit amet corrupti omnis. Eum qui velit doloremque consequatur maxime soluta atque.','2013-06-08 15:10:57'),(427,27,27,'Magnam explicabo dignissimos sapiente modi sunt at et. Sint architecto rerum deleniti alias accusamus. Est et delectus id vitae. Blanditiis magnam delectus saepe est inventore veritatis nostrum adipisci.','1980-09-12 07:27:52'),(428,28,28,'Ut natus fuga quisquam blanditiis perferendis. Quisquam dicta deserunt officia pariatur. Inventore cum sint similique eos.','1998-11-14 06:03:12'),(429,29,29,'Aut voluptatum ut est. Exercitationem ex sed repudiandae sed. Nesciunt distinctio nihil quisquam et quaerat vel.','1972-07-16 11:52:00'),(430,30,30,'Illo ut velit quasi totam rerum. Aut rem voluptatem eum labore.','1974-11-15 06:44:22'),(431,31,31,'Magnam vel eligendi hic aliquam ipsum voluptatem et. Veritatis voluptatum hic officiis quia in illum illum. Aliquam eligendi soluta dolores fuga perspiciatis dolorum veniam. Fugiat cum voluptates dicta quos.','2010-02-01 12:26:25'),(432,32,32,'Hic laborum rem recusandae. Quae ut dolorem et voluptas quidem. Reprehenderit odio itaque expedita recusandae natus. Aperiam quis sunt dolor sed ut in. Qui sint veritatis deserunt eligendi ut.','1975-01-02 17:36:53'),(433,33,33,'Enim sapiente omnis nisi nostrum a ex. Corrupti quia ullam est dolore sed cupiditate. Odio in incidunt sed quia veniam sint placeat quia. Earum eligendi quas rerum quidem quia.','1971-07-17 04:17:07'),(434,34,34,'Excepturi at eaque inventore eum. Et fugit fuga quis cum sint nihil nisi. Necessitatibus et nobis saepe ullam et quo.','1971-08-18 14:30:40'),(435,35,35,'Commodi ducimus aspernatur modi corrupti. Labore ut quam sunt aut. Animi illo ab dolores officiis quaerat dolores dolores vitae.','1974-11-14 05:31:11'),(436,36,36,'Ratione eum aut qui sit. Officiis nihil tempore molestiae maiores alias id quas modi. Qui nulla illo pariatur error maxime consequatur velit inventore.','2017-03-08 11:03:21'),(437,37,37,'Blanditiis ut molestiae beatae eligendi modi praesentium itaque. Molestiae omnis ut veniam incidunt. Non qui error porro ut autem deserunt. Optio libero sapiente inventore. Ratione optio ipsam reprehenderit ullam ea asperiores neque.','1985-01-29 06:02:49'),(438,38,38,'Est repudiandae qui blanditiis voluptatem illo. Accusamus eveniet in sit voluptatum sed. Velit ducimus et velit dolor perspiciatis voluptatem libero est.','1971-03-10 14:03:31'),(439,39,39,'Voluptas est praesentium doloremque sequi quo. Iusto non cum assumenda quae optio delectus. Explicabo cum mollitia exercitationem consequuntur fugit et.','2011-12-19 12:38:47'),(440,40,40,'Quas ut quae quo assumenda perspiciatis pariatur ut laborum. Adipisci earum delectus sint ut cupiditate porro expedita. Voluptates quo quo quas rerum.','1994-12-22 01:37:23'),(441,41,41,'Incidunt quis animi ut reprehenderit eos. Accusantium minima ea fugiat eum. Nihil quo dolor odit aperiam perspiciatis deserunt.','1982-06-06 14:47:15'),(442,42,42,'Et occaecati consequatur consectetur ipsam. Laudantium et repudiandae dolor magni quidem dolorem. Eaque nisi et voluptatem consequatur. Iure voluptates voluptas quam deserunt tempore a omnis.','1991-02-28 19:33:24'),(443,43,43,'Corrupti necessitatibus dolor libero doloribus nulla mollitia et. Sequi unde facere veniam sunt quaerat occaecati unde tempore. Exercitationem illum exercitationem consectetur adipisci facilis mollitia.','1986-12-01 05:51:59'),(444,44,44,'Harum cum cum consequatur sint ea modi. Magnam architecto soluta possimus omnis possimus. Veniam accusantium officia dolor necessitatibus.','1976-09-08 17:38:22'),(445,45,45,'Possimus consectetur ullam doloremque sed incidunt facilis est. Dolor assumenda iste voluptas pariatur. Ipsa nemo omnis qui temporibus placeat nostrum nesciunt. Repellat quo maxime tempore officiis magni quia omnis quam.','1993-04-12 10:02:48'),(446,46,46,'Doloremque sed accusamus ipsa eaque id non quia. Aliquam laborum optio facere assumenda ipsam quas incidunt. Eos soluta ex et repellendus consequuntur accusamus accusamus ipsum.','2006-10-05 20:21:17'),(447,47,47,'Ipsum voluptas et molestiae asperiores dolore dolorum. Et excepturi magni velit repudiandae. Enim iure fuga voluptatem rem quam neque rerum. Hic impedit molestias totam quas voluptatem.','1980-04-18 02:35:50'),(448,48,48,'Et sunt consectetur incidunt aperiam modi. Et aut maxime quia veritatis inventore sunt. Odit ut vel dolorum.','1979-02-04 14:58:47'),(449,49,49,'Maxime veritatis excepturi omnis vitae aut. Ut debitis quaerat et dolore. Cumque accusamus distinctio qui et sed. Qui consectetur magni voluptas quia dolorem ut non dolorem. Dolore nulla eaque libero deleniti natus quis omnis.','1976-10-12 10:08:35'),(450,50,50,'Illo quo dolorem nihil assumenda officiis ex a similique. Commodi distinctio necessitatibus amet ut vel. Quia et iure modi maiores atque.','2018-05-12 00:29:19'),(451,51,51,'Non repudiandae dolores quis sit. Quam impedit eaque qui nobis numquam et. Architecto sint odio voluptatum accusantium reiciendis quia et.','1994-04-24 06:16:16'),(452,52,52,'Vitae minus qui et et quia quod id. Maiores et accusantium et debitis accusamus fugiat. Velit fuga illo non eum debitis officia.','1996-03-22 22:50:55'),(453,53,53,'Veritatis esse ipsa commodi omnis ut beatae ducimus. Odit iusto eligendi optio nemo autem illo. Aut ea et architecto unde. Eos dignissimos adipisci explicabo et a quis adipisci magni.','1992-03-01 10:10:36'),(454,54,54,'Dolorem rerum quasi voluptas asperiores et. Quod autem ut recusandae itaque quaerat et commodi.','2009-03-04 14:59:16'),(455,55,55,'Odio esse expedita consectetur. Sed corporis porro rerum quo. Illo dolorum voluptatem ut dolorem. Ut voluptate accusantium cumque et fuga.','1983-05-16 19:13:23'),(456,56,56,'Vero aliquam ea et saepe molestias. Autem enim nemo quia beatae. Impedit quibusdam suscipit non accusantium velit doloremque beatae voluptas. Dolor illo omnis deserunt consequatur quo debitis.','1972-02-02 02:19:18'),(457,57,57,'Rerum quia pariatur dolorem quia porro cupiditate. Et temporibus quisquam harum. Et veritatis quis perferendis dolorem fuga rerum tempora explicabo. Minima dolorem nesciunt voluptates rem aut facere similique.','2012-11-12 15:59:48'),(458,58,58,'Sint maxime optio sint et dolores quis. Quia porro id esse magnam est. Placeat quam reiciendis est ullam. Qui vel nesciunt similique ut quam modi consequatur.','1991-07-31 05:32:53'),(459,59,59,'Quis neque fuga voluptatibus quis voluptatem qui dicta. Amet autem et unde at iusto accusamus qui nobis. In et eaque et corporis rem.','1992-01-25 13:16:40'),(460,60,60,'Dolores ipsa voluptatem et dolores. Magnam rerum dolores voluptas aspernatur. Omnis accusantium ut neque quidem tempore necessitatibus. Hic ducimus et saepe unde. Inventore placeat dolores voluptatum odio perspiciatis repudiandae.','1998-11-06 20:26:42'),(461,61,61,'Rerum consequatur occaecati qui doloribus reiciendis. Suscipit quasi hic molestiae. Eos officia non deleniti maxime occaecati quo.','1985-11-30 20:27:21'),(462,62,62,'Officiis dolorum ut ut ea voluptatem est voluptas. Necessitatibus magni et repellendus. Qui quia fugit non hic suscipit dolorem.','1983-05-26 23:14:55'),(463,63,63,'Enim provident quia dolor impedit omnis soluta. Quae sed pariatur eos itaque at. Nostrum quam molestiae dolores in soluta et est. Explicabo laboriosam neque voluptate dolor aut.','1970-09-16 02:48:07'),(464,64,64,'Maiores iusto enim aperiam ipsa consequuntur. Omnis nihil cumque dolorem neque. Facilis iure blanditiis nam. Tenetur explicabo aliquid ad et reiciendis. Iste rerum perspiciatis nisi commodi et quam esse.','2016-03-29 20:47:54'),(465,65,65,'Nostrum rerum tempora harum. Dolores quas amet ex provident. Incidunt consequatur harum praesentium.','1976-04-29 16:52:22'),(466,66,66,'Consequatur dolorem itaque delectus nam vel officiis natus. Id et sint quia nemo. Quas aliquid est voluptatem.','1976-09-23 12:56:18'),(467,67,67,'Cumque culpa pariatur qui quia est sit. Quas ut veniam sequi molestiae atque. Nam perspiciatis quod sunt eligendi quia. Et fugiat exercitationem et quae.','2012-04-04 04:55:14'),(468,68,68,'Fugiat similique voluptas quis nam perferendis eum beatae. Pariatur doloremque voluptatem cum saepe esse.','1973-09-14 10:33:09'),(469,69,69,'Animi aliquam est itaque tempore. Est repudiandae delectus et aut. Ut fugiat inventore blanditiis hic voluptatem quo.','1970-08-04 07:29:15'),(470,70,70,'Aut atque quae quod alias pariatur qui. Commodi deleniti odit sed quibusdam. Voluptatum et consequatur officia enim.','1972-08-07 13:50:42'),(471,71,71,'Soluta voluptas cupiditate tempora facilis possimus. Eligendi quas quidem numquam beatae maiores. Qui accusantium omnis adipisci molestiae explicabo reiciendis. Distinctio aliquam laudantium autem enim dolorum qui autem.','2001-08-23 09:01:51'),(472,72,72,'In tenetur voluptatem corrupti commodi. Soluta libero fugiat hic possimus. Dolorum non commodi voluptatem dolor hic doloribus est. Aliquam vero sequi architecto et quaerat temporibus atque.','1980-06-13 15:53:30'),(473,73,73,'Omnis architecto voluptatem omnis numquam sed. Quidem unde est autem facere facere cupiditate molestiae. Consectetur eligendi occaecati ducimus et. Aliquid est est quibusdam eaque odit.','1996-06-29 16:50:14'),(474,74,74,'At nulla delectus consequuntur officia numquam illo qui quia. Laborum eos tempora hic et cumque blanditiis occaecati nam. Nisi aut numquam eius eos id.','2016-11-30 22:28:22'),(475,75,75,'Quia vel ipsum delectus accusantium pariatur eaque. Neque aut est illum sed aspernatur suscipit autem. Eveniet possimus atque doloribus enim at. Qui exercitationem nihil doloribus sed ut deserunt expedita.','2005-07-10 01:27:53'),(476,76,76,'Natus magni consequatur repudiandae dignissimos similique molestiae aut quos. Error iste in praesentium maiores nisi quae nesciunt. Voluptate harum non temporibus. Ut non sed voluptatem.','1976-05-22 04:15:34'),(477,77,77,'Alias consequatur est ex. Voluptatem optio aut repudiandae sed sit voluptatem. Architecto consequatur culpa vel explicabo et error.','1987-12-13 15:19:17'),(478,78,78,'Dolor omnis ex vitae quasi animi assumenda labore. Modi unde impedit quia maiores occaecati eveniet commodi et. Enim nisi possimus velit quos.','1993-12-23 22:49:15'),(479,79,79,'Et libero ipsum et quia fugiat ea quas. Exercitationem vero sed qui qui qui consequuntur. Rerum officia et ea magnam error vel dolorum repudiandae. Laudantium reiciendis quo et.','2011-10-16 04:41:26'),(480,80,80,'Optio et illum voluptatum tenetur omnis assumenda quos. Consectetur corporis dolores fugiat beatae aut accusantium architecto. Voluptates aut rerum quaerat provident dolore modi. Sit velit earum quis tempore.','1983-01-02 16:30:28'),(481,81,81,'Quia quis dolor non sed. Quia voluptatem dolores distinctio. Repellendus autem modi cum ipsam. Qui rerum reiciendis porro reprehenderit voluptatem in.','2014-08-22 19:25:35'),(482,82,82,'Inventore et enim sapiente odit cupiditate quo. Itaque impedit inventore eveniet sunt voluptatem. Quasi qui occaecati et aut nulla. Est enim aperiam est maiores sed veniam quae aut.','1982-10-06 18:53:20'),(483,83,83,'Nostrum itaque molestias error molestiae et. Consequatur praesentium asperiores dicta aliquam aut soluta perferendis. Sed corrupti dignissimos repellat cum libero. Molestias deleniti consequatur nisi nihil quia at sint.','1983-11-27 11:24:51'),(484,84,84,'Quis tempora perspiciatis eveniet. Vel quia ut eum voluptatem earum aliquid. Unde nulla enim voluptatem eum et. Voluptatum est aut corrupti.','1978-01-16 03:53:04'),(485,85,85,'Corrupti nulla est dignissimos ea nesciunt quasi. Exercitationem aut et libero voluptas. Enim aperiam iusto vero quas quidem aliquam.','1984-03-27 16:14:11'),(486,86,86,'Commodi dolorem dolore ut deserunt at nihil aut aut. Quasi sint eum sit et. Et illo eveniet distinctio eos sed. Voluptate fuga laboriosam voluptas iure.','2020-07-19 03:31:47'),(487,87,87,'Modi velit sunt in molestiae. Quia non et eius laudantium rerum quia. Ut aliquid neque incidunt amet. Facere maxime qui quidem.','1980-02-05 18:30:23'),(488,88,88,'Qui omnis est itaque amet ut. Inventore consequuntur consequuntur magnam sit error omnis molestiae vel. Veritatis ipsam nobis omnis voluptates et. Veniam saepe aut quas.','2018-04-11 18:26:09'),(489,89,89,'Qui qui error nobis sed veritatis in et. Voluptas quam et natus et quidem a. Aspernatur totam saepe harum error deserunt. Est accusamus deserunt enim quaerat cumque excepturi.','2004-07-01 10:26:57'),(490,90,90,'Dolor porro laborum optio esse ab beatae. At dolor suscipit voluptatem ea. Sit aut sit accusamus voluptatibus et aut. Itaque quia quaerat repellat et architecto.','1972-03-26 02:46:30'),(491,91,91,'Qui ut ut sed et aut excepturi. Consequatur rerum beatae voluptatem officiis enim. In est dolor modi aut sed. Similique non sed aut.','1982-02-06 07:57:48'),(492,92,92,'Porro enim asperiores et enim laboriosam molestiae. Minus ratione aliquam qui reiciendis a vitae. Ipsam voluptatem molestias eveniet blanditiis. Iusto quae consectetur incidunt et consequatur dolorum.','2002-12-01 10:32:10'),(493,93,93,'Sed quod beatae nihil repellat ea. Nam nobis natus aut minus ex laudantium. Eligendi doloremque itaque dolor nisi perspiciatis aperiam.','2002-08-08 15:33:32'),(494,94,94,'Voluptas unde autem ut sint ut. Exercitationem aut quis rerum minus laboriosam saepe. Quae quia quisquam qui doloremque odit sunt illo. Est ipsam necessitatibus et assumenda sint aliquid rerum.','2011-11-13 08:30:51'),(495,95,95,'Quia eligendi et saepe ipsa nemo adipisci. Sit suscipit enim quia ratione accusamus consectetur cumque. Vero et qui fuga facere minima et.','1980-08-17 04:17:08'),(496,96,96,'Quis molestiae dignissimos provident quo eaque repudiandae. Officiis enim quia dolor earum voluptatibus qui doloremque perspiciatis. Cupiditate et eum ut rerum quo corrupti ut sint. Laudantium at qui neque praesentium dolor eum laudantium.','2010-08-07 05:51:03'),(497,97,97,'In at expedita vel maxime at aut incidunt. Quisquam minus sed distinctio et rerum. Qui quaerat vel est. Numquam consequuntur dolorem sapiente cum provident excepturi et voluptates.','1980-11-07 12:58:00'),(498,98,98,'Consequatur voluptas quibusdam optio quis quos cum. Minima voluptatem pariatur qui sint iste. Totam illum ipsam repellat sit maxime harum suscipit quo.','2018-08-04 01:35:58'),(499,99,99,'Porro quidem autem quaerat. Provident est ipsa quibusdam et. Eaque atque fuga aut sed modi. Quasi aperiam animi explicabo.','2013-11-09 09:21:43'),(500,100,100,'Ducimus harum excepturi excepturi officia. Rerum et sed placeat tempore dolores voluptatem temporibus. Dolore omnis sed vel. Omnis laboriosam vitae voluptatibus dolorem.','1986-03-04 15:43:10'),(501,1,1,'Fugit consequatur modi libero aliquid ab provident. Optio enim nihil dicta sunt quam. Corporis aperiam ducimus qui. Ipsa aut exercitationem molestiae et voluptatibus odio.','1989-04-15 19:39:06'),(502,2,2,'Excepturi qui quia maiores sed assumenda et. Reprehenderit blanditiis eligendi est ipsum. Fugiat et vel aut delectus non. Ut nemo eveniet possimus totam.','2014-01-24 22:51:30'),(503,3,3,'Est qui qui ipsam non et. Consequatur dolores earum tempore suscipit quae cupiditate. Repellendus veniam dignissimos quas pariatur aut adipisci est.','1998-09-20 04:40:13'),(504,4,4,'Ad quasi et quibusdam eos repellendus eius. Voluptate corporis et neque cum id. Exercitationem esse officia deserunt. In suscipit iste vel ut sunt quos non.','1999-04-04 19:32:44'),(505,5,5,'Voluptas autem deserunt provident minima ipsum omnis similique. Rem ipsam aliquam deserunt quia aliquid impedit. Voluptas porro ducimus laudantium voluptatem voluptatibus. Amet consequatur rerum qui et consectetur et quia sit.','1991-11-28 05:00:15'),(506,6,6,'Et nesciunt impedit enim modi eum impedit. Quae sed tenetur qui asperiores nisi earum. Perferendis qui assumenda magnam reprehenderit ut.','2009-03-18 14:02:24'),(507,7,7,'Dicta aut porro dolorum et est vel eius. Dolores magni eum soluta sint magnam dolore. Saepe quo vitae beatae optio perspiciatis dolorum nihil. Labore qui atque sint iusto nisi est molestiae.','1973-11-22 02:14:40'),(508,8,8,'Sed numquam aperiam temporibus ipsam. Quisquam fugit et vel praesentium. Quibusdam at vel sed.','2008-08-21 10:01:12'),(509,9,9,'Est porro rem nemo quod adipisci excepturi harum rem. Qui fuga in adipisci temporibus quasi quisquam magni. Doloremque beatae quidem nostrum et praesentium id aut.','1993-08-16 16:08:09'),(510,10,10,'Iusto sequi voluptas sapiente illum eveniet accusamus et quia. Porro qui deleniti aspernatur qui optio adipisci modi non. Ut enim alias in aut. Quidem qui veritatis est quia.','1971-05-09 10:14:59'),(511,11,11,'Perspiciatis possimus deserunt vitae sequi. Aliquam sunt quibusdam nobis commodi consequatur est et. Neque rerum aut exercitationem fuga sed quam voluptatem.','1985-04-06 20:04:06'),(512,12,12,'Laborum veniam quod assumenda impedit et sunt. Voluptatem quasi sint perferendis minima dignissimos voluptate. Eos provident nulla placeat aut.','1993-06-05 22:05:17'),(513,13,13,'Non aut debitis blanditiis ut ad culpa doloribus. Magni maxime quaerat quae similique facilis a. Eligendi recusandae ut soluta aut similique perspiciatis esse. Cupiditate aliquam fuga exercitationem repudiandae.','1998-08-22 15:07:38'),(514,14,14,'Possimus et harum illo maxime. Et commodi molestiae magnam error nihil voluptas quis. Enim voluptatum qui consequuntur incidunt.','2018-12-06 12:33:52'),(515,15,15,'Est quia voluptas natus molestiae eos. Consequatur eaque cupiditate quasi laborum. Laborum sapiente rerum nesciunt nam. At iste laboriosam qui eum doloremque.','1985-12-19 13:09:34'),(516,16,16,'Voluptates velit suscipit sit quo iste quidem velit. Sed eum omnis ut. Voluptas illo aut quod tempore.','1998-06-15 01:27:27'),(517,17,17,'Doloremque deserunt et sint asperiores sed unde. Est iure autem asperiores fugit iusto. Qui placeat eaque dolore et vero.','1994-10-06 04:43:12'),(518,18,18,'Est sed id quam commodi nulla. Sed esse similique quia ducimus vero voluptatem et. Facilis non nemo sit rerum non. Architecto odit placeat numquam alias laborum quia eligendi.','1991-02-19 15:36:39'),(519,19,19,'Earum accusamus laudantium est veritatis hic. Aliquam quia consequatur non officia minus sint architecto est. Quas in praesentium tenetur est numquam nam et. Amet quia rerum eos minima. Sequi minus natus et nihil.','1976-02-16 19:30:40'),(520,20,20,'Quaerat veritatis est cum quo provident. Sed rerum voluptatem et ullam. Sit ipsam illum rerum dolorem. Accusantium laboriosam fuga aliquid eius.','1999-03-24 21:42:54'),(521,21,21,'Cumque excepturi cupiditate hic et beatae voluptatem. Repellat consequatur eos aut doloremque. Quidem voluptatem tempora eius dolorem.','1998-02-09 18:42:12'),(522,22,22,'Est asperiores hic modi laudantium. Occaecati ad consequatur eveniet consequatur quo sed. Tenetur eaque quia ut consequatur aut. Nihil sed ad sit numquam.','1986-07-17 12:18:13'),(523,23,23,'Fuga quos quia quia quasi qui. Aliquid sed beatae rerum minima doloribus rerum. Optio totam in ut.','1997-11-15 20:13:03'),(524,24,24,'Delectus et sit ipsam voluptatum totam. Id autem rerum id enim modi assumenda tempore ducimus. Ut suscipit voluptas ut incidunt. Rem libero debitis earum quis.','1974-01-30 06:35:39'),(525,25,25,'Et ipsum pariatur illum neque ab modi et qui. Saepe veniam est autem eaque tenetur quisquam tempore.','2003-12-19 04:24:18'),(526,26,26,'Non eos delectus saepe. Ut ut delectus officiis est laborum. Quia iusto consequuntur reprehenderit quisquam quaerat sed veritatis. In aperiam cumque nobis quia.','2015-11-28 08:16:43'),(527,27,27,'Id accusantium molestiae et ea. Hic voluptatibus error nam earum sequi perferendis. Tenetur voluptatem ullam quasi at ad dolorum saepe. Eum iure sit sint harum vitae quo.','2002-09-26 19:39:14'),(528,28,28,'Eos nobis repudiandae ab quisquam animi temporibus. In maxime error tenetur aliquam non quidem placeat. Ipsa dicta ut enim.','1994-09-19 08:55:41'),(529,29,29,'Officiis earum in minima aliquam eos reiciendis omnis. Explicabo ducimus ut tempore unde quod deleniti. Minima corrupti quibusdam tempore quos et.','1990-04-03 16:51:34'),(530,30,30,'Sed sed minima eos aut quaerat praesentium et. Et commodi non reprehenderit iure voluptatem ducimus. Ea et qui atque reiciendis.','1989-11-13 01:27:27'),(531,31,31,'Accusamus accusamus voluptatibus occaecati omnis quis non. Nesciunt vero placeat dolorum voluptate nihil officia veritatis. Numquam eaque beatae quidem sunt consectetur vero. Nisi possimus et quaerat ratione ad.','2010-09-25 05:56:29'),(532,32,32,'Et maxime tempore consectetur et rerum. Et in et voluptas consequatur sit necessitatibus minima. Atque aut nisi est nisi necessitatibus. Ipsum voluptatem possimus officiis incidunt praesentium.','2005-12-09 21:33:46'),(533,33,33,'Mollitia non non distinctio itaque eum. Consequatur odit voluptates et non qui voluptas nesciunt. Omnis fuga nisi tempore eveniet. Commodi et enim et et quas autem excepturi.','1986-10-17 09:54:56'),(534,34,34,'Quas necessitatibus necessitatibus harum eos quae consequatur a. Quis repellendus error at. Similique et porro porro totam molestias fugiat dolorem nostrum. Esse explicabo autem laudantium fugiat laudantium.','1989-07-14 04:17:06'),(535,35,35,'Quaerat illum quisquam modi. Sunt et libero quibusdam. Qui in aut quia magnam excepturi architecto nesciunt. Assumenda aliquid temporibus quia earum voluptas.','1993-04-05 08:07:58'),(536,36,36,'Dolor qui minus dolorem id. Reiciendis libero enim sint quibusdam. Aperiam ipsum ea eveniet quia ut.','1970-08-25 05:40:06'),(537,37,37,'Optio eaque animi nihil illo ullam. Quis eligendi quis dolorum aliquam recusandae repellendus porro quia. Consequatur ut et sint suscipit.','1991-01-19 17:29:53'),(538,38,38,'Aliquam dolorem numquam id dolor non. Rerum quisquam dolor molestiae ut consequatur labore aperiam. Quo odit quam expedita provident dolor. Doloremque minima rerum sit quaerat.','1971-02-22 12:15:23'),(539,39,39,'Iure illum non et beatae itaque quia. Est reprehenderit voluptatem maiores necessitatibus quis et ipsam. Dolores ut esse et debitis temporibus hic modi. Voluptas dolorem in non repudiandae nihil et vitae.','2007-11-08 09:23:29'),(540,40,40,'Corporis qui non debitis ab optio occaecati debitis doloribus. Veniam et nisi voluptatum nihil qui. Voluptas accusamus ea velit deleniti voluptatum aut quia. Sint asperiores tenetur earum quia in.','1998-04-22 04:11:24'),(541,41,41,'Voluptas dolorem deleniti officiis ducimus quidem. Accusantium officia facilis ipsum labore nostrum. Sunt omnis molestiae vel. Libero non ea corrupti consequatur nihil.','2013-04-19 13:43:21'),(542,42,42,'Dignissimos laboriosam non quis sit. Adipisci sit id impedit repellendus neque. Laboriosam nemo est voluptas distinctio occaecati. Autem amet id tempora delectus voluptatibus repellat doloremque.','1990-11-07 13:21:00'),(543,43,43,'Quaerat vero qui sunt sed expedita fugit. Sapiente aut modi id natus omnis reiciendis quia ipsum. Ipsum molestias non autem.','1990-07-31 01:06:05'),(544,44,44,'Laudantium aut adipisci recusandae est non odio. Et eos beatae dolor dolores facere odit. Sunt reiciendis adipisci tenetur voluptate et. Fugiat fugiat nisi sit quia expedita. Voluptatem cumque atque suscipit est.','2013-02-19 12:36:03'),(545,45,45,'Id beatae et reprehenderit earum reiciendis. Temporibus non cum ut doloribus molestiae consequatur quibusdam. Minima neque aut est laboriosam ut expedita.','1976-09-05 15:13:04'),(546,46,46,'Dolores cum odit placeat molestiae. Praesentium eum qui et. Voluptates minus nemo eveniet quasi fugiat voluptas. Eos ut voluptatibus repudiandae distinctio corrupti consequatur doloribus.','2009-02-04 02:24:33'),(547,47,47,'Voluptatem molestiae occaecati eum sint suscipit. Asperiores a inventore dolore ab blanditiis occaecati itaque. Molestiae nulla nesciunt libero consequatur animi quibusdam.','1990-07-31 04:58:46'),(548,48,48,'Est ut aperiam non in. Omnis ut laborum commodi deserunt molestias. Magnam molestiae a eos sapiente facilis. Voluptatum molestiae voluptatem itaque delectus.','1996-08-18 03:24:39'),(549,49,49,'Enim facilis sequi aliquam delectus dolor quod quidem. Aut minus quam facere fugit. Sint nulla quasi enim. Molestiae autem enim voluptatem qui molestias soluta.','2013-06-11 23:43:50'),(550,50,50,'Ullam debitis qui sunt et placeat. Id nobis dolor aspernatur sit molestiae id.','1997-09-26 06:08:28'),(551,51,51,'Expedita maiores sit esse nulla perferendis. Nesciunt enim et iusto nesciunt deserunt.','2006-08-26 15:05:29'),(552,52,52,'Consequatur nostrum velit omnis qui harum sit. Est ea aut architecto est repudiandae. Est cumque provident necessitatibus doloribus.','1997-01-09 18:25:08'),(553,53,53,'Qui fuga sint voluptatem dolorem. Incidunt ut maxime quaerat accusantium qui possimus repellendus vel. Velit atque distinctio assumenda voluptatem dicta harum. Maxime sed magni esse repudiandae sint quia.','2012-11-11 17:17:16'),(554,54,54,'Sint mollitia culpa veniam omnis enim vel. Sint aliquam vel excepturi qui itaque nisi. Doloremque voluptatum et ut velit.','2009-10-08 21:00:51'),(555,55,55,'Enim dolor quia dolor quis nostrum. Voluptate et amet praesentium voluptas magni tempore. Quae ut aut debitis quia iusto temporibus.','1998-03-07 08:07:47'),(556,56,56,'Deleniti voluptas ipsam dolores qui est unde. Dolorum voluptatem nulla saepe maiores non. Ullam perferendis repellat quos et. Aliquam similique officia repellendus aut sit non voluptatum.','2021-01-09 00:48:05'),(557,57,57,'Sed unde repellat ut velit. Nesciunt laboriosam quia corrupti doloremque ullam ducimus. Aut atque in et.','1975-07-12 00:22:49'),(558,58,58,'Velit numquam quos omnis eveniet eos et distinctio. Optio hic quae molestiae ut eligendi id eos. Ipsum voluptatem et voluptas ullam distinctio.','1996-07-24 14:05:36'),(559,59,59,'Sit tenetur aliquid corporis eius esse magni. Est aut soluta eveniet id iste et sed.','2004-05-09 09:03:01'),(560,60,60,'Magni doloribus recusandae qui eum quas. Minus molestiae assumenda hic at accusantium quod ratione.','1991-11-17 12:10:42'),(561,61,61,'Consequatur fugiat itaque sunt pariatur possimus adipisci. Dolores tenetur rerum aut omnis nostrum id. Laudantium quia doloremque mollitia in nihil aut quo dicta.','1972-05-11 12:16:08'),(562,62,62,'Quis similique dolor dignissimos deserunt et quaerat aliquid. Temporibus incidunt placeat facere architecto ratione est assumenda. Repellat consequatur a quae aut ut atque. Tenetur assumenda aut debitis a rerum placeat exercitationem.','1994-11-17 15:38:43'),(563,63,63,'Accusantium necessitatibus in consequatur delectus. Veniam labore libero doloribus est aut. Fugiat deserunt eligendi quo dolorum sequi. Aut dolor et nihil aspernatur velit sed quia autem.','1985-05-01 05:07:11'),(564,64,64,'Et nihil vitae est eaque quisquam. Quasi corporis laborum nesciunt. Recusandae et eos voluptas qui quo omnis. Laborum sed fuga culpa deleniti reprehenderit neque voluptate.','1974-10-08 17:42:43'),(565,65,65,'Aut dolor ex ut alias numquam delectus. Inventore magni aut qui culpa. Omnis architecto atque debitis et sint quo et.','2003-08-08 11:50:44'),(566,66,66,'Illum eaque aut consequuntur dolorum quo. Aut explicabo officia debitis assumenda ut magnam quae.','1970-09-04 15:04:10'),(567,67,67,'Sapiente est vitae temporibus repellat asperiores officia sunt. Excepturi corrupti quasi itaque expedita ad in eius. Fuga aut et omnis ipsum accusantium vero et eveniet.','1990-05-02 11:24:06'),(568,68,68,'Dolorum omnis laborum fugit voluptatum. Et in quaerat architecto ut qui qui voluptatem vero. Mollitia quasi quasi nostrum doloremque sit suscipit consequatur. Sit quis fugiat odit earum aut asperiores dolor.','2011-07-12 12:19:02'),(569,69,69,'Reiciendis id repellat dolorem est exercitationem qui perspiciatis. Officia vel hic quod iusto explicabo laudantium. Sapiente corporis et repellat fugiat.','2019-04-07 02:01:12'),(570,70,70,'Voluptatem eaque enim non et. Maxime est aliquid quia laboriosam. Occaecati pariatur quia cupiditate.','2002-02-20 12:52:19'),(571,71,71,'Nesciunt possimus veniam error ut. Sequi sed deleniti dolores. Sunt natus fugit occaecati esse illo. Ut consequatur quibusdam eligendi rerum aliquid.','1988-02-07 06:49:11'),(572,72,72,'Rerum sunt dolor modi minima consequatur consectetur animi. Voluptas ratione maxime nihil rerum et et doloremque. Delectus qui repellendus id quia quia est aliquid. Totam consequatur minus voluptatem qui voluptatibus.','1975-07-10 23:48:47'),(573,73,73,'Omnis optio est ratione tempore iste aut sapiente. Ea amet quisquam excepturi provident cumque officiis. Dicta molestiae voluptatem natus repellendus odio vero est. Id corporis sed quos.','1989-09-06 19:25:37'),(574,74,74,'Rerum quisquam omnis asperiores vitae quam blanditiis. Assumenda ut dolores rerum repellendus laudantium totam. Nulla dolores repellendus animi incidunt.','2004-04-01 00:24:31'),(575,75,75,'Similique molestiae consectetur qui non. Reiciendis neque voluptatem aut rem ut repellat. Vero dicta voluptas sit aut in sit.','1994-02-08 20:52:06'),(576,76,76,'Quis odio nam nobis corrupti. Odit nostrum inventore sunt culpa facere sunt beatae. Illo tenetur perspiciatis expedita mollitia. Quae ut dolorem explicabo sit consectetur.','1991-09-09 15:29:51'),(577,77,77,'Modi perferendis vel voluptate facilis adipisci doloremque inventore perspiciatis. Harum sapiente harum non sapiente. Cum ipsa in veniam corrupti eum et. Vero animi qui est nihil cumque est. Sint et unde quos explicabo.','1995-01-10 19:19:06'),(578,78,78,'Quos possimus ab neque quas. Earum et alias laboriosam corporis veniam. Facilis eum soluta et.','1977-09-10 05:56:49'),(579,79,79,'Molestias odio nam saepe. Consequatur corrupti dolor quo et. Et soluta quaerat saepe molestias ex voluptatem ut. Voluptates sit eos consequatur.','1994-08-22 02:54:29'),(580,80,80,'Ullam officiis dignissimos nesciunt omnis veniam labore consequatur. Consequuntur qui in non. Labore veniam itaque ut voluptas alias dolores distinctio. Et aspernatur dolor suscipit atque et. Magnam aperiam qui molestias ut.','2010-05-26 02:00:48'),(581,81,81,'Eveniet vel maxime nulla amet porro. Dolorem quia voluptatem labore architecto saepe quia. Non aut omnis a temporibus facilis. Aut autem facilis tempore et.','2003-09-17 09:05:44'),(582,82,82,'Sint accusamus ipsa eos. Aut a iure iste possimus. Provident reiciendis totam natus veritatis.','1976-08-30 06:44:29'),(583,83,83,'Enim minus et quo sunt excepturi omnis accusamus. Inventore sed repellat est. Quam rerum porro quisquam fuga.','2018-06-08 19:40:43'),(584,84,84,'Maxime ullam sit saepe voluptatem natus rerum quo. Ut et qui vel molestiae voluptatem dolorum qui placeat. Aspernatur possimus ut dolores molestiae cupiditate. Quia culpa voluptates ut error qui consectetur.','2019-05-15 05:41:48'),(585,85,85,'Ab sint nihil corrupti voluptas. Voluptas totam nihil omnis suscipit fugit natus cumque. Quas corrupti laudantium possimus debitis praesentium ut. Maxime laborum veritatis minus accusantium.','2003-09-05 11:42:11'),(586,86,86,'Minus molestiae incidunt occaecati sit. Et molestiae reprehenderit autem. Exercitationem rerum doloremque dolor consectetur vel. Rerum alias quos natus tempora ut.','1972-02-23 09:52:24'),(587,87,87,'Ut omnis cum reiciendis expedita rerum quia consequatur. Perspiciatis qui deserunt quo exercitationem enim ea dolorum. Debitis quas voluptatibus voluptatibus aut quod sed. Eaque adipisci accusamus necessitatibus consequatur animi.','1999-11-28 11:15:29'),(588,88,88,'Nisi voluptas aut voluptatum cupiditate. Aut fugit laudantium sit non. Dolor reiciendis quia consequuntur fugiat quos sunt maiores. Illum nostrum delectus modi dolorum deserunt veniam.','1977-09-19 05:04:50'),(589,89,89,'Dolore totam qui voluptatem et voluptatibus. Eum atque delectus a dolores in. Ut et qui culpa eveniet enim rem. Similique voluptate aut non velit occaecati.','1998-07-31 09:41:54'),(590,90,90,'Quas ducimus quod quis qui velit atque. In corrupti voluptatem natus. Iure corporis id non velit.','2014-08-10 16:19:02'),(591,91,91,'Magni odit nihil sit eaque iure facilis quo iusto. Tempora totam itaque quia veritatis. Est inventore modi sapiente dolores vel.','1978-06-29 13:44:30'),(592,92,92,'Minima distinctio est voluptatem et ab neque et. Enim consectetur deleniti veritatis. Magnam tempora quia quisquam in sed iure qui. Dolor eos ut veritatis nihil voluptatem iste reprehenderit.','1973-10-27 05:34:26'),(593,93,93,'Necessitatibus repellat cumque praesentium ea. Aut laudantium inventore aut odio pariatur ex hic. Ullam omnis rem laborum quod fugit eaque. Voluptatibus odio saepe est minus dolor ea porro. In natus labore nisi nostrum aut fuga.','1982-12-28 21:54:37'),(594,94,94,'Nulla et ut voluptatum ducimus. Expedita fuga autem quaerat non et illum. Necessitatibus error velit iusto consequuntur molestias.','1985-12-28 12:41:52'),(595,95,95,'Sint dolor quod asperiores illum tempore rerum sapiente. Suscipit ut animi eos beatae iure et. Alias omnis dolorem soluta.','1986-12-02 04:50:55'),(596,96,96,'Quam natus consectetur inventore est. Illo ut deserunt blanditiis eligendi. Iusto enim autem aliquid vel quo. Aliquam eum quia nesciunt minus et laboriosam ab.','1995-05-04 04:21:37'),(597,97,97,'Atque fugiat dicta aut quidem consequuntur voluptatem expedita nihil. Inventore nulla reiciendis nihil. Facilis sed maiores consequatur qui qui molestias enim facilis. Est iusto impedit voluptas sapiente harum numquam.','1996-01-05 15:46:40'),(598,98,98,'Sit ratione voluptatem voluptatem nesciunt quis ab odit. Repellat voluptatem nemo architecto saepe aut. Incidunt cumque quis quisquam aut quos. Iusto sint doloribus velit esse.','1984-05-18 03:37:26'),(599,99,99,'Sed quo officia dolor accusamus quaerat qui vel. Repudiandae excepturi dicta autem illo. Consequatur quos debitis commodi facilis. Sed modi cupiditate minima autem explicabo harum.','2015-02-16 18:45:04'),(600,100,100,'Omnis assumenda inventore officia natus distinctio. Ut ut expedita qui itaque nemo laudantium sit. Adipisci aperiam quasi distinctio dolores distinctio optio exercitationem et. Qui sequi reiciendis maiores eligendi nostrum soluta consectetur.','1994-12-12 17:50:56'),(601,1,1,'Quas sint sed explicabo aspernatur. Saepe nulla asperiores hic consectetur quia dicta. Placeat numquam sunt non.','1995-04-25 21:20:09'),(602,2,2,'Earum nemo nemo consequuntur ipsam recusandae. Iusto est odit dolor fugiat reiciendis qui. Nihil minima et quibusdam. Reprehenderit ut animi voluptatem molestias libero fuga id.','1992-05-12 14:06:25'),(603,3,3,'Iste officia asperiores perferendis maxime molestiae qui qui. Dicta a eligendi accusantium fugiat. Est qui quo culpa aut quisquam blanditiis odit. Voluptatem magni rerum magnam ullam ratione.','1984-06-17 20:41:35'),(604,4,4,'Voluptatem rerum pariatur reiciendis et debitis veniam ad. Et repellat dolor sint fugit voluptatum. Ut error laboriosam ab quos perspiciatis. Dolore quia a facilis excepturi voluptatem. Blanditiis voluptatibus error ullam nihil est vel id.','1983-12-07 05:48:27'),(605,5,5,'Sed officiis aliquam dignissimos quo amet officiis fugit. Neque alias debitis perspiciatis et. Nulla recusandae iste id et perferendis enim qui.','1974-05-11 17:06:49'),(606,6,6,'Architecto at quis harum enim aliquid in ipsa. Quae maxime itaque velit minus nobis aut similique. Optio consequatur doloribus excepturi qui et culpa aut.','2018-07-02 18:04:33'),(607,7,7,'Neque placeat autem autem distinctio sapiente dignissimos unde quae. Rem assumenda mollitia qui ipsa provident. Enim sunt similique dolores.','1994-05-27 11:26:15'),(608,8,8,'Quibusdam quidem error aut saepe. Tempora itaque ad maiores blanditiis id facere. Aut sed quibusdam non delectus dolorum ex praesentium.','1982-10-24 01:51:39'),(609,9,9,'Vero fugiat nihil ducimus nesciunt ut minima. Perferendis non veritatis vitae eum.','2005-09-03 08:33:47'),(610,10,10,'Qui sed ex porro ipsa tempora et. Dolorem consequuntur sit voluptas voluptate. Et rerum totam quia et.','2013-02-16 09:13:03'),(611,11,11,'Quae quis facere expedita non perferendis maxime maiores. Qui illum quibusdam odit laborum est tenetur. Facilis quisquam iusto fugit reprehenderit accusamus totam quo fugit.','2020-12-12 19:58:15'),(612,12,12,'Velit sit amet soluta quae voluptas. Repudiandae est et et dolore nisi earum nemo a. Commodi necessitatibus porro voluptatem nam. Quidem quia consequuntur assumenda quaerat.','2019-05-26 20:22:20'),(613,13,13,'Asperiores eius odit sit aliquid. Tempore et sapiente accusamus aut soluta.','2001-03-20 15:01:16'),(614,14,14,'Cumque atque est assumenda at eum labore voluptas. Cum at ullam praesentium ducimus. Tempora assumenda id perspiciatis. Dolores sit consequatur earum corporis.','1994-05-31 19:52:03'),(615,15,15,'Laboriosam nostrum quia ducimus dolores dolorem pariatur doloremque voluptas. Aut sit ipsa quae ratione quas dolores quia.','1983-12-18 00:32:15'),(616,16,16,'Pariatur illo quibusdam consequatur consequatur. Odio nemo et modi voluptatem. Qui fugiat molestiae sit deserunt laudantium reiciendis id.','2012-08-31 20:27:36'),(617,17,17,'Animi nostrum enim autem recusandae excepturi rerum ipsa. Provident ut repudiandae quasi fugiat velit beatae. Nihil debitis fuga distinctio facere pariatur soluta et.','2020-01-15 06:29:40'),(618,18,18,'Et labore soluta repudiandae sit sit ullam ut. Reprehenderit beatae deleniti expedita minus quos adipisci culpa. Inventore ut culpa soluta ipsam omnis.','1994-07-08 18:17:49'),(619,19,19,'Qui quia et cupiditate iste iure tenetur. Deleniti praesentium officiis placeat voluptas iusto alias laborum. Ea saepe soluta eos voluptatem sit molestiae tempore. Reiciendis consequatur doloremque quia quisquam. Dolor et consequatur ipsum ea officiis itaque quis.','2000-08-23 05:18:01'),(620,20,20,'Consectetur minima reprehenderit sed officiis voluptas esse unde. Ut minima laborum adipisci deleniti perferendis et. Et nemo sed et est dolor porro necessitatibus.','1973-09-29 12:30:15'),(621,21,21,'Quo qui velit perferendis ut similique exercitationem voluptatem nihil. Sunt optio non dolor esse in. Quis vero minima eligendi earum quibusdam optio.','1982-01-14 16:55:46'),(622,22,22,'Nulla deserunt incidunt eos pariatur. Dolores sed molestias saepe blanditiis quod natus. Distinctio voluptas illum labore labore omnis et est velit. Porro dolore eius omnis assumenda.','2000-04-15 18:36:11'),(623,23,23,'Ut minima tempora quam odio. Soluta itaque quibusdam nulla delectus qui ea. Commodi et sed ea.','2000-03-12 16:37:13'),(624,24,24,'Consectetur nulla rerum esse quasi. Ipsum et illo aut voluptate aut eaque. Non cupiditate id eligendi debitis.','2021-03-23 06:37:12'),(625,25,25,'Voluptas corrupti consequatur ex sequi rerum illo. Culpa voluptatem ad eveniet laudantium voluptatem maxime. Recusandae ipsum ut quas vel. Sed fuga et impedit.','1996-01-02 11:50:03'),(626,26,26,'Tempora quis at asperiores nisi. Cupiditate debitis adipisci explicabo ratione eveniet. Cum nihil sed ut est et. Soluta reiciendis iusto aspernatur est qui delectus ducimus aut.','1984-03-19 23:15:13'),(627,27,27,'Itaque nihil fuga accusantium placeat. Praesentium vitae dolorum ut earum magni tempora laudantium. Cupiditate officiis officiis unde ducimus.','2005-01-05 15:14:00'),(628,28,28,'Dolorum iure impedit ut. Eveniet corrupti porro occaecati aperiam. Est sed asperiores corrupti iure.','2002-06-03 04:52:42'),(629,29,29,'Optio totam eos odio vel et ipsum dignissimos aut. Et aliquid omnis unde quae. Nostrum voluptas placeat quaerat et ut temporibus placeat. Aliquam amet tempore veritatis eos debitis voluptatem.','2020-11-05 00:44:06'),(630,30,30,'Commodi aut laboriosam nulla voluptatibus alias voluptates consectetur. Et tempore porro id molestiae blanditiis rem quo aliquam. Consequatur necessitatibus at et hic. Nisi soluta est eaque non architecto molestiae velit. Architecto consectetur error unde sapiente non laboriosam sed ratione.','1970-10-16 21:09:39'),(631,31,31,'Possimus eos id perspiciatis eligendi voluptatum optio et. Voluptas provident qui repellendus ducimus sed incidunt aut quasi. Aspernatur nihil eligendi aperiam nemo sit natus odio suscipit.','1982-05-01 18:34:14'),(632,32,32,'Quae esse velit tempora ducimus sint impedit ex. Commodi placeat est commodi iste repellat ducimus et. Consequatur placeat tempore deleniti architecto possimus. Quia voluptatem sit voluptates facilis amet.','2005-09-21 02:45:15'),(633,33,33,'Unde expedita facilis delectus omnis. Dolore ut consequatur aut magni inventore. Id nemo unde numquam numquam deleniti porro.','1997-05-27 09:21:49'),(634,34,34,'Voluptatem nobis error earum eius. Fugit qui possimus numquam quidem at dolorem sed. Ducimus quaerat earum quo mollitia sequi doloribus sit qui. Voluptates atque quos libero voluptatem.','1979-09-30 01:43:28'),(635,35,35,'Porro neque quia libero incidunt. Iusto placeat sunt veritatis quos non omnis. Occaecati nulla facere saepe quia dicta asperiores.','2006-12-29 13:33:37'),(636,36,36,'Necessitatibus voluptatem error ad enim dolor modi quae. Consequatur ea est quaerat atque earum et at unde. Consequatur ut provident qui et fuga sit aut quo.','1979-05-21 14:34:55'),(637,37,37,'Dolor et itaque omnis debitis nostrum perferendis. Saepe vero ipsum voluptatem necessitatibus perferendis. Soluta recusandae sed nihil tempore. Explicabo sed ipsum aut ut est in.','1992-09-29 03:08:26'),(638,38,38,'Rerum repellendus quasi veritatis. Necessitatibus quo qui impedit excepturi. Ab voluptas consequatur aut a commodi. Qui ratione dignissimos ea veritatis reiciendis omnis reprehenderit.','1973-08-19 18:59:40'),(639,39,39,'Consequatur qui assumenda minima velit. Laboriosam voluptatem reiciendis praesentium expedita fugiat velit praesentium. Eos voluptate tenetur facilis earum sequi corrupti voluptatem. Vel totam beatae aut ut nobis.','2019-06-13 23:01:10'),(640,40,40,'Nulla delectus error ea voluptatem dolor ducimus aliquam. Tempora autem quos quia ipsa repudiandae. Molestias corporis totam voluptatem.','1983-05-29 11:33:29'),(641,41,41,'Minus consequatur consequuntur rerum deserunt rerum eos illo consequatur. Nihil aut voluptatum eaque non. Ut eos voluptatem magni qui quis quasi.','1971-08-27 00:15:45'),(642,42,42,'Tenetur vitae et adipisci deleniti veritatis nesciunt eveniet. Eos vel dolores accusamus consequuntur quia unde. Qui deleniti illo sapiente eius in sit quae.','1988-02-25 07:53:16'),(643,43,43,'Ex officiis omnis sed. Et nemo eaque a aperiam dolor. Omnis ipsam ut qui. Qui sed exercitationem sint et soluta repudiandae.','2010-12-23 14:11:18'),(644,44,44,'Assumenda odio sed illo suscipit quasi voluptas. Laborum qui explicabo perspiciatis soluta aut sunt. Pariatur fuga ut atque aut tenetur voluptas.','2000-11-16 03:29:18'),(645,45,45,'Repellendus perspiciatis qui odit qui suscipit nihil. Dolorem aut temporibus a dolores veniam placeat iusto ab. Sunt reprehenderit earum possimus nesciunt. Placeat nam enim voluptatem incidunt laboriosam molestiae.','2003-06-01 05:21:03'),(646,46,46,'Molestiae impedit doloremque ea consequatur illum atque. Qui amet deleniti debitis aut qui minus id. Aliquid quis quis ut.','2016-01-29 17:42:57'),(647,47,47,'Distinctio magni quo natus et rerum architecto dolorum. Qui vel ea et ratione. Architecto praesentium vel rerum veritatis harum. Exercitationem impedit consequuntur voluptatem aut quia nemo vel. Sit iste dolore dolorem nihil alias aspernatur et vero.','2010-03-25 13:38:20'),(648,48,48,'Molestias quidem adipisci et sequi aut pariatur. Sit dolore eligendi cumque. Quis quis impedit quas et tenetur quis.','2008-03-17 01:37:06'),(649,49,49,'Incidunt libero nostrum dicta quibusdam ipsum. Fugit distinctio facere ratione aliquid distinctio laborum molestias. Modi incidunt et consectetur quis. Exercitationem nihil cumque fugiat eum et quia.','1995-03-08 12:52:10'),(650,50,50,'Rerum vero quia officia aut. Iste non pariatur vel quo voluptates reprehenderit ut. Rerum labore dolorum officiis pariatur ut et.','1998-10-20 20:18:28'),(651,51,51,'Saepe ut earum placeat ut. Aut deleniti neque qui. Deleniti qui asperiores eveniet aut in. Dolorum omnis illo quas corporis aut nihil iure dolores. Quo doloremque quia et.','1977-12-12 14:28:59'),(652,52,52,'Enim beatae voluptates soluta similique dolorem atque. Ut perspiciatis cumque at totam. Voluptas ullam beatae animi deleniti assumenda est. Architecto at eos omnis corrupti expedita voluptas in.','1991-08-09 11:06:50'),(653,53,53,'Et est quibusdam itaque iure error omnis neque ab. Ullam vitae quasi nemo veniam fuga vel sequi. Possimus placeat animi earum vitae qui nihil. Hic quasi consectetur porro rem adipisci quas illo temporibus. Odit atque ut beatae dicta voluptas unde.','2002-01-08 03:44:26'),(654,54,54,'Enim sunt ullam qui quae deserunt. Iusto autem est perferendis doloribus consequatur possimus. Soluta autem dolore molestias explicabo dolor perspiciatis qui.','1990-11-28 17:48:51'),(655,55,55,'Quo dolore laudantium at ea placeat et ratione. Sit illum qui eos velit et necessitatibus. Incidunt nobis vel est nobis facere eos labore officiis.','1988-08-25 04:31:39'),(656,56,56,'Quia natus sunt in perferendis velit ab enim. Incidunt amet nihil assumenda animi enim suscipit. Dignissimos dicta aut aperiam excepturi magnam ex. A beatae aliquam delectus magni.','1973-03-22 02:04:47'),(657,57,57,'Id sint magnam excepturi aut ratione. Sed itaque eum quia. Temporibus voluptatem numquam reiciendis. Perspiciatis asperiores nihil laborum amet et ut sint.','1999-10-17 12:05:21'),(658,58,58,'Et explicabo a aut eos. At ratione at molestiae enim totam sint. Enim labore vero repudiandae cupiditate repellendus eaque dolores. Qui sit ullam qui.','1984-06-30 01:48:18'),(659,59,59,'Atque et ipsam facere dolores. Omnis nihil ea officiis doloremque dolorum. Tempore mollitia qui quae excepturi enim. Nemo hic dolore recusandae aut aut sapiente.','1985-12-12 23:46:24'),(660,60,60,'Eveniet asperiores odio sit alias iste recusandae. Nemo illo voluptatem ad. Quam repudiandae aut vitae impedit praesentium. Molestiae ratione tempore ea ut porro nemo.','1994-02-10 07:36:18'),(661,61,61,'Debitis aspernatur blanditiis qui est. Sit porro harum ipsum quo. Cum ab expedita qui quas nesciunt.','2002-04-30 06:03:49'),(662,62,62,'Et et numquam nobis sit et commodi. Enim porro quod et nemo voluptates occaecati et. Sunt expedita natus quia cupiditate voluptate nihil. Minima eveniet veniam hic.','1998-01-17 01:23:58'),(663,63,63,'Id dolores ut consectetur eum eveniet. Consequatur fuga qui optio quisquam error. Inventore atque molestiae nam eum ut qui sed et. Distinctio laboriosam temporibus harum aperiam ducimus.','2002-11-11 19:54:56'),(664,64,64,'Sapiente nostrum perspiciatis quam hic quidem. In vitae modi distinctio. Iusto quia eligendi voluptatum sint aut impedit. Iusto magni maiores porro.','1997-02-25 10:49:08'),(665,65,65,'Laboriosam vel repellendus aperiam vitae minus. Deleniti enim vel molestias exercitationem autem. Temporibus perspiciatis et quisquam quaerat. Veniam ab beatae quo perspiciatis et consectetur. Temporibus dolorem dignissimos totam hic voluptatem quos.','2008-07-21 15:40:49'),(666,66,66,'Veniam et veritatis quasi beatae sit iusto asperiores voluptatem. Fugit et eos neque. Quae debitis modi nihil ut laborum rerum modi. Alias et ea voluptas dolores maiores sapiente.','2000-03-03 23:39:12'),(667,67,67,'Necessitatibus dolores officia ut omnis sint consequuntur. Veniam quo inventore aliquid ipsa eos et. Molestiae ut nulla consectetur.','2018-09-02 06:01:42'),(668,68,68,'Nemo aut dolor saepe ab ut iure. Quae repudiandae omnis aperiam eveniet placeat. Et et et et odit voluptate omnis.','2014-11-14 19:07:12'),(669,69,69,'Et corrupti est pariatur necessitatibus. Dolorum voluptates sed consequuntur nesciunt et. Et sit corrupti voluptatem non nulla aliquid deserunt voluptate. Nisi saepe officiis unde ipsa non debitis veritatis. Fugit cupiditate modi quo recusandae corrupti est officiis.','2019-07-25 16:40:02'),(670,70,70,'Ex vero unde numquam laudantium repudiandae et at. Nobis delectus odio distinctio modi et est. Excepturi non fuga vero non perferendis necessitatibus eos. Quod eius asperiores deleniti et quos est.','2007-11-13 12:28:01'),(671,71,71,'Magni quis quam possimus ut. At quo fugit delectus exercitationem minima et sequi. Consectetur neque non sed ratione.','2011-12-07 05:51:31'),(672,72,72,'Doloremque est dolore commodi quia hic at. Nihil saepe et est fugit aliquid. Repellat omnis quidem qui. Doloremque possimus sunt dolorem dolorem explicabo illo voluptas.','2020-08-01 05:06:21'),(673,73,73,'Velit consequatur laudantium ut iure rerum ullam. Qui vitae libero saepe quo. Architecto qui qui illo voluptatum neque reiciendis itaque. Animi praesentium voluptatem dolor animi ut qui nemo veniam. Deserunt nobis amet ut mollitia ut nostrum magni.','1990-01-26 17:27:13'),(674,74,74,'Dolores sit minus hic doloribus eveniet. Laudantium voluptatem eos cum in eos aut consequatur. Voluptatem qui nisi pariatur provident cum amet qui. Non quis molestiae temporibus nobis magni earum.','1986-08-11 09:12:25'),(675,75,75,'Similique et nostrum blanditiis corrupti. Praesentium possimus explicabo quo corrupti dolorem. Distinctio incidunt incidunt sint odio. Porro asperiores deserunt ratione.','2008-07-29 13:11:28'),(676,76,76,'Sed excepturi et sunt est a sunt cupiditate. Quo ab earum est enim voluptas sit quam. Consequatur ut nam veniam sed cum et qui.','1974-11-20 04:17:33'),(677,77,77,'Exercitationem sed molestiae aut quidem quia ut natus. Ducimus ad velit neque quo corporis dignissimos. Quisquam amet deserunt quia perspiciatis quia eos voluptate. Iusto ex vel officiis voluptas. Laudantium in quos impedit voluptates soluta consequatur animi.','1986-08-25 22:34:43'),(678,78,78,'Possimus sapiente rerum expedita. Nostrum sequi officiis eum sint nemo nemo nostrum similique. Et omnis ut vero nesciunt molestiae harum et.','2002-07-18 08:42:57'),(679,79,79,'Aut nihil dicta officiis quo voluptatibus voluptas ipsa aut. Culpa temporibus ducimus id rerum dolor. Nostrum sapiente laboriosam blanditiis quis.','1972-11-06 08:45:16'),(680,80,80,'Accusantium magnam sint quos velit nulla impedit. Dolor facere in dolores adipisci ipsa.','1988-07-23 23:42:45'),(681,81,81,'Quo et consequuntur voluptas autem ratione doloribus quas. Numquam commodi rerum possimus qui nostrum et. Veritatis reiciendis saepe vel voluptatum. Consequatur qui similique eligendi est eaque unde explicabo labore. Sapiente voluptatum aliquam quam necessitatibus quia voluptate consequatur.','1975-02-02 16:39:22'),(682,82,82,'Velit et aut eum aperiam nostrum aut quod deleniti. Fugiat quia placeat sint qui itaque ut quis. Excepturi dolores animi ex ducimus.','1992-01-17 08:35:58'),(683,83,83,'Odit quaerat commodi asperiores aliquam. Nihil qui sapiente debitis voluptas consequatur alias et. Fugiat at veniam molestiae est tempore eveniet sunt error. Cum unde molestias delectus assumenda enim veritatis.','2001-07-11 22:41:59'),(684,84,84,'Sit fugiat ut sed ut non non aut pariatur. Voluptas ipsa cupiditate natus occaecati. Corrupti aliquid tempora eligendi.','2001-06-21 03:19:03'),(685,85,85,'Accusamus consequatur accusantium enim consequatur ullam dolores quidem. Suscipit impedit voluptatem doloribus sunt consectetur nihil. Illo illo qui quam rerum.','2013-04-28 20:09:19'),(686,86,86,'Nobis quia aliquam et. Quidem sed aut ut in beatae. Inventore minus neque animi sit. Eum omnis aut aut quia ipsum.','2009-10-29 18:46:37'),(687,87,87,'Amet quo quidem et laudantium vitae quod. Voluptates sit sit doloribus possimus explicabo commodi. Nostrum ut perferendis cupiditate praesentium expedita tempora aliquam. Cum repellat ut fugit.','1996-05-22 14:39:31'),(688,88,88,'Id et cumque et libero inventore. Mollitia sed id placeat. Ut cupiditate debitis dolorum esse ea.','2009-01-26 20:39:38'),(689,89,89,'Quam explicabo fuga ipsam deserunt nisi reprehenderit id. Rerum beatae itaque nisi. Et est veritatis error vero fuga molestiae.','1978-07-04 22:38:17'),(690,90,90,'Eaque et quaerat incidunt esse excepturi impedit tempora sapiente. Repellat esse fuga ex tempore et. Occaecati ut quas unde est velit nostrum laboriosam. Sit asperiores laborum architecto odio quos voluptatem eos.','1988-04-11 15:39:55'),(691,91,91,'Repellat cupiditate harum iusto eum ut. Excepturi eveniet ut est autem. Dicta et rerum accusantium ea.','2002-04-13 01:32:26'),(692,92,92,'Rerum fugiat voluptatem et perspiciatis ut architecto et aut. Animi corporis ut in consequuntur dolores placeat. Porro mollitia dolorem nostrum rerum minima veniam. Deserunt eum deserunt deserunt dolorum eos a sed.','2001-09-09 04:42:15'),(693,93,93,'Deserunt est commodi nostrum est. Quibusdam aut sint sint et. Est id consequuntur atque mollitia architecto repudiandae.','2011-01-16 17:05:25'),(694,94,94,'Assumenda ipsam totam qui odit quibusdam nisi debitis consequatur. Animi numquam accusamus quia. Illum nesciunt possimus consequatur id vero.','1987-04-10 10:50:07'),(695,95,95,'Amet est ipsum doloremque facere et iure. Expedita sed unde et repellat praesentium consequuntur eaque sed. Qui minima explicabo harum dolor pariatur consequatur.','2008-02-13 12:13:41'),(696,96,96,'Repellat harum voluptatum alias enim non non aut dolore. Qui error qui quia quis dolorem reiciendis in. Assumenda fugit qui laboriosam quis. Nostrum ut voluptatibus cumque occaecati a voluptate non accusantium.','2020-07-07 23:05:43'),(697,97,97,'Sequi ipsum nobis enim voluptates natus quo temporibus voluptatibus. Ipsa mollitia ab consequatur ratione iure eum. Tempore doloremque qui omnis omnis minus accusamus. Et fugit quod aut nihil ratione laboriosam illum vel.','1984-12-06 15:17:36'),(698,98,98,'Deserunt dolor quia libero et quod sit cum suscipit. At temporibus voluptas eum delectus ut consequatur ut. Quibusdam iste voluptas tempore nesciunt ad quis. Quidem eum quas consectetur unde molestiae.','1973-02-21 00:44:05'),(699,99,99,'Necessitatibus optio dolorem consequuntur nihil adipisci fuga et. Corporis cum omnis doloribus est nam quo laboriosam. Cumque veritatis perferendis sunt ut quod temporibus voluptas adipisci.','1975-11-20 12:46:56'),(700,100,100,'Non fugit voluptatem ducimus sunt qui. Et modi voluptatem dolor autem nostrum qui facilis. At qui perferendis sed officia labore soluta reprehenderit. Fuga animi eos non explicabo reiciendis. Dolores quis necessitatibus porro.','1973-07-07 04:11:17'),(701,1,1,'Ab aliquid repudiandae perspiciatis sapiente. Molestias tenetur nesciunt molestiae rerum ut error. Quaerat consequatur sed et. Sit error rerum dicta quis maxime iusto.','1972-10-02 04:04:11'),(702,2,2,'Culpa alias officia voluptatem illum odit soluta expedita nulla. Modi excepturi expedita quia aut ut omnis. A sit aut dicta laboriosam aut. Excepturi nemo earum alias illo.','2020-09-23 19:59:12'),(703,3,3,'Ipsa autem qui sit sit dolor accusamus facere. Ad voluptatibus vitae modi quis sed ab. Quibusdam explicabo ullam et.','1980-11-30 04:09:55'),(704,4,4,'Pariatur incidunt aut omnis qui non. Et assumenda et a perspiciatis. Adipisci ut dolorem blanditiis enim.','1998-12-12 22:23:24'),(705,5,5,'Distinctio temporibus error adipisci asperiores enim assumenda qui. Rem rem dolorem nihil neque voluptate sed fugiat. Maxime facilis aut minus vel aspernatur.','2003-02-04 11:20:59'),(706,6,6,'Nulla modi et fugit quo perferendis. Et quos fuga rerum tempora nihil modi explicabo enim. Quod sint cupiditate sint non et deserunt molestiae. Dolor eligendi optio sunt vel ut voluptates.','1992-08-21 18:07:40'),(707,7,7,'Amet id molestias id ducimus nisi. Eum incidunt aspernatur est fugit et veniam. Ducimus assumenda libero molestias inventore repellendus quae rerum. Ut ullam dolores doloremque nemo iste.','2006-04-16 16:48:18'),(708,8,8,'Distinctio asperiores quo sint autem animi ut rerum omnis. Consequatur error et neque ea. Architecto itaque harum aut sit animi cum hic. Doloremque quidem rem corporis et nulla.','2014-08-12 21:47:11'),(709,9,9,'Est et labore eos voluptate similique earum dolorum. Nulla ut ut et omnis beatae. Repudiandae molestiae et et est et sed. Sint voluptate suscipit velit dolores enim.','1980-07-24 14:17:52'),(710,10,10,'Unde necessitatibus qui quia quae et quaerat blanditiis optio. Hic doloremque qui modi nemo. Molestiae et sunt ut ipsa rerum similique qui id. Numquam ratione quod quas molestias.','2009-05-27 00:29:50'),(711,11,11,'Quia ut laboriosam et ducimus dolores velit vero consequuntur. Officiis harum rem dolorem incidunt ut beatae. Dolore eius cum explicabo ratione eaque dolore.','2017-07-07 08:34:24'),(712,12,12,'Voluptatem minima commodi voluptas animi velit. Consequuntur laborum nihil iusto. Laudantium praesentium qui velit. Possimus fuga sunt sit enim. Non qui et repellendus consequatur consequuntur.','2017-02-10 22:09:37'),(713,13,13,'Qui occaecati id qui ut occaecati optio qui. Dolor laboriosam deserunt cum molestias. Aspernatur molestiae tenetur officia facilis.','1988-07-13 17:45:02'),(714,14,14,'Atque labore ratione doloremque consequuntur dolor enim. Commodi non sit similique voluptate adipisci id. Ea earum provident non nemo odit vel nobis aut.','2017-07-26 20:40:01'),(715,15,15,'Harum aperiam autem asperiores molestiae sint debitis. Deserunt quia laudantium dolor animi. Pariatur occaecati odio eos possimus.','2008-01-13 08:01:45'),(716,16,16,'Quidem incidunt aspernatur ducimus omnis odit rerum. Fugit harum voluptas eos aut illum dolorum corrupti. Voluptas aut quam dolores cupiditate vero optio.','1996-06-13 13:52:41'),(717,17,17,'Distinctio laudantium veritatis labore. Debitis consequatur corrupti voluptatem quia facilis.','1979-07-15 23:17:58'),(718,18,18,'Quos hic similique cupiditate quisquam suscipit corporis corporis sit. Rerum recusandae natus ipsum quam enim autem adipisci. Odit eum est nesciunt enim aut pariatur mollitia.','2018-07-08 00:39:01'),(719,19,19,'Illum in nesciunt et. Sint repellat ut beatae accusamus ut omnis provident. Odit sit est id dolorem cum pariatur mollitia.','1982-01-06 21:00:53'),(720,20,20,'Rerum qui repellat iure. Assumenda nihil veritatis consequatur nam. Qui et aliquid dolor voluptatibus.','1992-07-10 05:12:06'),(721,21,21,'Velit ex ducimus assumenda consequuntur eius sapiente. Eaque dolores enim culpa ut neque placeat deserunt. Ut voluptatem et et perferendis autem iusto aut quis. Id molestias tempora earum voluptas fugit in distinctio. Magnam sed corporis nobis nesciunt at.','1974-09-18 01:01:58'),(722,22,22,'Reprehenderit et voluptatem dolores ullam. In doloribus nam consequatur voluptate. Dignissimos consequatur qui ut voluptatem autem qui. Culpa qui eligendi dolores labore.','1985-03-13 09:04:51'),(723,23,23,'Quia sunt et vero iure sequi. Iste odio dolorem ea quia sit. Doloremque libero ipsum et ipsa pariatur qui asperiores.','1970-06-06 15:00:48'),(724,24,24,'Sit sapiente culpa sed ut ut necessitatibus expedita at. Ab qui est molestiae est. Sed esse accusamus nisi molestiae quidem enim qui aut. Non facilis animi nesciunt porro provident. Autem nihil sed dolores autem quia et.','2010-10-31 03:25:23'),(725,25,25,'Ipsum assumenda modi ullam repellat. Est ut asperiores mollitia cupiditate veniam odit eum. Et delectus blanditiis deleniti voluptas itaque. Inventore quia provident sunt deleniti nesciunt.','2002-09-08 07:20:59'),(726,26,26,'Labore aliquid sunt voluptatibus. Earum sunt totam et.','1998-02-28 06:52:24'),(727,27,27,'Ipsum aut quis perspiciatis quasi. Ut et omnis perferendis praesentium ut. Quis laborum velit debitis porro similique saepe excepturi aut. Modi nulla est amet sed placeat. Fugit optio consectetur distinctio qui voluptatem dolor.','1981-08-01 19:37:08'),(728,28,28,'Nostrum eos veniam ex deleniti sed. Sed laboriosam officia aliquam vitae facere ut. Voluptatem cupiditate laudantium consequatur optio. Ut incidunt quia vel provident aliquam sed.','2004-09-26 10:16:23'),(729,29,29,'Sed sit aspernatur voluptatem velit dolorem est. Facilis voluptatem tempora veritatis nihil. Odio aliquid ut consequatur qui. Recusandae iure quisquam enim aut consectetur nisi.','1971-12-10 21:37:44'),(730,30,30,'Eveniet tempora magni deserunt. Sed architecto harum odio architecto qui. Vel quia facilis reprehenderit et quia quae nam.','2009-12-09 21:04:14'),(731,31,31,'Et qui dolor aut minus in voluptas aut. Ea eaque molestiae tenetur. Id ipsum sit ipsa minus cum. Dolorem accusantium ea tenetur est quaerat quibusdam sit.','1980-12-28 06:15:57'),(732,32,32,'Facilis et magnam quia expedita ut. Repellat enim qui sapiente. Quia expedita adipisci et atque esse repellendus dolorum.','1975-12-04 05:33:13'),(733,33,33,'Ab ut consequuntur et tempora. Omnis sint deserunt consequatur voluptate commodi porro repellendus. Aliquid quia beatae eaque iste rem. Placeat maxime velit dolor voluptates occaecati.','1970-05-25 06:41:58'),(734,34,34,'Cumque in ut aut error aperiam. Tempore veniam ea aliquid voluptatem. Architecto et dolores delectus dolorem doloremque magnam ad. Consequatur possimus saepe consequatur eum porro rem.','1984-05-26 05:44:00'),(735,35,35,'Doloremque non numquam voluptatem esse ut qui ea. Esse ut velit voluptatem aut. Ab molestiae et repellendus et id illum.','1984-06-04 08:30:37'),(736,36,36,'Aut mollitia optio maiores architecto laboriosam. Quia omnis dolorem atque sed et. Voluptas sequi quae a ut. Ex enim optio corporis qui porro explicabo doloremque. Quia repellendus nisi ex cum accusamus architecto.','1993-12-10 18:03:24'),(737,37,37,'Est blanditiis nulla qui minus in aspernatur ipsa. Sit aut consequatur quis provident consequatur maiores.','1982-11-14 16:27:43'),(738,38,38,'Et modi atque dolores architecto sit unde sit. Est laudantium dolorum quaerat maiores. Veniam minus aut voluptas quisquam delectus repellat. Iusto provident non cupiditate non ut molestiae.','2020-10-30 11:55:06'),(739,39,39,'Dignissimos ut fugit non. Repellendus molestiae voluptate aut ea laboriosam corporis corrupti. Dolorem vitae nobis aut omnis corporis nesciunt. Inventore minima nam quaerat repudiandae voluptas esse.','1974-01-28 02:18:22'),(740,40,40,'Quis nostrum commodi deleniti fuga qui temporibus quia. Officia aut dolores dolore. Qui error consequatur facere voluptatem pariatur. Ea vel eos commodi nemo.','1980-10-30 00:00:00'),(741,41,41,'Reprehenderit et est placeat tempora tenetur. Voluptates commodi neque exercitationem ut eveniet minus ipsum. Voluptate doloremque ullam ea. Et consectetur enim earum.','1994-04-06 19:50:14'),(742,42,42,'Velit et itaque illo velit. Deserunt vitae dolor ducimus unde voluptatibus. Ea odit voluptate nihil sint. Unde sit delectus amet delectus non omnis expedita.','1995-03-10 05:50:59'),(743,43,43,'Quia voluptatem ex voluptatum. Dicta et eaque eum aut voluptatem soluta. Est non sed magnam laboriosam numquam et. Quis alias sit quisquam.','2008-12-18 06:27:51'),(744,44,44,'Facere dolore voluptas corporis. Aut eum est odio nemo magnam soluta et. Velit ducimus corporis nemo ut. Molestias ea culpa odio fugit deleniti sapiente in. Magni earum molestias deleniti voluptatem eum.','2017-02-25 08:54:58'),(745,45,45,'Dignissimos tempora sit rerum sunt. Dolor consequatur nihil molestiae accusamus. In et odio modi accusamus.','2016-06-25 06:31:44'),(746,46,46,'Rerum unde iusto eveniet corporis reprehenderit corrupti libero. Id vero voluptatum enim eveniet quam aliquam est. Est eum quis vitae quae nihil. Ea et sit dolorem quis ut magnam minima.','2010-03-19 15:01:59'),(747,47,47,'Quia ut omnis sit at quia deleniti aut corrupti. Quos quia quo voluptatem id eaque quo nihil culpa.','1989-10-08 09:52:48'),(748,48,48,'Incidunt maxime quis distinctio mollitia quisquam esse. Dolores hic sunt vero eveniet et id fugit. Maxime dignissimos totam expedita laboriosam ratione blanditiis. Aliquam repudiandae optio fuga saepe velit. Quas quisquam temporibus hic ullam sit enim et placeat.','1989-11-28 07:52:00'),(749,49,49,'Quis consectetur nemo tempora ut est maiores. Est eaque ullam repellendus nobis. Asperiores quo soluta et nam repellendus. Dolores a vero ipsa ea sit iste. Voluptas sunt accusamus qui voluptas blanditiis quia sunt.','1980-02-02 19:33:33'),(750,50,50,'Earum eos incidunt dolore magnam consequuntur reprehenderit. Recusandae aperiam hic est optio. Ratione sit odio sint iste deleniti qui tempora eius. Neque accusantium quia laudantium esse nihil sunt eos dolore.','2008-01-02 12:58:23'),(751,51,51,'Pariatur neque sint molestiae blanditiis est eum et facere. Sapiente consequatur vel ex quidem sed delectus ducimus. Et vitae sunt voluptatem et.','2006-07-15 18:36:33'),(752,52,52,'Omnis reprehenderit aut quia voluptate. Dolores odit explicabo est numquam. Est velit cum eos sint commodi.','1975-05-10 02:42:44'),(753,53,53,'Consequatur voluptates voluptatum ea autem delectus ex. Porro amet aut facilis sit cum. Earum quis libero repellat quis quia. Asperiores aut vero provident nesciunt. Eum harum ad sunt.','1992-07-12 19:59:41'),(754,54,54,'Soluta suscipit dolores ab quos. Eos rerum voluptas repudiandae. Placeat vel repellendus laboriosam laboriosam.','1990-06-01 15:29:47'),(755,55,55,'Odio eveniet minus consectetur sunt laborum sunt velit hic. Eum laboriosam enim in tenetur doloribus. Omnis deleniti commodi et commodi.','1977-04-18 19:15:58'),(756,56,56,'Enim et perspiciatis ipsum delectus consequuntur. Eius est est tempore enim. Vitae sed vel reprehenderit sint debitis quasi sunt.','2016-07-23 00:03:05'),(757,57,57,'Quas ipsam dicta voluptates. Ut similique sunt nemo distinctio et pariatur qui. Earum fugiat et delectus error ut.','1991-07-28 17:36:51'),(758,58,58,'Veniam dolor magni aspernatur quia laborum itaque sunt. Voluptate totam natus laudantium eos dicta similique. Iure excepturi sunt est soluta dolor.','2009-07-24 23:23:11'),(759,59,59,'Enim in sit sapiente molestias error. Maxime dolor et et. Veniam voluptatem consequatur fugiat ipsam enim nobis modi animi. Laudantium facilis dolorum quo tempora voluptatibus.','2009-12-24 08:14:40'),(760,60,60,'Expedita consequatur qui odio error in a omnis. Facere ipsum id tenetur itaque fugiat. Rerum sequi suscipit assumenda et. Quisquam sint voluptas ad eos sequi voluptatem perferendis.','2011-01-30 14:56:35'),(761,61,61,'Laboriosam dignissimos sed delectus incidunt voluptatem laudantium enim. Voluptatem ut consequatur mollitia est. Quia quia odit in nulla temporibus.','2009-04-10 10:55:48'),(762,62,62,'Quae dolorem voluptate quam necessitatibus dolorem. Itaque pariatur quidem laboriosam deserunt dolores. Possimus provident assumenda qui modi. Dicta ad asperiores commodi sit nihil.','1990-06-02 23:25:26'),(763,63,63,'Consequatur inventore asperiores quasi consequuntur unde. Quos alias ea excepturi et a vero nihil assumenda. Molestiae eum ipsum tenetur reiciendis aspernatur.','1983-03-22 21:18:23'),(764,64,64,'Et id repudiandae non sint ullam voluptatem sit. Sit neque in quam non necessitatibus. Repudiandae quia et non nulla ipsa. Itaque pariatur qui maiores sed eligendi dolorem sit. Suscipit est nihil praesentium aut omnis.','1971-07-31 16:30:48'),(765,65,65,'Et at ex voluptas exercitationem dignissimos sed. Harum iure laboriosam aperiam et qui minus distinctio. Voluptate quos illo dolorem veritatis. Corporis quia et voluptas rerum id consequatur vitae velit.','2016-08-23 15:01:51'),(766,66,66,'Ipsa nihil inventore quasi in voluptatem. Qui voluptatem voluptatem aspernatur voluptas et. Est quo voluptas qui enim repellat.','1973-08-10 20:07:11'),(767,67,67,'Consequatur minus consequatur earum. Ipsum est facilis unde corrupti quis nam.','1981-06-04 22:30:34'),(768,68,68,'Sed rerum ab enim explicabo sed odio eius. Sequi iure quis eaque cum vel at maxime. Vitae iste occaecati laborum repellendus nulla.','2001-11-16 21:09:10'),(769,69,69,'Ut et beatae voluptates voluptas eum dolores ut. Quo vel placeat omnis sint consequuntur. Qui adipisci tempora qui atque optio cumque quaerat.','1984-08-14 14:34:41'),(770,70,70,'Omnis et iste officiis delectus dolore delectus. Voluptas illo quia autem quidem facere ut distinctio. Nesciunt id nostrum quas a qui quo et. Iste recusandae recusandae odio error sed natus.','1981-10-10 17:01:43'),(771,71,71,'Omnis quas quas quis delectus. Laudantium blanditiis suscipit repudiandae necessitatibus cumque voluptates.','1972-07-17 08:21:22'),(772,72,72,'Aut ea ad nisi omnis. Dolor nostrum rem est et necessitatibus. Sequi perferendis vel ea commodi.','1977-02-10 21:01:22'),(773,73,73,'Id ut laudantium nesciunt aut at ducimus. Omnis aut tenetur excepturi. Illo qui quaerat voluptas quidem et. Neque ea voluptatem et consequatur ipsa error aut.','1977-08-29 02:38:26'),(774,74,74,'Ullam ipsum et dolores rerum accusamus nam non. Est blanditiis non est est ut ipsa voluptas. Voluptas sunt nihil et deserunt. Aut saepe non ut doloribus fugit porro accusamus.','2010-10-15 17:37:50'),(775,75,75,'Fuga repudiandae sapiente qui ea iste delectus quia. Sint magni numquam et repudiandae doloremque vitae sed blanditiis. Est quidem aut reprehenderit unde consequatur nisi.','2008-07-06 04:28:40'),(776,76,76,'Rerum ad qui possimus. Porro sed ad est nihil quia amet reiciendis magnam. Cumque ut et nobis dolores inventore temporibus.','2007-09-20 07:40:18'),(777,77,77,'Tenetur corrupti voluptatem nostrum neque et. Porro consequuntur dignissimos quibusdam sit consequatur alias. Occaecati vel recusandae id et voluptates. Maiores ipsa ducimus neque eligendi dolorem placeat quasi.','1991-01-21 03:13:57'),(778,78,78,'Qui eligendi cupiditate qui impedit. Nulla ratione sed dolores. Deserunt atque consequuntur culpa debitis eligendi. Atque possimus facilis commodi a.','2007-05-20 17:53:13'),(779,79,79,'Dolor nam minus enim aperiam eum id. Quidem est omnis autem nihil porro porro a. At vel eum eum quam qui eaque animi.','2018-03-10 22:24:47'),(780,80,80,'Laudantium facere fugiat nihil est aliquid est quia. Aut similique quasi est quasi. Quod quasi nobis sapiente.','2000-01-23 13:18:50'),(781,81,81,'Necessitatibus aperiam magnam aut atque cumque expedita unde. Sapiente dolores quidem aut commodi vel voluptas aut. Itaque sed omnis cupiditate eligendi.','2017-09-03 10:15:58'),(782,82,82,'Fugit et dolores qui et laboriosam eos. Et laborum voluptatem repellat modi atque debitis est. Placeat eius et explicabo praesentium ipsa. Porro porro explicabo temporibus et delectus ullam.','1986-11-12 02:26:12'),(783,83,83,'Unde accusantium numquam beatae molestiae. Magni culpa natus tenetur inventore. Quia ipsum ea veritatis praesentium consequatur non fuga. Autem qui placeat dolorem facilis ratione quas dolorem.','1985-05-05 01:41:52'),(784,84,84,'Assumenda harum aut aperiam ut tempora. Fugit voluptatem nam aperiam ratione dignissimos. Ad voluptas doloremque omnis nam odit.','2012-07-05 09:07:26'),(785,85,85,'Suscipit consequatur eum odit omnis. Excepturi delectus voluptatibus officiis nisi tempore repellendus. Occaecati harum natus numquam corporis magni repudiandae. Sapiente temporibus nesciunt temporibus voluptas.','1982-10-15 11:05:24'),(786,86,86,'Corporis expedita doloribus ducimus facere enim nulla. Itaque quo saepe consectetur sit. Explicabo qui harum expedita autem. Molestiae rem ex aliquid tenetur sed.','1983-07-11 09:06:57'),(787,87,87,'Provident voluptatum eos voluptates harum omnis laborum. Amet autem provident dolorum officia consequatur doloremque. Voluptatibus veritatis alias voluptatem labore vero. Fuga quidem similique eligendi provident quisquam id enim in.','1986-09-05 16:16:23'),(788,88,88,'Corporis quia ducimus tempore magnam eum. Quo qui quidem qui quidem expedita sint ratione. Aliquam ut saepe impedit.','1996-02-27 02:52:31'),(789,89,89,'Adipisci reiciendis laboriosam est non id necessitatibus et qui. Culpa autem neque veniam deserunt labore hic. Tenetur molestiae commodi ut in.','2012-12-15 14:46:55'),(790,90,90,'Magni est neque at et ipsum sequi. Qui repudiandae eaque mollitia occaecati. Tenetur natus et est sint asperiores culpa. Sint ea amet omnis illo eaque eos autem.','1972-01-22 08:40:04'),(791,91,91,'Dolorum aliquid in voluptatem necessitatibus non tempore enim. Maxime delectus qui est repellendus. Unde unde reiciendis error qui eligendi sit quae. Veritatis unde omnis in ab eum illum.','2010-03-09 08:11:05'),(792,92,92,'Minus culpa non quis. Nihil perferendis accusantium deserunt ad minima tempora. Labore autem ut quia itaque non provident veniam. Ex iusto minima eos sed.','2014-05-09 15:12:54'),(793,93,93,'Temporibus eligendi nobis aperiam distinctio sint. Voluptatem et id possimus et. Tenetur doloribus maiores id sed cum maxime. Quam nihil culpa placeat officiis aut. Sequi cum assumenda ut eum repudiandae.','2014-08-31 05:10:59'),(794,94,94,'Nam dolor est sapiente distinctio dignissimos distinctio. Id eos quam repellat mollitia inventore. Soluta omnis omnis eum eaque dolore quaerat.','1996-07-03 16:35:05'),(795,95,95,'At in cumque quos. Iusto ut occaecati voluptas ex magnam. Molestias dolore consequuntur et qui. Ea vero distinctio reiciendis sunt ab voluptate voluptatibus.','2004-12-14 08:31:43'),(796,96,96,'Deleniti quos dolore fugiat atque dolor velit eaque. Omnis vel expedita et esse.','1975-09-02 02:17:47'),(797,97,97,'Non aut quas accusamus nisi. Non sit sit corporis maxime autem.','2006-04-30 21:11:54'),(798,98,98,'Recusandae mollitia aliquam delectus reprehenderit quia distinctio in. Iusto explicabo repellendus vel illo quis. Odio laboriosam est quis consectetur aperiam. Consequatur sed eligendi molestias ullam quia est quia doloribus.','1994-06-08 02:27:22'),(799,99,99,'Illum ut ea quod molestiae voluptatem. Modi veniam labore et sit.','1972-06-25 07:59:19'),(800,100,100,'Voluptate fuga tenetur voluptas itaque totam. Aut illum dolores accusamus nihil. Aut earum hic vitae omnis eveniet quae. Est aut ea enim id velit error itaque commodi. Aut sit sed eos et ut aut.','2005-07-17 08:44:25'),(801,1,1,'Laborum laudantium unde optio qui. Quibusdam itaque quo eos labore quidem. Molestias qui eligendi ad voluptas temporibus dolorum aut. Totam ratione rerum accusamus veritatis est.','2004-07-15 02:14:37'),(802,2,2,'Reiciendis possimus laboriosam aut ullam natus doloribus. Tempora voluptatum et dolorem blanditiis voluptate. Quo omnis maiores ab. Magni vel beatae autem soluta et molestias nobis cupiditate.','1981-05-04 00:33:15'),(803,3,3,'In dicta architecto sunt suscipit iste perferendis esse. Harum perspiciatis quis facilis non repellendus aut. Saepe sint illo numquam aut.','1996-07-18 01:53:22'),(804,4,4,'Sapiente quibusdam ut aut magni. Aut ipsum veritatis dolorem animi amet eos. In iusto doloribus consequuntur aut voluptatem illum sint architecto. Nesciunt fugiat asperiores adipisci illum ex aspernatur ipsum.','2003-11-24 10:55:31'),(805,5,5,'Temporibus ex eaque reiciendis quis voluptatem et voluptatum repellendus. Expedita enim facere vero cupiditate provident laborum fugit. Iusto ipsum voluptas cum autem. Dolorum laborum sunt nam ab.','2000-04-01 11:32:45'),(806,6,6,'Quod hic quasi enim incidunt quia. Rerum numquam consequuntur non quidem. Accusantium suscipit ea id quas. Sed et enim ea asperiores eum est qui.','2010-05-14 07:54:14'),(807,7,7,'Magnam mollitia unde qui. Quaerat quis aperiam vel inventore sed. Veritatis possimus sint optio velit quasi.','2013-12-08 20:26:14'),(808,8,8,'Quia similique dicta temporibus et. Vero unde et laboriosam voluptatem earum vero. Ut quaerat commodi repellat aut ut non velit.','1981-05-22 23:16:47'),(809,9,9,'Sapiente officiis incidunt voluptatum tempora nesciunt et in. Quis maiores placeat odit tenetur nostrum nihil inventore. Aut aperiam dolor inventore porro rerum. Tempore in suscipit deleniti et.','2011-09-25 22:51:02'),(810,10,10,'Quia quisquam qui incidunt voluptatem. Optio quia earum porro adipisci fugit consequuntur. Nemo atque sint non consectetur repellendus.','2016-05-28 21:35:14'),(811,11,11,'Vel sit sint totam quod. Ipsam voluptatem ea iure dolorem. Et facilis culpa animi tempore ut. Facere placeat sit nam eos exercitationem.','1978-12-29 22:20:15'),(812,12,12,'Mollitia culpa veritatis blanditiis pariatur. Minima eveniet quaerat dolorem quae dolorum cupiditate. Et et voluptatem ut beatae illo error atque voluptatem. Et nobis sequi et quae voluptas.','2001-11-19 09:51:52'),(813,13,13,'Omnis culpa illum est perspiciatis. Fuga dolor quas mollitia quis. Et explicabo et architecto nostrum praesentium labore magnam.','1974-10-14 01:07:43'),(814,14,14,'Amet magni velit quod deserunt exercitationem beatae. Dolorem et possimus maxime omnis dolore nihil. Placeat aperiam deleniti architecto error eaque neque debitis rerum. Et consequatur voluptas eius dicta quod.','1998-05-29 16:20:20'),(815,15,15,'Laboriosam non placeat et saepe natus. Excepturi qui possimus sequi. Asperiores corrupti optio debitis consequatur commodi necessitatibus saepe voluptate. Voluptas sunt voluptatem voluptatibus magnam accusantium voluptatem.','1981-05-08 21:16:15'),(816,16,16,'Sed voluptatum accusamus quaerat aut. Aliquam qui modi atque ab nemo suscipit. Officia est laboriosam mollitia cupiditate dolor laboriosam omnis eveniet. Eos sit laudantium deserunt repudiandae dicta est voluptas.','1973-06-28 08:50:22'),(817,17,17,'Consequatur odit quibusdam enim eveniet sit. Aliquid similique illo natus pariatur. Quidem temporibus qui aut temporibus occaecati.','1978-06-29 21:09:48'),(818,18,18,'Expedita magni consectetur cum deleniti esse aspernatur voluptate. Distinctio omnis rerum sunt ut expedita minus expedita. Laborum voluptatem enim fugiat possimus temporibus.','1986-10-02 13:18:05'),(819,19,19,'Dolorum iste occaecati et expedita corporis consequatur. Libero aspernatur fugiat iste eligendi. Amet quod sed labore aut facere quas laboriosam.','1973-01-06 16:48:43'),(820,20,20,'Repudiandae facere nulla quo nisi ipsum maiores ad. Aut eos cum eos quibusdam dolor et. Soluta aut nesciunt eum tempore quidem non voluptate. Ullam a esse molestias.','1996-07-10 06:54:51'),(821,21,21,'Libero facilis consequatur cumque cum quod quos aut. Fugiat atque distinctio quia inventore. Dicta similique minima consequatur. Beatae repudiandae harum eius voluptas autem. Tempora rerum sed maiores voluptatem provident qui.','1983-07-01 19:39:13'),(822,22,22,'Provident exercitationem distinctio et atque rem dolore. Illo accusantium quas quo voluptatem rerum adipisci ipsa. Est veniam rerum nesciunt amet et ipsum.','1973-09-13 21:56:29'),(823,23,23,'Hic dolorem alias sint aliquid fuga. Quaerat omnis quibusdam consequatur recusandae occaecati accusamus. Quia perspiciatis dolorum architecto. Nulla eum atque nam harum. Et quos dolor blanditiis ut autem molestias ut.','1988-05-27 15:06:42'),(824,24,24,'Officiis qui magni et ut. Corporis sed sint mollitia exercitationem magni. Aliquam et nesciunt quas. Est sunt iusto cumque harum.','2001-02-18 10:30:38'),(825,25,25,'Iste nihil odio corporis nisi. Officiis unde quis ducimus corporis dolor dolores rerum. Provident quo id eos nihil quia et. Quia voluptatem maxime qui error ut dolor quae.','2005-06-29 15:25:24'),(826,26,26,'Neque accusantium minima commodi sint ipsa eius est. Autem consectetur libero temporibus nostrum laudantium dolorem. Id omnis nisi quos ex iusto error. Molestiae sed natus officia voluptatem qui quam.','2013-02-04 20:14:49'),(827,27,27,'Necessitatibus ipsa alias non rerum non non non. Aut voluptatem similique qui aperiam. Maxime voluptatem magnam quas eaque et quaerat non. Officiis ea nulla iusto aut cupiditate et.','1991-10-05 01:11:50'),(828,28,28,'Eos sed et ut saepe quo asperiores. Quo voluptatem dolores quo aut vero quo minima. Et dignissimos suscipit veritatis.','2004-12-27 20:24:12'),(829,29,29,'Cum voluptatem voluptas harum porro adipisci dolores. Nobis voluptatem rem odit delectus. Quia voluptas aut id qui nesciunt. Quis eos vel ipsam. Qui explicabo cum et perspiciatis molestiae maxime.','1995-06-05 18:31:34'),(830,30,30,'Accusamus inventore sed ipsa eius aut soluta omnis unde. Consequatur suscipit non beatae deleniti illum temporibus. Tempore blanditiis voluptatem alias veniam natus vel.','2008-02-09 02:41:42'),(831,31,31,'Consequatur itaque repellendus illum quis. Omnis ab sunt velit consequuntur. Dolores natus distinctio enim aut magnam et molestiae minus.','1970-12-29 20:34:25'),(832,32,32,'Sed voluptatum maiores ullam at accusantium. Excepturi itaque quibusdam optio quos ipsam distinctio omnis est. Ducimus illum iste omnis perspiciatis.','1996-03-11 04:59:36'),(833,33,33,'Hic qui autem quisquam. Recusandae et qui rem sed unde neque repellat ratione. Reprehenderit ut dolorem ullam quis corporis dolorum nostrum. Eum neque autem ut ex eius perspiciatis. Corporis ad dicta fugiat.','1978-06-19 04:06:19'),(834,34,34,'Quis quia minima expedita. Dolorem omnis qui unde ratione porro. Vel nisi voluptas error autem voluptas modi.','1978-07-28 07:12:38'),(835,35,35,'Assumenda cumque ipsam velit minima voluptas. A rem nisi eligendi fuga nihil exercitationem nihil et. Consequatur illum est quae eos odit eos.','1982-07-19 01:26:56'),(836,36,36,'In est qui voluptate pariatur quia. Molestiae consequatur molestiae illo quia aut sunt quos. Veritatis totam laudantium optio consequatur quia necessitatibus. Illum beatae perferendis repellat commodi ad.','2015-06-16 05:36:14'),(837,37,37,'Qui eius iusto consequuntur qui enim quidem ut. Voluptatum qui aut nobis architecto. Asperiores modi possimus quia animi consequuntur.','1985-03-24 15:01:20'),(838,38,38,'Nihil qui sunt alias rerum nisi aliquam. Blanditiis ut rerum accusamus qui corporis odio. Quibusdam omnis deserunt dolores est vel.','1987-05-07 21:14:59'),(839,39,39,'Amet officiis commodi est qui amet omnis natus. Earum est aspernatur et eum placeat sit quia. Qui necessitatibus mollitia sed nesciunt nam eum. Ut corporis harum est in.','1986-04-20 03:01:46'),(840,40,40,'Ea libero inventore aut. Eum est iusto vel dolorum distinctio facilis. Dolorum voluptatem consequatur quidem quam molestiae.','1984-12-07 05:43:48'),(841,41,41,'Officiis veniam voluptas similique sapiente. Tenetur nulla labore est et voluptas amet. Optio ad hic exercitationem et voluptatem. Eum error ut et optio est.','1991-07-07 22:05:36'),(842,42,42,'Non et aspernatur aut et ut voluptas. Eum deserunt natus quaerat ut sunt amet nihil animi. Sunt quisquam quas eos. Voluptatem ut est officiis laborum. Dolore hic consectetur officia non possimus ea qui.','2015-04-18 13:06:51'),(843,43,43,'Culpa ratione molestias excepturi dolor voluptatem in. Provident quod omnis dignissimos quam rerum incidunt doloremque. Tempora impedit sapiente voluptatibus sit esse.','2017-11-06 11:55:53'),(844,44,44,'Reiciendis est quidem ratione hic dolorem error delectus illum. Ut temporibus deserunt repellat velit non assumenda. Ullam doloribus aut totam ad. Enim non et eveniet dicta.','1981-09-11 05:29:59'),(845,45,45,'Impedit aut pariatur dignissimos voluptate ut nam voluptate aut. Et error minus dignissimos. Ut aperiam neque qui est maiores fuga. Architecto et sit dolores quos ex quidem est.','2008-04-30 23:31:00'),(846,46,46,'Qui velit aut id omnis sit non. Et ut amet quo occaecati id. Tenetur voluptas possimus totam impedit ipsum aut ratione. Et porro qui debitis ad fugit corrupti saepe.','2008-10-10 14:44:26'),(847,47,47,'Dicta voluptatem sint suscipit et ex ut. Voluptate magni est id qui dicta voluptatem quia quos. Aut ipsum quo dignissimos vitae voluptates molestiae.','1973-09-19 04:44:24'),(848,48,48,'Explicabo qui temporibus dolor aut rerum fugit. Quidem earum non non omnis veritatis totam a. Quibusdam natus et qui. Reiciendis hic consectetur sed laborum quam natus.','1993-06-08 22:27:31'),(849,49,49,'Molestiae quo nostrum est inventore repudiandae. Totam vel aut eum ea doloribus. Expedita labore inventore sit nemo quisquam. Qui aut distinctio voluptatibus dolorem ducimus at.','1995-07-01 06:58:13'),(850,50,50,'Nam nobis in et tenetur ut. Nemo dolorum non ex doloremque. Nisi ipsa eligendi officia repellendus quam nostrum.','2012-05-03 08:17:33'),(851,51,51,'Odit est dignissimos recusandae eum iusto voluptas. Aspernatur perspiciatis sunt non aliquam. Sed et laborum quaerat reprehenderit. Ut ex id modi vel reprehenderit asperiores odio optio. Blanditiis odio aut vel quia.','2011-07-10 18:00:21'),(852,52,52,'Omnis laudantium vel dolor qui enim quae. Et ratione ut dolores molestiae fuga animi. Ipsum ad distinctio ut hic non. Enim eum fuga voluptate deleniti.','1985-08-22 16:18:42'),(853,53,53,'Pariatur et illo consequatur. Qui dolorum sapiente qui in vitae aut. Blanditiis est voluptatem sit omnis ratione nobis esse. Quos a temporibus dolores ab magni placeat.','1991-07-03 10:39:26'),(854,54,54,'Repellendus voluptatibus pariatur ab mollitia at quas aliquam. Commodi repellendus in vel incidunt dicta. A sunt voluptates tempora ut. Porro repellat est eveniet voluptatem quisquam quaerat quae. Eum qui veniam inventore sit repellendus possimus.','2016-04-10 22:46:36'),(855,55,55,'Aut perspiciatis sit similique numquam quos voluptatem consequatur. Enim et et quis modi adipisci soluta quo. Et quia optio delectus rem dolores.','1989-07-15 17:28:30'),(856,56,56,'Molestiae molestias rerum consectetur quia voluptate ea sint voluptas. Qui voluptas reprehenderit nobis consequuntur ipsum sed ipsam.','2011-10-13 17:59:01'),(857,57,57,'Quam exercitationem officiis nisi assumenda consequatur qui explicabo. Atque natus saepe rem temporibus et est. Eum non in est nobis id sapiente ut excepturi. Eos nobis aut ducimus in et qui adipisci porro. Provident omnis quia est nobis.','1985-12-18 21:51:55'),(858,58,58,'Odio molestias enim enim animi qui quidem velit sit. Vero id vitae quae suscipit sunt impedit esse. Sunt consequatur cum quae et quam quis. Et ut dicta repudiandae delectus a sed.','1990-04-24 18:19:20'),(859,59,59,'Eveniet sunt occaecati illo. Earum aspernatur sed qui omnis quod. Laboriosam non voluptatem ducimus incidunt repellendus veniam. Quod necessitatibus esse voluptatem omnis soluta.','1995-10-25 03:40:34'),(860,60,60,'Culpa facilis suscipit et dolor dolore. Amet ea sint rerum explicabo velit aliquid doloribus. Non sit doloribus dolorum quis officiis est inventore. Id officiis molestias rerum et fugit magnam iusto. Eum sit laborum et voluptatem impedit velit et.','1997-08-04 11:30:22'),(861,61,61,'Aut ipsa adipisci velit pariatur et et. Soluta harum optio nam praesentium debitis ipsa quas. Qui quae omnis recusandae ipsa asperiores. Est dolore qui odio et eum.','2020-05-01 11:15:57'),(862,62,62,'A unde itaque voluptatem sapiente exercitationem repellendus quia. Magnam et suscipit facilis numquam repudiandae eius ad. Deleniti sapiente culpa laudantium sunt quia at ea ratione.','2018-04-18 13:34:13'),(863,63,63,'Aut voluptatem veritatis ut et est porro. Aut necessitatibus natus reprehenderit voluptatum quasi ullam perferendis. Ratione aut quasi qui. Earum molestiae eum alias ut quod cupiditate.','2003-04-12 04:40:16'),(864,64,64,'Ut et unde esse ab quibusdam. Dolores qui ipsum eligendi sunt id voluptate. Et voluptatem labore quisquam minus sed magni consequatur. Deserunt iure consequatur autem.','2007-01-21 01:20:58'),(865,65,65,'Delectus aut sunt perspiciatis id molestias. Sed est error vero atque sed itaque. Ea quia quia quia et aspernatur nemo. Qui ex est doloremque omnis ab sunt.','2011-04-14 08:27:33'),(866,66,66,'Temporibus inventore assumenda aut. Quasi qui nobis nisi possimus. Eos accusamus aut enim exercitationem pariatur ex. Eos deleniti vero ab architecto ab magnam rerum.','1989-07-03 11:46:54'),(867,67,67,'Neque esse neque mollitia dolore maxime quisquam sed. Aut et quisquam eius laudantium cumque excepturi repellendus. Sapiente quia hic et vel.','1985-02-23 08:45:01'),(868,68,68,'Earum cumque eligendi aut eligendi consequuntur. Qui voluptatum voluptas quis neque. Modi in eum officia aut dignissimos. Possimus ea ullam neque rerum.','1988-04-25 14:32:52'),(869,69,69,'Temporibus voluptas possimus nulla perspiciatis libero ratione voluptate animi. Itaque aut nisi sed eveniet architecto unde et voluptatem. Dolorum labore quis quae modi in quis qui quae. Ullam unde consequatur odio laborum.','1975-04-28 14:42:37'),(870,70,70,'Perferendis sint consectetur nostrum ut. Maiores culpa aut a blanditiis eveniet. Iste qui velit et dolorem.','1997-09-19 21:16:10'),(871,71,71,'Quam veniam culpa et. Omnis fugit eveniet deserunt id dolores unde error. Sed velit eveniet perferendis delectus est tempora.','1978-10-24 23:47:51'),(872,72,72,'Nobis et dolorem eaque. Eaque voluptas qui facere omnis dolores recusandae a corporis. Quam ut deserunt deleniti odio qui repellat aut sunt. Ut ut voluptates non explicabo numquam.','1976-12-15 05:14:31'),(873,73,73,'Doloremque culpa cumque iste at perspiciatis. Quo eum voluptates eveniet cumque aliquam. Vitae ea amet accusamus earum.','1982-02-02 17:11:52'),(874,74,74,'Ut earum libero nam voluptates velit cupiditate. Aut doloremque eligendi laudantium omnis sit provident. Perspiciatis ut omnis vero vero ad natus fugiat.','2020-05-19 01:10:50'),(875,75,75,'Quia deserunt consequatur sit. Dolore in excepturi suscipit consectetur ut.','1981-07-20 20:24:30'),(876,76,76,'Alias nam sunt exercitationem minima. Distinctio sapiente tenetur esse assumenda. Velit ut ut adipisci reiciendis inventore voluptas minima. Qui blanditiis minus non consectetur qui ut.','2002-07-03 17:54:06'),(877,77,77,'Unde in voluptas et explicabo molestias. Doloribus molestiae eos porro velit temporibus dolor velit. Ipsum repellat omnis corporis rem et molestiae eum. Et distinctio doloremque rerum voluptas temporibus iste quia.','2015-09-16 03:20:59'),(878,78,78,'Ducimus accusamus non fuga odit maxime. Soluta eos a quis asperiores in sunt. Sint voluptas beatae sit in molestias vitae. Vel eaque quia tenetur id nostrum illum voluptates. Est in quasi dicta ex esse minus.','1977-05-02 04:39:36'),(879,79,79,'Quo est qui nobis nihil qui. Officia eos voluptatem ea ratione asperiores beatae voluptatem. Itaque necessitatibus commodi non qui quo. Nostrum ut velit assumenda ipsam quo velit.','1976-05-16 08:00:56'),(880,80,80,'Et eum qui sapiente perspiciatis a. Debitis illum culpa dolorem voluptatum. Asperiores alias labore quia architecto ut voluptatem.','1992-05-05 12:14:57'),(881,81,81,'Ullam sapiente quibusdam repellat aperiam sunt est. Iure qui ut fugiat quidem aut. Est veritatis et doloremque voluptas minus. Enim aut dolorem officia rem impedit veritatis.','1983-01-01 15:14:23'),(882,82,82,'Velit at iusto commodi quia quia. Autem voluptatem quam consequatur enim ipsa vero. Ut minus enim occaecati fugit.','1980-01-10 05:44:34'),(883,83,83,'Repellat cumque debitis itaque asperiores expedita facilis. Voluptatum quasi voluptas impedit cupiditate veritatis. Similique ipsa nostrum numquam asperiores voluptates.','1976-02-20 22:19:56'),(884,84,84,'Rerum doloribus eum sint voluptatum quo. Vel magni a nemo ipsum. Laborum doloremque tempora omnis.','1977-04-01 11:58:12'),(885,85,85,'Alias maxime voluptatem sunt non assumenda porro. Ut qui sit voluptatem voluptas et et mollitia velit. Omnis iste id quo rerum. Et ipsum autem tempora optio repellendus quis.','1995-02-13 16:04:44'),(886,86,86,'Debitis iste consequatur delectus totam. Dolor qui alias assumenda veniam. Quasi praesentium vitae quo in reprehenderit. Neque impedit officia autem.','2011-10-19 02:28:22'),(887,87,87,'Aut saepe illum cum odio perferendis ut nihil ad. Qui corporis rerum quia.','1976-06-20 11:45:13'),(888,88,88,'Fugiat quod similique in placeat. Sit et inventore maxime sapiente non quo hic. Et tempore quia voluptatibus ut cupiditate placeat qui. Qui adipisci qui pariatur voluptatem eos odio nemo. Voluptatem cumque ea itaque eos.','2017-04-11 23:06:54'),(889,89,89,'Vitae non dicta nihil quam. Consequatur explicabo consequatur quaerat quod quisquam aperiam debitis ut. Vel amet voluptas facere eaque sit consequatur.','1985-06-13 05:16:42'),(890,90,90,'Id reiciendis reiciendis voluptas. Esse explicabo consequatur ipsa. Ut placeat cum enim ut dicta impedit fugiat accusantium. Iusto in omnis voluptate.','1999-06-23 08:06:47'),(891,91,91,'Vel aut et quia. Rerum dolorem necessitatibus id. Voluptas perspiciatis repellendus est occaecati inventore esse qui. In facere accusantium nesciunt quaerat.','1981-02-17 07:14:54'),(892,92,92,'Quis hic amet enim ab quos natus. Numquam placeat consequatur excepturi ad praesentium qui. Consequatur ducimus sunt perferendis.','2004-09-14 23:48:58'),(893,93,93,'Quia et vero deleniti quo ut. Amet quis id vero et iure sit a. Quidem iste enim facere quam neque officiis ducimus omnis. Totam soluta non cupiditate adipisci autem ut incidunt eveniet.','1976-07-18 04:37:09'),(894,94,94,'Et nostrum facere officia aut quis officiis. Necessitatibus dolor corporis excepturi omnis sint sed tenetur. A sed hic ea quam vero beatae.','2019-07-20 03:54:06'),(895,95,95,'Nam debitis quod quia adipisci quia ad. Delectus id ut aut provident.','1992-07-11 03:05:54'),(896,96,96,'Est possimus sit molestias fuga sunt. Sit cumque occaecati consequatur et. Non animi vero similique.','1970-10-10 05:28:28'),(897,97,97,'Id commodi commodi ut accusamus ut sequi illum. Et porro a minima earum. Est explicabo ratione illum quibusdam rem suscipit aut. Aliquid necessitatibus voluptas quia iure quia.','2020-06-09 00:57:48'),(898,98,98,'Et fugit doloribus voluptate quis sed dolorum odio. Et quia vel dolorem sequi. Quis labore dolorem rerum itaque.','1984-06-09 00:17:03'),(899,99,99,'Sequi quia et aut totam omnis. Rem enim quo necessitatibus illo cum similique repudiandae.','1988-11-15 18:05:43'),(900,100,100,'Voluptatem eos magnam ullam pariatur animi praesentium. Quos excepturi asperiores quia hic nihil fugiat porro fuga. Consequuntur consectetur excepturi ex eligendi est labore eaque. Recusandae ut minima in incidunt sunt ut repudiandae. Occaecati blanditiis dolor sunt voluptatem quisquam aliquid dolorem eligendi.','1972-01-25 20:27:59'),(901,1,1,'Culpa quod vitae est eum dicta. Aliquid quidem veniam quidem cumque. Cum temporibus et qui. Sed amet rerum facere et iure eveniet dicta.','1991-08-24 11:43:51'),(902,2,2,'Quae aperiam ad et laborum aut quas laboriosam. Cum voluptates iusto sit incidunt et laborum. Dicta iusto odio expedita autem velit voluptatum. Ea quidem et voluptas distinctio tempore. Voluptates quaerat minus nisi voluptas qui sed.','2002-12-21 20:01:46'),(903,3,3,'Corrupti earum est illum et. Doloribus dolores tenetur aut occaecati officia quos vel. Amet exercitationem saepe quasi distinctio quia voluptas veritatis. Autem atque sunt molestias et.','1977-01-22 11:01:52'),(904,4,4,'Quisquam illo dolorem adipisci et minima ut. Sunt ut ut culpa nulla et veritatis. Voluptatem autem ullam eum et natus praesentium in.','1985-10-12 11:24:38'),(905,5,5,'Ipsam quam ducimus dolor voluptates vel aperiam deleniti. Blanditiis minus quidem et officia perspiciatis vero. Eum velit voluptatem ut omnis.','2017-08-17 16:20:33'),(906,6,6,'Qui modi laborum itaque illum ipsum non. Voluptas error pariatur dolores qui. Qui sapiente sunt dicta qui animi ducimus amet nobis. Veritatis ut pariatur cupiditate eaque mollitia.','2003-11-10 13:27:16'),(907,7,7,'Nostrum repudiandae porro totam aspernatur autem itaque atque nemo. Nemo ad et ut esse quos. Consequuntur consequatur dolor id aut officia deleniti. Laboriosam quidem consectetur quasi error nobis.','2007-08-01 23:00:58'),(908,8,8,'Quia qui nisi eos sit dolorum. Esse natus amet placeat soluta excepturi sunt. Nemo iure debitis voluptatem ea velit.','2006-10-09 22:53:51'),(909,9,9,'Consequuntur officia suscipit doloribus. Numquam accusantium ut officia est quas ducimus quis. Et occaecati quam sed non.','2014-01-18 23:05:31'),(910,10,10,'Dignissimos sed omnis quo sunt. Blanditiis id enim velit ea vero quis natus. Qui velit ut aut ratione nisi sit. Fuga esse recusandae ab eum.','2006-01-10 20:17:47'),(911,11,11,'Magni et nulla illum et ut omnis. Excepturi cumque nihil repellendus mollitia ullam sapiente esse. Officia tenetur ut laboriosam sit beatae velit.','2012-05-08 23:04:56'),(912,12,12,'Porro delectus aspernatur in ipsum et eius id. Autem minima consequatur et aliquam officiis. Voluptatibus esse non ut facere qui. Consequatur distinctio rerum dolorum ex possimus rem aut.','2019-09-26 00:31:44'),(913,13,13,'Dolorem tenetur reiciendis aspernatur voluptates ut. Incidunt quia magnam non magni quia aperiam recusandae rem.','1995-02-11 21:25:24'),(914,14,14,'Modi nihil et et laudantium laboriosam recusandae. Corrupti ipsa est eligendi dolorem. Voluptas et odit consequatur delectus illum voluptas. Fuga consequuntur eum reprehenderit ex necessitatibus.','1994-11-30 05:57:45'),(915,15,15,'Quia optio rerum necessitatibus accusantium. Ullam et dicta quam quisquam nulla.','1999-02-22 00:56:57'),(916,16,16,'Ducimus omnis consequatur qui sapiente facere aut quidem. Laboriosam eaque in recusandae voluptatem voluptate sint tempora.','2013-01-07 07:34:37'),(917,17,17,'Voluptatem sed porro iusto odio fugit quisquam animi. Quae odit consequuntur vitae quas ut. Qui est est soluta explicabo libero rerum. Quasi et et libero ea non ut dolorem. Culpa veritatis provident voluptatibus provident a quo.','1994-03-10 06:20:23'),(918,18,18,'Excepturi distinctio voluptates mollitia earum. Ipsum voluptas ut cupiditate quae et repellendus deserunt. Aliquid voluptas nisi dolor delectus sed id illo. Qui in voluptates est quod quam eum.','1987-01-11 23:08:32'),(919,19,19,'Autem ullam soluta consequatur optio vel tenetur iusto. Nihil consectetur adipisci possimus veritatis. At ipsam nobis optio voluptas mollitia amet. Est nisi aut quidem explicabo quasi deserunt.','1973-02-21 02:50:04'),(920,20,20,'Explicabo culpa officiis cumque omnis veniam rerum veritatis. Est et corporis officiis sed asperiores. Perferendis consequatur ut iusto eos reprehenderit. Corrupti voluptatem doloremque pariatur aliquid velit provident.','1982-09-26 23:46:14'),(921,21,21,'Magni quis ad saepe est quisquam blanditiis voluptate. Veritatis autem deleniti nisi libero. Quia rerum eius nobis ab occaecati. Aut quae velit non animi. Similique architecto voluptatum amet.','2012-02-07 21:25:42'),(922,22,22,'Neque sed quis similique asperiores doloribus. Error iusto nemo debitis sed. Sint aspernatur iure libero quod.','1992-05-27 18:34:41'),(923,23,23,'Iure eligendi saepe numquam et porro aut eligendi. Non culpa dolorum odio ducimus et non. Et incidunt necessitatibus quasi repellendus quia. Quo enim inventore nihil corrupti.','1996-05-02 11:14:50'),(924,24,24,'Sint voluptatum facilis id harum voluptas. Accusantium non et autem reiciendis nostrum id odio tempora. Quo rerum sint aut aut. Id provident amet doloremque numquam.','2017-11-10 15:02:16'),(925,25,25,'Dolor hic placeat laudantium dolorem optio dolor velit. Ad laborum sed aut qui in dolorem optio. Occaecati ab quasi consequatur voluptatem tenetur et. Rem eos minima quis perspiciatis recusandae officiis.','1999-02-13 11:56:15'),(926,26,26,'Ducimus nihil illum quae voluptatum sunt ipsum. Quam doloremque dolorem rerum quia similique ut. Quisquam dolorem enim accusamus sint sunt impedit.','1998-07-09 14:08:58'),(927,27,27,'Veritatis ullam veniam quidem aut blanditiis aliquam dolores est. Tempore minima et aut dolor. Provident ut ratione harum quia officiis quos iusto.','1983-05-08 20:22:40'),(928,28,28,'Laudantium et minus quo quibusdam explicabo doloremque exercitationem. Sint atque veniam nihil ex repellendus aliquid fugiat vel. Ut laudantium qui corrupti voluptates. Repellendus magni consequuntur sapiente architecto eum quibusdam delectus.','1977-05-21 06:25:35'),(929,29,29,'Eveniet est maxime dolorum illum et assumenda ad. Deserunt id expedita dolores consequatur harum quia et. Quod possimus aut nisi aut.','1987-06-04 05:48:13'),(930,30,30,'Dolorem debitis corrupti sit voluptas consectetur dolorem. Sit iure et libero iure quos voluptate. Ut laborum quaerat consequuntur ut facilis soluta. Perspiciatis a maxime voluptatibus et voluptatem est.','2004-02-25 13:21:55'),(931,31,31,'Quam exercitationem dicta quia placeat aperiam voluptas eveniet. Eaque a aut nihil voluptate est hic aperiam. Reiciendis impedit ipsam veniam et distinctio. Magnam vel nihil et repellendus.','2016-04-30 07:30:06'),(932,32,32,'Sed sit qui incidunt necessitatibus. Optio quasi molestiae eveniet autem aliquam. Corrupti qui quis ad non aperiam. Quae voluptas nam voluptatibus sequi aliquid.','1981-12-13 09:12:42'),(933,33,33,'Aut temporibus corporis est sed iste delectus. Ex ullam enim officiis nesciunt quia hic et. Perferendis nostrum quis aspernatur amet et eum optio. Consequatur consequuntur distinctio nam perspiciatis.','1972-03-15 19:02:14'),(934,34,34,'Voluptas porro atque ipsa qui quisquam quo ab. Tenetur quis est reprehenderit accusantium in illo harum. Ut dignissimos repellat et maxime deleniti non maiores. Autem et dolores quas distinctio. Officia sed pariatur quia.','2002-04-17 01:01:38'),(935,35,35,'Id possimus et occaecati enim enim quis. Aut est mollitia eaque. Aperiam recusandae voluptatum sunt sunt. Quidem quibusdam totam consequuntur facilis eos aspernatur possimus.','1991-11-20 00:42:35'),(936,36,36,'Quas odio est nihil minus iste ipsa voluptatum distinctio. Est consectetur id quia temporibus error ut. Sapiente quasi sunt eligendi voluptate id ad.','2009-01-15 06:22:00'),(937,37,37,'Quia consequatur dolorem et itaque. Eos sit ex vero omnis. Ut sunt debitis omnis laborum excepturi dolores.','2004-05-17 17:45:58'),(938,38,38,'Excepturi dolorum earum aliquid voluptates. Asperiores nesciunt magni voluptas in ipsam cum. Rerum sed commodi doloremque quia. Mollitia unde ut porro nesciunt deleniti delectus non.','1984-11-16 11:40:12'),(939,39,39,'Possimus id nulla dolor voluptas rem. Nulla blanditiis eos voluptate sint accusantium qui doloremque. Quia voluptas aut veniam velit accusamus quia. Eum consequatur error officia architecto ut sed.','2003-08-13 10:00:34'),(940,40,40,'Ut consequatur doloremque dignissimos fugit. Assumenda maiores qui voluptas sit. Quo id eligendi commodi et reiciendis rerum quo quis. Doloremque voluptatibus quam ea natus quia.','1997-11-09 09:44:44'),(941,41,41,'Quam ea ad non ea omnis architecto aut. Odit quos accusamus aperiam similique quisquam nulla odit. Distinctio molestias autem nostrum est dolorem nihil consequuntur. Ducimus eveniet est excepturi qui facilis nam.','2019-02-17 20:35:54'),(942,42,42,'In saepe quia accusamus ipsum veniam dolorem delectus. Placeat ut non debitis id culpa. Ullam est delectus magni et dignissimos velit consequuntur.','1998-11-22 05:18:06'),(943,43,43,'Sit tempore sit in sed incidunt facilis aut. Voluptas qui aut harum iste ad alias quo. Sunt fugit molestiae qui in soluta non.','2019-01-04 12:57:19'),(944,44,44,'Nihil quod omnis similique harum nihil. Ea doloribus vero sunt ad. Voluptatem perferendis molestiae rem enim.','2012-04-04 19:39:24'),(945,45,45,'Aut adipisci eos eius et consequatur. Commodi repellat aut eligendi. Molestiae expedita reprehenderit molestiae architecto aliquam est nam. Qui eligendi voluptas qui porro dolores ducimus natus aut.','1978-08-22 20:36:39'),(946,46,46,'Perferendis consectetur repellendus quod dolores non qui incidunt. Est id nam sunt dolores molestiae tempore. Magni saepe velit aut sapiente facere ad.','2015-02-18 22:46:01'),(947,47,47,'Eum aut adipisci numquam non deleniti et impedit. Fuga perferendis nisi perferendis eos quas qui. Impedit ex nihil ipsam consequatur. Asperiores rem deleniti sint architecto.','2017-07-26 09:50:37'),(948,48,48,'Deserunt excepturi ut eos et. Amet ut autem iusto adipisci. Sed aliquam eligendi rerum enim. Magnam ut maxime dolores natus voluptatem impedit vel.','1980-02-17 18:24:33'),(949,49,49,'Suscipit itaque velit est iusto et. Voluptatem non laboriosam minima non. Laudantium porro voluptatem ullam ipsa.','2015-01-10 12:33:32'),(950,50,50,'Itaque distinctio inventore voluptatum sint. Voluptatum quia doloribus quod dicta temporibus molestias sunt placeat. Reiciendis aut odit quaerat voluptatum.','2012-02-07 14:58:45'),(951,51,51,'Qui excepturi nobis sed illum dolores. Maiores voluptates error ut suscipit. Dolores labore ab possimus. Dolores ea et ipsam repudiandae delectus.','1976-07-20 11:38:01'),(952,52,52,'Temporibus et consequatur soluta quaerat nemo molestias impedit. Nemo voluptate sapiente omnis atque soluta a dicta.','2005-09-12 04:51:38'),(953,53,53,'Sed eveniet non sit et aut. Eveniet deleniti dolore nihil. In aut et quaerat ut quia harum perferendis. Quod quas aut asperiores sed et sequi aspernatur perferendis. Molestiae suscipit est est rerum.','2002-02-03 16:50:06'),(954,54,54,'Voluptas enim quia maiores aut et laboriosam. In voluptate eum qui nobis illo. Quae aut excepturi optio odio delectus. Natus iure beatae nemo quo.','2001-10-25 10:02:36'),(955,55,55,'Aperiam dolorum id sunt ut consequatur pariatur eveniet repellendus. Consequatur quo voluptate earum nam porro est qui. Mollitia voluptatem adipisci quia nihil.','1976-02-25 16:35:29'),(956,56,56,'Temporibus iure amet ut quia adipisci asperiores. Voluptates quia error quia at voluptatibus nesciunt. Quo voluptatem qui placeat fugit voluptatem. Ad sit voluptatum quo voluptatem ut sed.','1990-03-22 22:18:54'),(957,57,57,'Incidunt dolorem eligendi amet quibusdam voluptates molestiae fugiat perferendis. Quisquam eius nobis possimus molestiae consequatur corrupti qui. Eum aspernatur fuga commodi. Velit placeat aut quia dolorum non molestiae totam. Aut doloremque error modi unde necessitatibus veniam iste et.','2006-09-29 00:04:03'),(958,58,58,'Commodi nihil saepe rerum commodi soluta. Totam et perferendis facilis libero veritatis quibusdam accusamus. Aut magni voluptatem sed illo qui.','2016-11-04 14:24:06'),(959,59,59,'Esse beatae exercitationem provident in assumenda. Quibusdam quas consequatur quia commodi repudiandae quas quia aut. Odit dolor mollitia consequuntur tenetur enim omnis porro.','1991-03-30 11:24:03'),(960,60,60,'Quos cupiditate incidunt mollitia cupiditate saepe. Molestiae pariatur rem dolorem enim ut corporis. Praesentium velit assumenda praesentium quaerat tenetur.','1970-11-12 17:04:18'),(961,61,61,'Laudantium rerum in nisi quidem et minima. Non ducimus veniam aut quae in totam ea quo. Veniam dolore ratione optio totam et ducimus.','2010-04-08 03:25:09'),(962,62,62,'Quasi optio eveniet dolores numquam et iste. Et quia et in reiciendis.','2015-05-19 02:38:55'),(963,63,63,'Et voluptate aut doloremque consequuntur omnis enim error odit. Aut rerum excepturi minus veniam tempora unde quos rerum. Eius nam quisquam omnis quo laboriosam molestias praesentium. Harum est velit et consequatur rerum cum. Sed autem voluptas voluptatem dolore esse voluptas.','1985-01-06 23:39:25'),(964,64,64,'Numquam ut asperiores facere nisi architecto quis et qui. Quae delectus est hic enim voluptatum nobis magnam labore. Dolorem voluptas omnis rerum fuga quia est.','2002-04-04 02:05:23'),(965,65,65,'Molestiae consequuntur error debitis pariatur voluptas. Aut veniam esse et excepturi minus. Autem odio esse tempore iste.','1977-05-06 02:53:35'),(966,66,66,'Sapiente voluptatem eveniet ut ut quis modi expedita. Illo voluptates voluptas cumque veniam vel ullam minus. Earum unde vitae autem est autem nobis nulla et.','2000-05-29 03:41:21'),(967,67,67,'Iste sunt laborum error iure velit aliquam possimus enim. Magni ut in et totam vero quia velit. Voluptatibus id esse dolore aut.','2013-12-09 17:21:16'),(968,68,68,'Non ut et aut aliquid distinctio officiis vel. Eum exercitationem neque id earum omnis consequuntur quia. Ea a voluptatem adipisci est dolor.','1988-03-02 21:52:37'),(969,69,69,'Sit non sint numquam qui. Voluptas voluptates a est qui.','1984-07-18 00:01:02'),(970,70,70,'Deleniti voluptates voluptas impedit similique dolor nulla vitae minima. Et eligendi praesentium sit ut optio. Et temporibus repellendus eius aut ad ipsa. Ut sapiente odio impedit eum quia.','1991-04-15 14:31:33'),(971,71,71,'Odio numquam reiciendis nobis sunt veritatis accusantium. Illum sequi et ex est sunt mollitia aliquid. Quia aut perspiciatis minus velit sunt. Rerum cum dicta fugit tempore.','1975-02-15 14:39:54'),(972,72,72,'Velit corrupti autem reiciendis et autem eum. Laudantium repellendus aut voluptatum quasi. Pariatur accusamus ad qui sint perferendis. Sint vel vitae dicta voluptas est.','2005-12-08 18:58:44'),(973,73,73,'Eveniet qui voluptates iusto illo saepe praesentium. Sint quae quasi molestiae eum quam nobis. Autem at in beatae deleniti.','2011-07-14 18:21:46'),(974,74,74,'Eveniet beatae laborum facilis perferendis iure qui ipsam. Ullam natus quia velit sit ut est pariatur qui. Incidunt qui mollitia et accusamus dolores. Nostrum consequatur delectus voluptas nostrum magnam accusamus.','1991-11-07 20:22:44'),(975,75,75,'Soluta sapiente quidem hic cumque corrupti. Autem modi fuga voluptatem dolorum. Eligendi voluptas beatae ex impedit atque. Ut optio quisquam excepturi possimus.','2020-05-20 12:16:43'),(976,76,76,'Quia ut ut enim deserunt. Iste eaque omnis distinctio consectetur nihil ratione maxime. Ut labore quaerat dolorem aut neque deleniti.','2009-03-30 23:32:57'),(977,77,77,'Nostrum vitae quasi vel nihil. Est ut et sequi qui quidem est mollitia. Blanditiis animi recusandae est ipsa. Non totam doloremque dolorem quidem inventore.','1991-07-23 17:40:23'),(978,78,78,'Nihil ut ea accusamus aliquam aut eius aut. Nulla sapiente non amet explicabo non asperiores libero. Aliquam vitae similique ullam esse aspernatur vel temporibus. Laudantium alias adipisci ea.','2010-09-29 11:16:12'),(979,79,79,'Laboriosam et suscipit deleniti pariatur nobis. Voluptatibus eos accusantium similique quibusdam et consequuntur voluptates. Cupiditate voluptates ea sed itaque.','2019-05-12 05:05:21'),(980,80,80,'Porro aspernatur itaque eum voluptates. Enim ipsum nesciunt hic sit.','1973-11-18 19:43:30'),(981,81,81,'Molestiae nulla rerum cupiditate qui. Pariatur iure et aperiam maiores reprehenderit qui facere.','2020-12-20 20:28:29'),(982,82,82,'Porro veniam rerum itaque officia. Et modi nesciunt enim eos possimus aliquid. Distinctio nisi in ratione et odio iure provident.','1972-12-16 21:22:37'),(983,83,83,'Non quis aut velit in culpa aut. Cupiditate id et qui magnam reiciendis reprehenderit impedit. Impedit doloremque a rem quia. Aut qui quod omnis voluptates.','1999-09-14 09:20:59'),(984,84,84,'Dolorem sint eum iusto voluptate. Atque tempore labore nemo repellat enim. Deserunt nostrum minus corrupti rerum totam molestiae accusamus. Cumque exercitationem in nam id molestias.','1971-12-08 23:29:01'),(985,85,85,'Fugit et occaecati cumque distinctio beatae ab. Accusantium optio id eligendi praesentium qui et eum. Voluptate impedit temporibus et dolores id et quod voluptatem. Ut laboriosam tenetur qui earum porro.','1980-11-09 14:31:39'),(986,86,86,'Necessitatibus officia ut facere officia. Enim ipsum ut culpa nostrum dolorem similique. Culpa possimus voluptas illum. Aut voluptatibus quia hic impedit soluta omnis nesciunt.','2012-12-10 17:57:57'),(987,87,87,'Rem in dolores similique ut. Enim atque quibusdam culpa qui beatae et saepe. Ipsum maiores iusto cum.','1986-02-14 20:34:42'),(988,88,88,'Numquam porro recusandae est dolor error. Numquam saepe modi ut necessitatibus officia impedit. Impedit omnis harum blanditiis repellendus id eos magni omnis. Eos aspernatur at molestias qui.','1977-12-08 20:16:10'),(989,89,89,'Hic necessitatibus enim hic odio perferendis eveniet. Fugiat aspernatur cum voluptatem. Eos ipsa non voluptas minima architecto. Consequatur necessitatibus hic id consequatur.','2000-06-29 19:07:51'),(990,90,90,'Nobis vitae sunt ea asperiores ratione omnis fugiat. Alias qui cumque ratione. Magnam illo doloremque quaerat quasi. Possimus consequatur velit officiis quo eum molestias et. Quos sint consequatur sint voluptatem ea laudantium.','1970-06-25 02:29:48'),(991,91,91,'Assumenda dolor nihil molestiae reprehenderit non id exercitationem sint. Magni molestias eligendi aliquid facilis nemo sed. Provident velit provident assumenda asperiores eaque.','1982-09-18 23:50:16'),(992,92,92,'Ut ea occaecati et non cumque cum dolore. Dolor rerum suscipit aut ut autem.','1972-09-01 13:44:15'),(993,93,93,'Eum quasi sequi doloremque dolorum est tempora. Quia ab sunt minima quo totam blanditiis totam. Eum natus et ipsum cumque.','1985-08-15 00:55:04'),(994,94,94,'Dolor consequatur est autem. Provident magnam non doloribus excepturi cupiditate voluptas et. Possimus in laborum est.','1986-02-10 23:45:37'),(995,95,95,'Quia hic in dicta sunt. Sapiente neque ullam dolor vero saepe blanditiis. Ex quos sint enim adipisci.','2019-02-07 00:25:21'),(996,96,96,'Eos cumque fugit explicabo eveniet. Aut est deleniti incidunt rerum fugiat optio. Non veritatis magni velit sequi excepturi. Maxime illum laudantium sapiente optio ipsum explicabo totam.','1988-05-03 21:44:23'),(997,97,97,'Sapiente et quam excepturi nihil sunt. Ut fugit repellendus molestias eos. Delectus laboriosam molestiae totam.','2007-01-04 16:45:30'),(998,98,98,'Sit ut commodi temporibus delectus ullam reprehenderit officia. Officia occaecati saepe sed facere hic aliquid.','2014-07-14 20:15:11'),(999,99,99,'Autem voluptatibus debitis quo delectus quaerat laboriosam. Sed tempora et dolorem exercitationem nesciunt. Nostrum dicta natus non.','1986-02-03 00:16:13'),(1000,100,100,'Magni eligendi quis quasi nulla vitae nemo rerum non. Qui aut a rerum vitae. Vitae autem quisquam quo illum dolorem.','2011-01-31 19:06:40');
/*!40000 ALTER TABLE `messages` ENABLE KEYS */;
UNLOCK TABLES;

--
-- Table structure for table `messages_communities`
--

DROP TABLE IF EXISTS `messages_communities`;
/*!40101 SET @saved_cs_client     = @@character_set_client */;
/*!40101 SET character_set_client = utf8 */;
CREATE TABLE `messages_communities` (
  `id` bigint(20) unsigned NOT NULL AUTO_INCREMENT,
  `from_user_id` bigint(20) unsigned NOT NULL,
  `to_communities_id` bigint(20) unsigned NOT NULL,
  `body` text COLLATE utf8mb4_unicode_ci DEFAULT NULL,
  `created_at` datetime DEFAULT current_timestamp(),
  UNIQUE KEY `id` (`id`),
  KEY `from_user_id` (`from_user_id`),
  KEY `to_communities_id` (`to_communities_id`),
  CONSTRAINT `messages_communities_ibfk_1` FOREIGN KEY (`from_user_id`) REFERENCES `users` (`id`),
  CONSTRAINT `messages_communities_ibfk_2` FOREIGN KEY (`to_communities_id`) REFERENCES `communities` (`id`)
) ENGINE=InnoDB AUTO_INCREMENT=1001 DEFAULT CHARSET=utf8mb4 COLLATE=utf8mb4_unicode_ci COMMENT='сообщения внутри сообщества';
/*!40101 SET character_set_client = @saved_cs_client */;

--
-- Dumping data for table `messages_communities`
--

LOCK TABLES `messages_communities` WRITE;
/*!40000 ALTER TABLE `messages_communities` DISABLE KEYS */;
INSERT INTO `messages_communities` VALUES (1,1,1,'Ab adipisci error labore qui labore consequuntur. Et molestiae natus omnis itaque molestiae. Eius dolores et asperiores sit. Autem velit non est quibusdam.','1998-10-17 14:21:27'),(2,2,2,'Magnam rerum repellendus optio quod earum quo sint. Accusamus voluptatem praesentium ea blanditiis aspernatur temporibus laudantium. Occaecati laborum placeat velit dolorum. Accusantium omnis eveniet ipsa in et quia rerum itaque.','1980-06-19 16:03:02'),(3,3,3,'Et alias non perspiciatis eveniet quia et voluptatem. Labore atque libero doloribus neque optio saepe. Et temporibus ut quis. Corporis veritatis autem ut quod.','1977-05-13 15:57:28'),(4,4,4,'Natus ipsam vel neque cum voluptatem. Magnam sit minus adipisci minima consequatur dicta et. Ea qui et sunt laborum culpa assumenda. Autem suscipit ut et culpa voluptates odio occaecati. Qui dolorem blanditiis aut cum quis in ipsa repellendus.','2003-08-14 10:55:31'),(5,5,5,'Et explicabo nisi ipsam provident doloribus aut. Aut iusto vero perspiciatis aut sint quaerat. Laudantium nam eligendi voluptas in ut. Assumenda aut et eius doloribus. Tempora asperiores earum ut sed iusto.','1979-12-06 07:27:27'),(6,6,6,'Reprehenderit tempore iusto vitae rem et. Dolores blanditiis sed sapiente sequi id velit. Unde id error expedita esse nesciunt provident voluptates libero. Nesciunt repellendus nam maiores.','2011-06-16 23:35:37'),(7,7,7,'Blanditiis porro enim nulla laborum fugiat in. Sunt officiis totam voluptatem et. Eos et quis omnis doloribus laudantium amet qui. Velit in ut culpa et commodi voluptas minus.','1970-01-28 16:23:01'),(8,8,8,'Fugit cupiditate excepturi atque ea quasi ut. Labore aut quidem explicabo reprehenderit modi. Omnis et sequi voluptatem esse nihil perspiciatis. Aliquam nostrum quos eum accusantium suscipit.','1983-04-19 03:47:29'),(9,9,9,'Facere blanditiis molestias similique sed. Molestias aut quo autem aut omnis molestias. Quo sed et soluta amet dolorum dolorem.','1995-11-07 20:00:42'),(10,10,10,'Reiciendis reiciendis est animi est nostrum. Repellendus omnis in corporis perferendis. Eos repellendus debitis quia hic aut provident. Consequuntur iste quod blanditiis provident.','1997-09-12 22:13:51'),(11,11,11,'Ab ut et illo dolores sed. Voluptas consequatur minima rerum laudantium iure id. Voluptas corporis accusamus et natus ab.','1985-10-02 04:35:28'),(12,12,12,'Ut nobis libero ullam cum distinctio dolorem. Molestiae omnis excepturi dolores. Et ea sit illum vitae quia asperiores quos. Aperiam reiciendis aut ad possimus.','2015-08-09 13:41:18'),(13,13,13,'Sequi dolorem voluptas qui sapiente. Ab quis autem consequatur ullam. Dolor est eum nulla rem nihil in eligendi consectetur.','1991-03-05 03:09:45'),(14,14,14,'Dolorem occaecati blanditiis ut vel id laborum. Accusamus fugit maxime assumenda amet molestiae harum. Quis dolores illum quia molestiae.','1982-08-18 15:50:47'),(15,15,15,'Quasi inventore eveniet rerum laborum ut dolorem. Ut a enim optio consequuntur debitis odit in totam.','2015-09-21 16:22:16'),(16,16,1,'Quas ut ut et necessitatibus. Nemo quia consequatur voluptatem sed. Ex dolores dolor impedit consequatur ipsa aliquam ex.','2004-05-28 09:45:31'),(17,17,2,'Ut rem nulla explicabo est modi doloremque debitis. Repudiandae magnam quod libero asperiores. Ut dolores amet modi fuga praesentium. Non soluta eaque commodi enim tenetur dolor.','2019-12-11 23:24:28'),(18,18,3,'Voluptatum dolore aut possimus nostrum harum soluta animi assumenda. Voluptatum error velit enim dolor dolore et. Sed est eius beatae voluptatum enim. Ut quia qui quaerat sapiente.','1983-12-29 15:12:13'),(19,19,4,'Quo ut eos numquam. Quia laboriosam eius culpa vel quidem.','1987-01-08 10:22:16'),(20,20,5,'Consectetur dolores temporibus placeat et. Deserunt ratione nostrum asperiores veritatis distinctio. Molestias consectetur mollitia est possimus veritatis sed nulla. Quae voluptates id et quis nulla delectus fugiat.','2011-01-13 05:20:11'),(21,21,6,'Labore temporibus enim corrupti fuga impedit corrupti. Sapiente numquam id natus doloremque magni sint rerum. Voluptas qui repellat sunt autem.','1997-01-24 21:40:51'),(22,22,7,'Ex quis incidunt odio. Voluptate itaque rerum aut excepturi incidunt nobis voluptatum sequi. Vitae pariatur consequuntur est mollitia tempora est vel. Itaque eos laboriosam unde incidunt aspernatur exercitationem dolores ut.','1994-08-05 03:41:30'),(23,23,8,'Nihil non omnis quia quod totam dignissimos. Aut animi velit et distinctio modi neque laboriosam. Minima sit quia beatae excepturi. Quo sit aliquid voluptatem dignissimos.','2012-07-15 21:13:12'),(24,24,9,'Maxime totam aut velit et. Est et quos sed. Saepe earum eos ut illum.','2011-10-29 17:13:12'),(25,25,10,'Deserunt dolorem repellendus quidem architecto et aut. Sapiente sit eos sint quis aliquid illo est. Iusto optio facilis magni tempora.','2009-05-26 07:59:56'),(26,26,11,'Non ut et est aut. Velit ab molestiae ea quibusdam necessitatibus ut sed dignissimos. Et itaque sunt suscipit autem est ratione aut qui.','2004-01-26 13:24:17'),(27,27,12,'Harum culpa quo illum omnis numquam molestiae dicta. Minus aliquam earum repudiandae quo labore.','2013-09-14 11:20:25'),(28,28,13,'Accusamus laboriosam quae quasi molestiae enim eveniet qui voluptatibus. Cupiditate et occaecati dolor non. Natus voluptas ipsa id.','1982-05-01 07:54:56'),(29,29,14,'Culpa id vel eum eum in ipsum. Aliquid dicta ea dolorem labore incidunt enim quo. Molestiae nemo ipsum vitae tempora.','1997-07-11 10:42:21'),(30,30,15,'Sunt distinctio placeat dolorem ea qui. Et quos consequatur veniam ut corrupti aliquid voluptatibus. Non ut vero ducimus suscipit aut. Beatae minima aspernatur eum aperiam temporibus enim.','2002-03-25 19:30:17'),(31,31,1,'Adipisci molestias vel animi dolorum voluptate reprehenderit. Voluptas adipisci tempore cumque consequatur temporibus aut quis. Perferendis non fugiat quo. Ipsam nam ipsam ad et quidem. Quis praesentium tempore assumenda et unde vitae dolorem cupiditate.','1980-10-11 18:33:25'),(32,32,2,'Nisi tempora nihil recusandae modi dolorum. Dolores architecto quis et unde voluptatem consequatur. Aut cum itaque eos voluptas est doloremque.','1999-11-30 17:44:01'),(33,33,3,'Dolores illo alias minus eius quo. Ipsam dolor nihil iusto. In qui ullam quod nisi ex quod.','2003-01-26 18:41:03'),(34,34,4,'Vel praesentium accusantium ipsam totam minima voluptatibus voluptates possimus. Enim esse autem quo aut in. Ipsa quis minima accusantium repellendus placeat dolor. Illo blanditiis et nemo sed.','1977-05-06 12:59:55'),(35,35,5,'Harum quos illo error labore sed neque. Necessitatibus enim numquam nisi exercitationem minus amet. Et est quasi impedit sed ut dolores quasi voluptatem.','1976-06-02 03:45:20'),(36,36,6,'Aspernatur quos placeat ut sit eligendi architecto minus quasi. Magni eius odio consequatur. Laborum id et repellendus voluptatum voluptatem deserunt libero.','2016-07-18 09:57:28'),(37,37,7,'Sunt molestias corporis sunt. Omnis quos autem dicta ut consectetur maiores et ut. Vel deleniti culpa ducimus odio. Fuga odit exercitationem non et et ratione. Cumque quibusdam voluptatibus perferendis dolorem cum.','1990-02-11 03:28:40'),(38,38,8,'Dicta iure sit porro aut libero ab fugiat. Explicabo perspiciatis magni non incidunt aliquid. Ab qui dignissimos iste aliquid reiciendis distinctio sint. Eius libero voluptatibus magnam quo sed commodi dicta.','2017-10-03 08:39:43'),(39,39,9,'Porro nihil fugit voluptatibus maiores et. Tenetur rerum et fuga. In modi temporibus corrupti quasi non voluptatem rerum velit. Non expedita aut et dignissimos.','2019-10-06 21:14:17'),(40,40,10,'Itaque quasi omnis qui est fugit. Modi necessitatibus qui eaque qui non et. Sed amet reprehenderit animi omnis enim. Quisquam dignissimos neque aliquid perspiciatis et eligendi deserunt.','2011-05-09 17:28:59'),(41,41,11,'Vel aut quisquam nisi et voluptatem et. Provident alias quis autem voluptatem eos itaque iure. Sit ea velit dicta unde aut voluptatem.','2016-10-13 03:14:14'),(42,42,12,'Ut officia sunt veritatis et eligendi et. Saepe ipsum rem nisi. Debitis distinctio voluptas saepe porro in dolorem est inventore.','1998-08-21 00:47:09'),(43,43,13,'Eius deleniti voluptas expedita. Pariatur eos consequuntur error quidem. Fugit placeat quia sunt magnam inventore magnam.','2016-10-03 04:26:10'),(44,44,14,'Asperiores maxime qui et laudantium. Deleniti quos doloribus expedita dolores. Ipsum accusamus cupiditate veniam magnam nisi neque quia. Qui quaerat quas quaerat minima dolor.','2020-07-23 22:11:21'),(45,45,15,'Excepturi neque fugiat quibusdam rerum voluptatum hic aliquid. Voluptatem mollitia voluptas esse quasi consectetur quia perferendis sapiente. Voluptates enim omnis et sint doloribus et. Nisi quam vero ratione ut molestiae pariatur eum.','2008-08-23 11:23:24'),(46,46,1,'Tenetur sunt ab non modi quam sequi quas ut. Rem quia praesentium facilis quia. Ipsam sint corrupti delectus tempora. Veniam eveniet vel nostrum quo aut perspiciatis cumque.','2003-04-09 20:28:59'),(47,47,2,'Reprehenderit repellat consequatur nobis et animi ut. Sed rerum animi soluta doloremque in recusandae. Est ut odio eum accusamus iure.','1974-11-14 09:45:10'),(48,48,3,'Ipsum id odit quia impedit sunt ratione omnis. Officia temporibus asperiores vitae ut odit et. Error et ab facere autem cupiditate sequi.','1993-03-08 00:32:34'),(49,49,4,'Repellat illum hic fugit in tempora a atque. Quaerat voluptatem architecto animi ducimus est. Eos sed impedit soluta architecto quaerat voluptas.','1989-05-09 11:42:39'),(50,50,5,'Sit alias numquam vitae in. Commodi tempore mollitia est et placeat quia corrupti blanditiis. Voluptatum est necessitatibus illo possimus at aut.','2019-05-16 08:28:25'),(51,51,6,'Totam aut possimus rerum qui. Minus est amet perspiciatis id.','1980-09-17 23:16:56'),(52,52,7,'Aliquam sapiente iusto minima quae et. Qui hic tempore unde facere voluptatem non voluptatem et. Dolore et optio error cumque temporibus delectus nulla.','2017-01-01 12:19:20'),(53,53,8,'Impedit esse incidunt dolorem minima aut odio voluptates. Laudantium velit aperiam qui corporis voluptatum in provident. Quas quo nemo error asperiores. Quisquam sint cumque commodi. Tempore cumque eius corrupti quod corporis quia inventore asperiores.','1990-02-07 19:49:13'),(54,54,9,'Sit nostrum necessitatibus perspiciatis. Voluptatem est tenetur omnis dolor in.','2004-04-29 13:42:27'),(55,55,10,'Ex accusantium ipsa eveniet minus reiciendis dignissimos quas. Quae expedita modi delectus consequuntur repudiandae ipsa qui. Iusto magni consequatur vel non eos aut. Molestiae enim aut quis sit.','2006-11-08 22:30:29'),(56,56,11,'Iusto nihil natus iste aut consequuntur. Ipsa sunt vel dolorum repellendus. Est eaque suscipit reiciendis non assumenda nobis.','2003-03-25 05:44:01'),(57,57,12,'Cumque minus voluptates dolor nihil minus. Exercitationem aspernatur magni quas assumenda dolores tempore nihil. Mollitia non omnis nam adipisci assumenda.','2017-07-08 06:46:43'),(58,58,13,'Veniam est est vero eum culpa dolore. Vel pariatur blanditiis deleniti nam itaque dolor nam. Non asperiores voluptatum in tenetur repudiandae. Architecto dolores aut ut autem aut sit nisi blanditiis.','1980-10-07 03:23:00'),(59,59,14,'Ad nihil aliquid provident et numquam. Alias rerum optio alias unde qui illo. A id fuga at voluptas esse.','2010-10-16 08:35:15'),(60,60,15,'Et adipisci et aut rerum. Commodi est alias commodi ducimus possimus ducimus molestiae cumque. Veniam nesciunt voluptatibus est adipisci voluptatem totam sunt nam.','1982-09-10 10:49:29'),(61,61,1,'Quas tempora provident magni illum dolor repudiandae laborum. Odio aut enim molestias reiciendis. Voluptates quis libero distinctio quae sit. Eum asperiores magnam magnam tenetur.','1977-11-27 16:49:10'),(62,62,2,'Nostrum quos nostrum laboriosam. Aut nam distinctio assumenda molestiae asperiores. Vel commodi voluptas facilis quasi iusto. Dolores qui quos excepturi et consequatur.','2015-12-02 11:06:52'),(63,63,3,'Praesentium quod non placeat qui atque consequatur neque. Blanditiis doloremque voluptatem ad sed possimus voluptate.','1994-05-04 07:26:37'),(64,64,4,'Assumenda voluptate alias quo facere totam placeat. Itaque modi qui voluptates ut dolores totam magnam.','2008-06-15 06:40:52'),(65,65,5,'Consequatur aut commodi tenetur modi voluptas. Facilis rerum excepturi consequatur a aut. Qui rerum harum veritatis corrupti est itaque officia.','1993-11-22 06:58:36'),(66,66,6,'Et fuga consequatur corporis dolorum consequatur quibusdam. Voluptas ut sed iste itaque. Non consequuntur quidem unde nemo est. Necessitatibus odit eaque quia magni.','2007-12-21 12:05:16'),(67,67,7,'Non ut officiis consectetur voluptatum ex ea ut non. Praesentium ipsum molestiae non. Magni inventore sit similique commodi. Cum sunt doloribus suscipit ad eos doloribus autem.','1980-03-08 13:39:30'),(68,68,8,'Iure blanditiis rerum id. Nostrum recusandae voluptate voluptatum molestiae laborum sit omnis. Et incidunt rerum sed possimus est. Cupiditate magni delectus ut quo totam.','1986-01-12 21:03:37'),(69,69,9,'Quo beatae molestiae quia repellendus ut ducimus repellat. Fuga totam quis molestias ab sed. Sequi eos sit consequatur in facere non.','2015-01-13 00:41:38'),(70,70,10,'Illo ut dolorum vitae incidunt repellat ut. Possimus quidem magnam exercitationem. Consequatur quis aut debitis esse nobis. Quia nobis nam quo nihil aut consectetur qui.','2004-07-16 21:53:24'),(71,71,11,'Sunt maxime culpa ipsum sit quae. Nulla est doloribus voluptate doloribus aut nihil sint. Vel labore recusandae quaerat et quo.','1980-04-15 22:34:43'),(72,72,12,'Sunt voluptatem impedit hic nesciunt. Natus ipsam aut veritatis voluptas facilis ea tempora quaerat. Sequi voluptates earum ab modi provident dolorem quaerat rerum.','1992-08-24 05:05:45'),(73,73,13,'Quo voluptatem expedita rerum odio ad dolor. Expedita porro est ut voluptas voluptatem iusto maxime. Consequatur aut consectetur facilis laudantium itaque. Aperiam quis placeat vel sint ullam animi.','1992-06-07 17:07:15'),(74,74,14,'Qui eius cupiditate aut sint ullam temporibus sunt. Dolores repellendus voluptatem aut velit ex qui. Non aut nobis iure reiciendis autem iusto. Ea blanditiis amet eveniet rerum.','2000-07-29 16:16:03'),(75,75,15,'Consectetur id nulla impedit numquam. Magni corporis ipsa nesciunt quaerat molestias autem veritatis.','1976-09-20 04:59:08'),(76,76,1,'Asperiores temporibus et accusamus perferendis maiores modi. Aut tempore dolor et autem et quasi quasi harum. Et doloremque in ab quis quis ut fuga. Et libero maiores voluptatem blanditiis in aut modi.','2009-07-12 03:44:40'),(77,77,2,'Aut nulla sit temporibus blanditiis. Dignissimos autem qui illo aspernatur rem blanditiis mollitia. Ratione aliquam culpa ratione quis quisquam dolorem. Dolor non sit magni corporis.','1993-11-29 20:06:56'),(78,78,3,'Consequatur sit ducimus quia. Ut minus molestiae tempora. Suscipit ut aut iste omnis quo. Necessitatibus cupiditate voluptas laborum sed fuga aut ducimus.','1976-10-15 15:24:27'),(79,79,4,'Id sunt nobis voluptates excepturi. Qui dolores laborum neque voluptas aspernatur aliquid modi. Eligendi in debitis et sint dolor ducimus. Facilis magni velit qui qui.','2008-04-07 19:10:11'),(80,80,5,'Excepturi cumque quibusdam dolor aut eveniet laborum quia nobis. Aliquid sit laborum pariatur aperiam voluptatem soluta et.','2007-10-04 10:01:24'),(81,81,6,'Possimus quasi doloribus omnis voluptatum. Et beatae asperiores impedit. Et dolorem corrupti veniam officiis possimus ipsam.','1985-02-20 08:34:30'),(82,82,7,'Autem enim minima ad error repellendus beatae facilis. Culpa ipsum praesentium voluptatem facilis quia. Voluptatem repellat autem enim doloribus consequatur. Consequuntur recusandae aspernatur nisi animi quia molestias.','2019-06-09 18:44:07'),(83,83,8,'Voluptate voluptates error aut sequi incidunt ducimus. Culpa aut expedita et suscipit. Ut sint sunt odio non ipsam quidem vel. Nam corporis sunt tempore quas autem sunt voluptatem.','2012-12-09 00:38:12'),(84,84,9,'Qui officia deserunt consequatur explicabo modi. Est nam enim ipsum omnis. Quibusdam asperiores dicta nobis blanditiis.','1998-09-24 07:39:50'),(85,85,10,'Nam quo voluptatem nihil consequatur enim error. Et natus sit a. Vitae incidunt sit aspernatur voluptate. Odit ea et perferendis recusandae. Quia expedita minus et quidem alias eum veniam.','2002-07-11 05:16:45'),(86,86,11,'Ipsa fugiat quasi et placeat voluptas praesentium. Ut autem eius aut fugiat.','1984-06-27 18:15:14'),(87,87,12,'Facere atque aut impedit delectus exercitationem id ut. Quis ad odio dicta corporis eaque excepturi odit. Ex voluptas aut impedit. Amet reiciendis autem modi animi veniam. Id et deleniti sed sint quo.','1971-02-26 08:56:27'),(88,88,13,'Iusto dolorem aspernatur necessitatibus saepe velit. Et officia et labore sunt eius maxime id. Nisi ratione voluptas pariatur sit. Eaque sit iure et quos.','1978-05-07 01:05:18'),(89,89,14,'Et ut at facere perferendis esse cum. Nam occaecati dignissimos neque et aut et. Sint sint sit repellendus et cum.','2004-04-11 15:23:18'),(90,90,15,'Incidunt est cumque officia rerum et optio est. Cumque eos reiciendis ut ea et illo ut voluptates. Laboriosam sequi dolor explicabo sapiente.','2003-05-18 05:31:19'),(91,91,1,'Facilis et ea nesciunt labore ullam dicta. A est neque voluptatem repellat autem deserunt inventore.','1977-02-18 00:00:31'),(92,92,2,'Quisquam esse est iste magnam quis omnis facilis. Non voluptas quia sit eum. Distinctio reprehenderit ipsa similique consequuntur libero reiciendis eius ea.','1979-11-16 21:32:52'),(93,93,3,'Qui sint beatae et ut. Aperiam autem odit perferendis cumque dolores. Quia omnis non ipsum aliquid enim ratione. Ut et officiis maxime quos animi temporibus quo debitis. Ea a quia nisi eum voluptas fugit suscipit porro.','1983-05-18 04:02:57'),(94,94,4,'Totam nulla consequuntur ipsum dolorem sit ipsa ut. Vitae blanditiis nihil magnam. Alias ratione nostrum eos debitis minima ducimus et.','1978-02-07 10:26:35'),(95,95,5,'Expedita maxime libero voluptatem ut voluptas commodi. Alias voluptas itaque ea aliquam dolor unde. Provident non optio vitae. Itaque sit nisi quia aut dolor id.','2009-06-29 08:24:52'),(96,96,6,'Aut nihil quam porro maiores. Voluptatem odit repellat qui impedit deleniti placeat at. Fugiat voluptatem quo dignissimos atque a dolores est.','2021-02-19 02:04:28'),(97,97,7,'Dolore quos perferendis officiis labore. Sequi est eum quidem eveniet sed delectus voluptates labore.','1970-09-26 03:10:49'),(98,98,8,'Expedita deleniti quod et totam. Quia voluptas est nihil velit. Maxime ut et in vero nulla.','2002-11-10 05:55:08'),(99,99,9,'Voluptatem in ut quas enim aut possimus aperiam. Illo impedit quis sed sapiente et deserunt eaque est. Et iure voluptas molestiae qui qui animi ducimus commodi. Odit accusamus animi enim nulla.','1973-01-02 21:58:45'),(100,100,10,'Sed aut et distinctio. Incidunt recusandae et maxime veniam maxime nisi et.','1971-04-21 08:27:55'),(101,1,11,'Id tempora nihil praesentium dolor aut. Qui distinctio velit molestiae modi unde temporibus cum. Et unde eos nemo quis officiis distinctio. Esse exercitationem a distinctio voluptatum maiores.','2015-03-26 19:03:57'),(102,2,12,'Qui quia est veniam quo quidem est ut quia. Aut labore quos labore esse unde et. Recusandae cum magni voluptatem at ipsum nemo. Dolor aut explicabo perspiciatis. Ex voluptas reiciendis nihil at.','1986-10-30 19:27:21'),(103,3,13,'Possimus impedit eum illo laudantium iusto veritatis possimus pariatur. Qui et quam dolorem quia tempore voluptas ea. Natus ut fuga perspiciatis commodi repudiandae accusamus.','2020-12-05 08:15:22'),(104,4,14,'Itaque libero reprehenderit dolores commodi eos dolore enim. Impedit impedit corporis praesentium debitis. Ullam qui assumenda velit eligendi.','1995-07-06 13:02:20'),(105,5,15,'Aut et explicabo quo est at. Rerum ut eum aspernatur deserunt hic id recusandae. Corporis quia natus magni possimus fugit eligendi. Consequuntur dolores optio quidem distinctio eum culpa.','2016-04-29 08:52:50'),(106,6,1,'Dolor laudantium quas sequi ipsum. Nemo vel sequi voluptatem dolor temporibus iure maiores. Enim iusto dignissimos enim occaecati. Qui quia vel quia ut fuga.','1994-05-05 08:29:03'),(107,7,2,'Necessitatibus veritatis dolores sint distinctio adipisci sapiente velit animi. Qui ipsam tempore asperiores saepe enim impedit aperiam. Neque laboriosam distinctio fugit asperiores.','2001-11-13 07:56:58'),(108,8,3,'Placeat tempore animi in quod id accusamus debitis. Explicabo magnam doloremque repudiandae quidem. Enim perspiciatis in expedita quas. Sit consequatur adipisci maiores earum quis unde quidem.','1995-02-09 21:42:27'),(109,9,4,'Ducimus et quibusdam quod odit corporis. Itaque ut nesciunt consequatur temporibus velit magnam sunt. Corrupti qui impedit aut molestiae eum.','2006-05-16 18:44:49'),(110,10,5,'Doloremque numquam et ea sit libero aut. Consequatur in aut eaque voluptatem repudiandae beatae consectetur. Velit dolores tenetur tempore et facere enim. Est vitae non ipsam eum ea temporibus.','1991-12-06 07:53:31'),(111,11,6,'Nostrum autem nihil vel amet enim rerum est. Molestias hic sint voluptatum aliquam aliquid nihil autem et. In consequatur voluptas quibusdam quibusdam quo sapiente eligendi.','1983-02-12 01:50:52'),(112,12,7,'Velit facere aut illum dolorem. Perspiciatis aspernatur eaque omnis sunt. Autem et quia suscipit aut voluptas aut.','1984-02-22 14:05:28'),(113,13,8,'Doloremque quia ut labore qui porro molestiae. Quas commodi cumque illo possimus quo. Deserunt commodi fuga nulla numquam temporibus ea nostrum. Sapiente totam molestias reiciendis doloribus sint.','1972-02-18 12:46:56'),(114,14,9,'Placeat rerum qui quod ullam neque. Perspiciatis incidunt ut voluptatem est optio ad. Ut odit voluptatum et similique repellendus.','1974-04-02 22:27:36'),(115,15,10,'Voluptate sit cupiditate dolor cumque tenetur molestiae. Quidem quo rem ea sed qui repellendus eveniet vero. In temporibus id ut officiis omnis ipsam asperiores. Eum asperiores doloribus officiis nostrum eligendi repudiandae ut aut.','2010-12-22 17:21:22'),(116,16,11,'Voluptatem expedita sint quia adipisci. Natus quod praesentium et quam. Quidem dolorem a doloribus repellat rerum. Voluptas repudiandae aut quia saepe aut nostrum tempora. Voluptatem molestiae quia omnis.','1989-05-29 03:56:16'),(117,17,12,'Delectus placeat dolore aut veniam at et atque hic. Est voluptas vero quod rerum ipsa tempore. Cum error numquam officia. Cupiditate facere laboriosam quibusdam consectetur aut saepe.','2002-03-25 14:48:54'),(118,18,13,'Est iste accusamus vitae modi libero. Perspiciatis commodi eius incidunt nemo sed. Quasi temporibus voluptas iure id quaerat officiis sit.','1981-07-18 06:08:50'),(119,19,14,'Sed incidunt nihil labore sunt sed. Ut ab deleniti deserunt culpa non qui et. Consequatur placeat blanditiis maxime officia velit sunt qui sequi. Et aut laboriosam consequatur quia qui odit.','2008-01-23 02:58:51'),(120,20,15,'Commodi omnis quaerat aut explicabo ut quisquam. Sed id dolorum earum ipsum cum eveniet mollitia. Qui perspiciatis quia quia nostrum. Deserunt quasi ut ea iste repellat ut.','2016-02-21 16:30:20'),(121,21,1,'Similique sed consequatur dolores ut ea. Ipsam quia voluptatem voluptas perspiciatis non repudiandae nulla. Eos sint ut provident ut fuga non molestias.','2000-05-23 08:57:52'),(122,22,2,'Nostrum nostrum eos ipsum cum vel ab. Est voluptatem non qui inventore. Consequatur id optio nihil nostrum. Non ut qui accusamus.','2017-08-12 01:34:44'),(123,23,3,'Officiis quaerat ut nam velit voluptas. Qui asperiores numquam quis aliquid. Molestiae aperiam consequatur sit est magnam. Quisquam error et magni et. Asperiores est voluptate ab fugit eos asperiores.','1993-03-05 02:17:12'),(124,24,4,'Id assumenda et consectetur dolorem excepturi repellat. Excepturi aut et est in. Et eligendi et perspiciatis ea voluptas rerum. Dolores quisquam suscipit eaque.','2004-03-24 10:04:40'),(125,25,5,'Aut aut impedit quis reiciendis rerum. Ut in ut temporibus veniam et ex facere. Beatae et corporis eum molestias. Eum velit aliquid quaerat aperiam quo sed.','2013-10-24 21:49:06'),(126,26,6,'Eius ea ut aut eaque atque quis repellendus. Inventore dolor asperiores quam sed. Voluptatem consequuntur natus esse.','1999-03-02 22:16:59'),(127,27,7,'Ut et modi dolores saepe dolorum. Ut nulla nesciunt natus et. Non velit quod mollitia repudiandae eos illum excepturi.','1993-05-21 18:05:46'),(128,28,8,'Eaque illo qui magnam ut. At ad fugiat necessitatibus officia ullam. Quisquam autem aspernatur fuga quo fugit iure rerum. Vitae quisquam exercitationem voluptatem nam.','1984-09-22 05:50:12'),(129,29,9,'Eum sed et fugit molestias qui officia. Vel velit quam odio ratione suscipit dignissimos dolores. Dolor officiis dolores consequatur non eos eius.','1996-09-23 13:24:11'),(130,30,10,'Nihil et in praesentium officiis nam expedita magni exercitationem. In qui necessitatibus nemo eum in nobis deserunt. Ea dolorum consequatur non hic est corrupti. Ut est autem sapiente ad.','1975-09-04 00:32:16'),(131,31,11,'Incidunt neque porro et. Nihil sed debitis enim nisi autem. Error sint quidem inventore suscipit alias quaerat voluptas et. Consequuntur porro deserunt labore ut exercitationem temporibus facilis.','2015-12-22 04:00:39'),(132,32,12,'Aliquam eum omnis placeat reiciendis. Voluptas labore ut recusandae sunt mollitia praesentium. Accusantium rerum accusamus minima et qui.','1990-06-09 10:20:18'),(133,33,13,'Rem adipisci accusamus rerum et. Ut soluta laboriosam commodi omnis nesciunt in quam. Velit labore rerum eaque reiciendis est. Officiis tempore voluptate modi omnis et et.','2005-10-02 12:39:11'),(134,34,14,'Ut pariatur laudantium atque cum dolor autem. Iusto aut unde facere occaecati non voluptatem ipsum. Voluptatem facere minus error excepturi incidunt possimus eveniet facilis. Necessitatibus nihil natus delectus corporis nulla enim aliquid. Sit qui sit voluptas quibusdam.','1983-03-06 17:19:12'),(135,35,15,'Quod et nihil laudantium officia voluptatem possimus est quia. Voluptas totam quia omnis facere aperiam. Et nemo cum voluptatem reiciendis. Aut doloribus aut ea id necessitatibus quasi vitae.','1993-07-27 22:13:41'),(136,36,1,'In consequatur sed ad fuga. Hic quos sed minus. Labore blanditiis et magni repudiandae rerum. Est nobis et ab modi rerum laboriosam.','2003-08-23 00:55:05'),(137,37,2,'Velit sed quod magni. Dolorem impedit tempore est ullam ullam id. Nisi consequatur pariatur eos similique nobis in et.','2005-06-28 15:45:11'),(138,38,3,'Temporibus laborum suscipit provident velit quia. Eum eligendi exercitationem sint error blanditiis voluptatem consectetur. Facilis dolorem repudiandae rerum.','1987-09-21 01:34:13'),(139,39,4,'Ut quam eos voluptatem temporibus. Laborum dolor accusamus ipsam. Odit dolor cum at iste est facilis tenetur aut. Ab ut nihil pariatur delectus.','2017-03-07 04:14:36'),(140,40,5,'Tempore iusto in quia necessitatibus officia. Corrupti magnam sint minus quo eligendi. Repellat quae fuga modi exercitationem est est odit. Mollitia et reprehenderit quisquam sunt.','2008-12-05 05:33:57'),(141,41,6,'Numquam quas accusantium tempore debitis repellat quas amet reprehenderit. Veritatis blanditiis deleniti id aspernatur illo in ipsa.','1984-06-15 06:14:50'),(142,42,7,'Autem accusantium et vel laboriosam quas. Dolores ut ea rerum assumenda natus. Neque sit ducimus animi voluptatum.','2004-10-24 14:16:05'),(143,43,8,'Nam sint excepturi vel autem voluptate nam. Cumque harum repellendus nihil ad laborum aut. Et aut architecto voluptas omnis qui sit temporibus.','2016-11-25 15:37:11'),(144,44,9,'Voluptatem numquam aliquid repellat laborum maiores aut ex quod. Autem aut facere accusamus modi. Itaque a tempora voluptatibus quos. Eos perspiciatis harum iste mollitia.','2011-08-20 19:55:34'),(145,45,10,'Nemo exercitationem natus nostrum hic quo aut illo. Earum unde sed adipisci dolorem consectetur quasi. Nihil temporibus aperiam placeat voluptates consequatur ut recusandae.','1977-06-08 10:30:06'),(146,46,11,'Distinctio est eum cum vitae voluptates. Voluptatibus quibusdam perspiciatis corrupti et. Quas magni omnis necessitatibus illo illo quis voluptas quia.','1977-07-01 20:49:04'),(147,47,12,'Odio commodi maxime commodi eius illum. Quia id odio nihil alias quos sit voluptatibus. Eum impedit aliquid sint id ea est sapiente. Laborum occaecati facere incidunt culpa rerum quidem expedita.','2010-10-17 22:27:58'),(148,48,13,'Et exercitationem dolore velit dolores. Fuga consequatur rerum quidem excepturi cum est quas. Molestiae qui sunt est accusantium aliquid laboriosam et non.','1970-04-11 16:27:26'),(149,49,14,'Porro dolorem est esse voluptatibus dolor consequatur mollitia. Omnis et sed explicabo deserunt tempora. Iure ipsa et officiis omnis suscipit. Cupiditate consequatur vel sint dicta dolorem porro suscipit ut.','2001-09-27 11:49:45'),(150,50,15,'Officiis illum fugiat quidem dolore ipsam. Aut deleniti quia maiores quia atque accusantium labore. Architecto dignissimos voluptas omnis soluta nam omnis.','2012-07-21 12:07:05'),(151,51,1,'Eaque asperiores modi expedita facilis nam. Molestiae placeat sint et atque animi aliquam esse. Odio cumque architecto omnis qui. Recusandae ut sunt impedit.','1994-09-26 15:00:45'),(152,52,2,'Inventore et neque eveniet aut. Necessitatibus voluptatem similique explicabo sit. Vitae voluptatem placeat et veritatis in laborum aperiam provident.','2008-12-14 13:11:10'),(153,53,3,'Quod quo aut tempora assumenda veniam minus. Neque quaerat ut ut. Accusamus optio consequatur voluptate ea quis laborum accusamus.','2000-04-15 11:42:01'),(154,54,4,'Enim laborum sed temporibus in delectus. Aut omnis sed similique omnis. Quo aut ratione dolorum iusto fuga tempora et.','1985-04-12 03:56:42'),(155,55,5,'Voluptatum aut fugit odit autem. Odit aliquid in dolorum nihil rerum sunt non enim. Vitae autem voluptas odit recusandae.','1977-09-26 21:42:32'),(156,56,6,'Doloribus maiores quidem facere aliquid. Est odio reiciendis unde nobis sed pariatur rerum atque. Vitae ut vitae aspernatur excepturi eius. Perspiciatis repellendus occaecati quo animi perferendis et.','1970-10-15 13:18:19'),(157,57,7,'Voluptas vel eaque est nisi. Nemo ad non non quia. Nam voluptatem reprehenderit natus. Et optio doloremque numquam magnam autem. Aliquid sed molestias ratione voluptas est.','1996-09-17 22:14:40'),(158,58,8,'Eos voluptas et est excepturi eaque quia. Quisquam culpa illo eius vitae. Sint ut omnis sunt tempora.','1989-11-10 10:55:04'),(159,59,9,'Eligendi est sed ab possimus asperiores. Dolorum ex dolor sit ducimus sit. Voluptatem odit ut impedit.','2014-03-18 21:39:34'),(160,60,10,'Rem facere aliquam reprehenderit veniam reiciendis maxime et at. Nostrum ullam ea eius sint. Pariatur beatae eius qui.','1981-11-08 19:07:56'),(161,61,11,'Ut consequuntur beatae aperiam dolores est. Odio architecto repellat omnis vero omnis voluptas. Culpa distinctio dolorem dolores magni.','1995-11-20 18:34:33'),(162,62,12,'Velit accusantium eos alias quia sunt. Illo est eaque nulla voluptatem. Quia eaque vitae ipsam. Optio velit accusamus quia qui.','2015-05-11 11:31:02'),(163,63,13,'Eum dignissimos accusantium et modi in nihil et. Et illum voluptatum nihil. Hic eos aut ex tenetur et sed et. Voluptatum id quod est a eligendi. Reiciendis nesciunt facilis harum a.','1990-05-07 01:34:21'),(164,64,14,'Odio voluptatem eos quisquam officiis nostrum hic. Perferendis possimus vero magnam sunt et. Deleniti ea ipsum eligendi qui.','2010-05-04 06:55:03'),(165,65,15,'Adipisci eligendi natus voluptatem incidunt quaerat natus. Dolorum qui voluptate deleniti nesciunt. Qui voluptas et tempora autem sit.','2016-01-28 18:38:21'),(166,66,1,'Vel blanditiis dignissimos ad consequatur voluptas blanditiis sequi. Omnis repellat minima id consectetur dignissimos. Eum reprehenderit nam ut qui in totam.','2012-11-14 10:32:20'),(167,67,2,'Atque enim dolor quia fugiat. Est eaque in dolorem laborum vel. Aperiam excepturi aliquid voluptatem cumque accusamus reprehenderit. Tenetur ullam est qui occaecati ut.','1989-01-18 23:48:27'),(168,68,3,'Unde explicabo cupiditate qui in. Iure fuga vero et odio officiis. Dolor inventore nemo hic et. Aut rerum debitis rerum autem autem.','1985-07-18 19:25:56'),(169,69,4,'Est labore aut minus maxime. Aut dolores et officia qui ut ratione est fugiat. Ut neque vel quasi.','2012-12-15 17:11:55'),(170,70,5,'Est enim similique rerum est voluptas velit laudantium. Possimus dolorem sint accusamus non non maxime et. Aspernatur doloremque sunt quisquam beatae facere eius praesentium nesciunt.','1991-12-29 22:23:24'),(171,71,6,'Dolor expedita dolorum eos. Sit ratione illo incidunt non beatae. Officiis culpa esse ut facere. Dolor eum nobis inventore dolore omnis quis. Quis aut incidunt est.','1996-07-25 19:01:21'),(172,72,7,'Ipsam a dolorem deleniti qui in quo. A tempore eos soluta placeat eum aut delectus fugiat. Perspiciatis ut architecto ut iste alias similique delectus aut.','1984-09-02 16:09:48'),(173,73,8,'Ratione sit aut rerum. At voluptatem et aliquid rerum ipsam repellat nihil. Velit dolores magnam ratione quasi sequi esse voluptas. Ut voluptatibus laboriosam doloribus deleniti pariatur. Enim voluptas adipisci voluptatibus voluptatem.','1983-08-12 17:53:06'),(174,74,9,'Et adipisci quia reprehenderit beatae possimus labore sed. Nihil voluptas sunt aliquam et. Quasi ut veniam et quos voluptatem.','2003-10-11 20:42:05'),(175,75,10,'Sed distinctio est officiis voluptas velit. Assumenda repudiandae maxime reprehenderit quaerat ullam sapiente blanditiis. Non dignissimos voluptate id dolorem earum velit dolor. Ducimus aliquid placeat voluptatem nulla. Magnam vel aut quod maiores dicta fugiat.','2014-03-10 20:42:54'),(176,76,11,'Nulla qui ducimus aperiam atque aut. Fuga quae nihil repudiandae perspiciatis autem numquam sunt aperiam. Placeat aliquid accusamus ut voluptates eos.','2007-03-01 19:16:14'),(177,77,12,'Animi nostrum excepturi aut. Voluptas dolores tempora voluptates iusto natus optio. Mollitia nostrum atque iste debitis laudantium explicabo ea. Consectetur iste et quam quis.','1981-12-15 10:06:42'),(178,78,13,'Rem veritatis et et eligendi dolorem eos. Omnis sunt corrupti nisi nemo delectus ab perspiciatis.','2000-01-14 08:35:09'),(179,79,14,'Enim sit id cupiditate impedit voluptatem rerum nemo. Est reprehenderit accusantium veritatis temporibus et qui. Neque doloribus et omnis doloremque harum omnis. Sint tempora illum sed atque id.','1993-05-10 12:26:46'),(180,80,15,'Voluptatibus suscipit voluptate et qui. Sed consequatur sapiente deserunt quae delectus. Animi fugiat fugit tempora neque ab. Qui in cumque rem sed ut eos.','1988-12-12 13:05:59'),(181,81,1,'Dolore quam velit rerum saepe necessitatibus repellat tempore. Atque veritatis et deleniti ut. Magnam qui saepe illo rem.','2013-07-17 14:15:01'),(182,82,2,'Error ut nihil saepe est eveniet. Illo vel rerum deleniti autem soluta. Quas ipsa hic animi aut.','1983-12-16 05:48:08'),(183,83,3,'Ducimus cumque et libero eos quis. Temporibus omnis amet a odit maiores dolorum voluptas. Sunt placeat distinctio neque laboriosam recusandae.','2003-03-01 11:40:47'),(184,84,4,'Quo aut nemo nulla modi qui qui quia. Nihil ut aut fuga sed et. Id ut autem ut est. Aut cum porro explicabo veniam. Distinctio ut et placeat velit est eum dicta et.','1974-01-25 18:10:58'),(185,85,5,'Velit eligendi quo placeat cupiditate. Dolorum et fugit doloremque maiores sed. Aut in quo rerum explicabo ipsam placeat commodi. Tenetur quod expedita velit asperiores.','1983-09-06 21:51:57'),(186,86,6,'Fuga eveniet cumque non aut vel accusantium. Omnis rerum sunt et. Dicta eaque aut nostrum. Aliquid soluta et et ipsa.','2013-11-25 23:21:39'),(187,87,7,'Eos necessitatibus libero autem repellat. Distinctio expedita et in cum culpa numquam nisi voluptas. Consequatur eius cum et hic.','1985-09-10 19:36:29'),(188,88,8,'Asperiores sunt asperiores temporibus et amet. Magnam et cum ut minima vel. Et odit consequuntur recusandae quod molestiae. Est in repudiandae vel perferendis.','2002-10-06 21:51:14'),(189,89,9,'Ut molestias consequatur hic. Molestias quia voluptatem quod error. Autem iusto adipisci est laboriosam est architecto.','1971-04-16 02:06:10'),(190,90,10,'Quis sunt iusto eum excepturi. Voluptatem est dolorem qui et. Quasi esse asperiores nostrum doloremque placeat.','2006-08-09 08:36:30'),(191,91,11,'Non velit minima praesentium. Aliquid delectus illo dolores dolorem et. Dolorem quo deleniti pariatur corrupti rerum. Quas incidunt accusantium aut omnis. Modi dolorum est illo quas reprehenderit rem dignissimos.','1974-04-09 08:26:43'),(192,92,12,'Error assumenda aspernatur nobis quis. Minus voluptas aut officiis eos delectus enim. Ut ut deleniti consequatur autem eos beatae. Praesentium rerum aut architecto quia et.','1987-11-26 15:20:09'),(193,93,13,'Ipsum nihil qui nostrum omnis ut id amet. Magnam ex eos accusamus modi reiciendis omnis. Veritatis magnam explicabo aut rerum sit alias. Et voluptas alias excepturi facere sunt sit.','1996-08-03 10:14:19'),(194,94,14,'Ut voluptas hic aspernatur nam eaque possimus sed. Esse tempora consequuntur iste repudiandae aut aut. Earum delectus modi dolorem rerum velit. Voluptas inventore qui culpa totam.','1978-11-21 01:09:05'),(195,95,15,'Amet eligendi voluptatem repellendus rerum impedit id. Quae voluptatibus sit quis laudantium et similique ipsam. Commodi magni voluptatem est veniam et. Ut quas quia distinctio ut sapiente sint.','1993-01-08 01:58:55'),(196,96,1,'Tempore omnis ut fugiat nihil. Ab dolores itaque magnam corporis reiciendis eaque dignissimos. Nemo mollitia ut excepturi ea reiciendis.','1985-03-08 07:56:34'),(197,97,2,'Itaque ipsam ipsam iusto qui vel. Molestiae repellat id quos quas vitae quaerat deleniti et. Harum deleniti quia laborum quas reprehenderit dolor similique. Laborum omnis atque nostrum nam laborum.','1985-09-27 12:05:29'),(198,98,3,'Voluptates tenetur consectetur ut ut. Veritatis molestias velit consequatur ipsum ratione sit sit voluptas. Mollitia accusamus impedit voluptas doloremque. Incidunt distinctio numquam sit molestias.','2007-11-14 16:45:09'),(199,99,4,'Quaerat nihil qui officiis quod. Culpa illum sint animi et mollitia cumque ut. At nisi quam dicta et sit molestiae eligendi.','1993-10-08 00:07:48'),(200,100,5,'Eos aut quis molestiae. Molestiae aut beatae quo fugit fugiat reprehenderit at. Consectetur qui eos in sed veniam optio sunt. Omnis sunt nihil et est.','1991-12-02 09:03:22'),(201,1,6,'Cum dolorem nesciunt adipisci maxime voluptatum. Non voluptas ratione dolor animi suscipit. Quia quod fugiat occaecati et.','2003-01-14 03:26:00'),(202,2,7,'Facilis ut quia sequi aliquid voluptas dolor officiis optio. Ut velit sint quae vel reprehenderit quaerat sint. Iure quasi laudantium itaque.','2009-03-19 17:55:19'),(203,3,8,'Et facere minus facilis explicabo possimus error. Deserunt non sunt vero vitae dolores. Voluptas repellat consectetur aspernatur quia enim earum. Fugit quis quisquam eum quis.','1982-04-24 02:27:14'),(204,4,9,'Ducimus et dolorem voluptatem nesciunt cum. Qui et et eveniet non inventore aut.','1987-06-24 08:46:20'),(205,5,10,'Cum et corrupti deleniti ea ipsam vero voluptas impedit. Ipsum quia aut placeat aspernatur expedita ducimus sapiente. Reiciendis commodi dolorem laudantium quis nostrum est. Eum accusantium sint repellendus quo vero saepe.','1992-10-17 15:42:19'),(206,6,11,'Quis excepturi laudantium et eos ut libero est. Nemo repellat dolorum voluptatibus enim dicta id necessitatibus. Qui sint enim sit qui. Omnis commodi est sit inventore.','2020-06-21 12:48:47'),(207,7,12,'Consequatur rerum est eaque et eligendi earum. Sit ea quia eius commodi.','2018-01-26 06:58:55'),(208,8,13,'Enim incidunt at pariatur quisquam ut et laudantium. Perspiciatis dolor qui enim et minus. At dolorem fuga dignissimos perspiciatis eaque quia. Repellat dolore nulla voluptatem explicabo facere.','1989-02-09 11:21:15'),(209,9,14,'Libero dolor recusandae vel dolor nam. Fugiat itaque est quia sit vel et. Ea suscipit expedita ut.','2015-11-23 03:39:58'),(210,10,15,'Sit non perspiciatis vel excepturi voluptatem rerum in sint. Vel perspiciatis dolores iusto odit quo qui. Ad pariatur est voluptatem odit.','2015-05-20 06:13:03'),(211,11,1,'Laborum sed eos blanditiis voluptate. Libero deserunt esse provident velit modi et id. Ducimus voluptatem hic molestiae ipsa ab accusantium qui.','1983-06-20 05:29:25'),(212,12,2,'Et veritatis vitae quam natus est officia. Labore et est neque possimus voluptatum dolores autem. Nulla eligendi tenetur quia est dolor in. Non corrupti culpa placeat. Et cumque vitae officia sit.','2010-02-20 03:02:55'),(213,13,3,'Necessitatibus voluptates sit molestias exercitationem sapiente id. Natus quisquam rerum aspernatur dolor. Voluptas velit incidunt voluptatem impedit odio unde necessitatibus.','1993-04-11 17:24:44'),(214,14,4,'Consequatur ea voluptatum nisi sequi incidunt hic expedita. Velit aspernatur sequi quaerat sit. Rerum repudiandae corrupti ut quaerat mollitia.','2014-10-15 20:45:11'),(215,15,5,'Eveniet labore ut deleniti ullam laudantium ad. Unde eum omnis reprehenderit. Placeat blanditiis explicabo eveniet quia sed magnam. Quaerat facere iste qui autem aperiam non accusamus.','2006-12-18 22:59:56'),(216,16,6,'Voluptatem ut inventore enim sit aspernatur perspiciatis velit. Rerum esse dicta consectetur tempore aliquid sit. Cum earum esse maiores excepturi omnis voluptatem. Magni fuga ea laudantium deserunt. Eum eveniet nulla repellendus in voluptatibus.','1988-06-03 21:49:14'),(217,17,7,'Possimus deleniti esse rerum. Dolores minus sequi vel sit voluptatibus consequuntur. A aut consequatur debitis necessitatibus repudiandae voluptatem ipsum ipsam. Asperiores dignissimos voluptas et non id aspernatur omnis dolor.','2011-10-03 06:43:37'),(218,18,8,'Officia aperiam nisi optio quia tempora eius praesentium. Aut quasi odio error odio dolor ducimus quod. Ratione rerum ut non aut id.','1971-06-14 00:34:39'),(219,19,9,'Dolorem ipsam alias harum labore. Commodi saepe commodi accusantium repellat occaecati aut repellendus quisquam. Magni similique sed blanditiis tenetur ipsum illo nam.','1971-05-11 18:44:16'),(220,20,10,'Error eos autem illum. Cumque voluptatem tempore consequatur velit rerum omnis. Nam est iure voluptatem debitis ut enim. Illum sed deleniti eum magnam.','1972-04-10 16:35:30'),(221,21,11,'Et accusantium et velit magni magnam dolore. Dolore ut facilis quaerat natus quis. Voluptas rerum itaque et quia et non.','1995-08-04 07:58:29'),(222,22,12,'In quisquam saepe molestias voluptatum. Perspiciatis nulla molestias magnam voluptatum excepturi. Rerum labore deleniti error ad. Iusto sit quam laboriosam beatae sint.','2012-03-19 17:03:47'),(223,23,13,'Temporibus provident eum ut. Aut mollitia earum dolorum sit deserunt fuga aut officia. Non voluptates quasi similique praesentium ut est. Et illum nostrum quis aut dolores id.','1981-11-12 07:54:31'),(224,24,14,'Et voluptatum suscipit sed ut minima laboriosam enim. Repellat ad quia distinctio omnis minima. Fugiat dolore molestiae ullam modi minus eligendi voluptas.','1996-12-08 16:07:04'),(225,25,15,'Totam beatae rerum nulla. Quo consequatur dolores sit. Ipsam laudantium aspernatur nemo.','1973-11-23 17:19:54'),(226,26,1,'Reprehenderit amet alias quisquam. Neque eligendi beatae ipsum deleniti ut voluptas atque. Quae aut voluptas earum inventore.','2011-05-22 12:28:00'),(227,27,2,'Ut praesentium non ut soluta ut perferendis iusto placeat. Sint eum quam et earum magnam. Sint illum neque est. Libero laborum ea et magni omnis qui doloremque. Nobis doloribus nulla est adipisci voluptatem ab accusamus impedit.','1982-01-20 23:58:47'),(228,28,3,'Consequatur blanditiis temporibus accusamus omnis fugiat unde. Ex nesciunt id non repellendus aliquam.','1978-12-04 04:58:24'),(229,29,4,'Autem qui fuga sed expedita laudantium et officiis. Illum tempora in dolores et ut.','2006-06-26 05:45:25'),(230,30,5,'Perspiciatis voluptatibus eaque consectetur rerum aut quia est. Culpa praesentium et aspernatur et facilis ut in. Excepturi nesciunt ipsum enim eum eum laborum qui. Officia et autem officiis earum et nostrum autem dolorem.','1994-04-03 12:14:07'),(231,31,6,'Necessitatibus quidem enim nesciunt ea aperiam at ea. Facilis suscipit nam omnis dolor. Ipsam magnam voluptas sit aut alias aut rerum.','1987-03-31 11:27:32'),(232,32,7,'Cupiditate ut sed deserunt. Qui possimus eligendi enim voluptatibus et. Sed qui voluptas libero recusandae.','2010-04-15 11:02:23'),(233,33,8,'Nam voluptates corrupti quia doloremque architecto. Recusandae neque harum est fugit. Qui ut nostrum perspiciatis iusto tenetur non voluptatibus adipisci. Maxime voluptate quia culpa. Dolores sint excepturi perferendis amet pariatur.','1997-01-20 22:55:35'),(234,34,9,'Officia sint ut totam minima. Vitae sunt modi dolor quasi recusandae ut deserunt. Sed sint quo autem doloremque quia qui eius.','1984-02-06 17:44:36'),(235,35,10,'Explicabo delectus architecto aut aut. Velit qui ratione est sed architecto quisquam fugiat. Ipsa enim voluptates aut sint molestiae culpa molestiae. Quo consequuntur libero inventore eius et et id.','2011-07-02 14:35:26'),(236,36,11,'Fugiat dolore occaecati repellat odit et itaque facere. Repellendus porro nulla ut aperiam. Tempore reprehenderit distinctio voluptatem non.','2016-03-01 07:13:05'),(237,37,12,'Dolorem eligendi voluptas architecto. Officia quasi voluptatum tempora amet adipisci ullam. Molestiae blanditiis sint itaque dicta.','1996-08-30 13:46:49'),(238,38,13,'Saepe ut est repellendus tempore minus et omnis. Est reprehenderit explicabo et. Consequatur optio veritatis consequatur qui facere voluptas. Nemo dolores et sed assumenda nesciunt possimus.','2001-01-08 06:45:53'),(239,39,14,'Mollitia ea consequatur voluptatem dolor perferendis fugit. Vitae soluta animi mollitia dicta et architecto in.','1997-11-04 06:43:12'),(240,40,15,'Quas animi eos molestiae deserunt occaecati. Iure eum facilis quasi nobis dolores et odit et. Eos qui reprehenderit inventore laboriosam placeat odio voluptatem. Perferendis nemo aut id atque quas.','1986-08-17 15:38:45'),(241,41,1,'Itaque saepe nulla atque ducimus dolores. Eum aspernatur non quis a itaque quasi occaecati doloremque.','1996-12-22 05:26:55'),(242,42,2,'Iusto maiores similique ad consequatur non ipsam quo. Dolor praesentium repellat minima cum. Velit odit dolores praesentium molestias illum blanditiis rerum. Velit praesentium eaque fuga vel.','2014-05-15 18:05:47'),(243,43,3,'Omnis debitis dolorem cupiditate. Deserunt vel odio est sapiente hic qui nisi consequatur.','2007-07-06 22:45:25'),(244,44,4,'Iusto sit sed voluptate esse doloribus. Maiores sit aut nostrum optio omnis. Qui possimus recusandae eos.','1970-08-19 15:40:09'),(245,45,5,'Voluptatem qui reprehenderit earum officia enim voluptatem reiciendis. Voluptas dignissimos mollitia vitae alias sit est necessitatibus aliquid. Accusantium impedit et tempore neque recusandae. Iste hic laudantium temporibus est ut perferendis quasi.','1997-11-16 15:20:13'),(246,46,6,'Fugiat culpa officia quia dignissimos. Autem eos occaecati debitis.','1979-08-06 11:48:31'),(247,47,7,'Illo omnis deserunt ipsam dicta. Voluptas in consequuntur nihil sit molestias beatae. Pariatur corporis exercitationem facilis aut omnis modi.','1985-01-10 19:16:17'),(248,48,8,'Deserunt itaque possimus expedita ipsum iste aliquam consequatur dolorem. Et doloribus necessitatibus sequi sit. Laudantium consequatur harum laboriosam expedita officiis nisi dolorem. Voluptates alias vel inventore culpa.','1982-03-21 21:37:38'),(249,49,9,'Sint officiis eligendi laudantium rerum sed vel. Inventore ullam sit odit sed vel modi. Ipsa id autem quia. Voluptas earum optio eveniet ab ut aut. Dolore doloribus reprehenderit et et.','2018-08-29 10:16:20'),(250,50,10,'Ut ipsam laborum aut quasi aut. Quis nulla dolorem voluptatem. Minus saepe animi quia voluptas odio debitis dolor.','1977-06-24 15:12:59'),(251,51,11,'Nisi sed delectus velit accusantium aut voluptatem rerum. Eos molestias corrupti dolore voluptas. Veniam nostrum quidem autem quas quis temporibus. Recusandae consequuntur voluptas mollitia. Voluptas itaque quisquam rerum facilis.','2017-03-01 23:15:42'),(252,52,12,'Ut magnam voluptas nulla qui voluptatibus voluptatem atque. Voluptas labore illum eveniet qui. Excepturi inventore voluptatem odio consequatur dolor aut.','1975-06-15 13:26:23'),(253,53,13,'Dignissimos velit iste sed veniam similique. Similique non occaecati veniam quas reiciendis. In voluptas qui modi debitis et temporibus earum. Nam et sunt ut enim sit enim adipisci.','1989-09-11 09:15:27'),(254,54,14,'Expedita quis qui repellat optio facere. Error quae dolores delectus est rem. Dolor corporis eum rerum in repellat autem eaque. Aperiam dolor ratione a aut doloremque hic. Eos sint placeat dolorem.','2016-09-16 05:21:52'),(255,55,15,'Voluptas nesciunt quaerat iusto non blanditiis vitae. Est veniam fuga ipsum tenetur fugit est rerum. Sapiente error laboriosam qui.','1997-10-05 05:23:55'),(256,56,1,'Quisquam vel sapiente omnis est consequatur perspiciatis repellat quos. Voluptatem soluta non explicabo ut saepe voluptatem. Et in deserunt ut alias repudiandae facere commodi.','1996-05-16 17:13:52'),(257,57,2,'Quidem voluptas aut rerum ullam sapiente. Ut error hic cum laboriosam enim. Molestiae veritatis facere error aut vel molestias quod. Nobis molestias at nobis praesentium.','2016-02-02 13:15:36'),(258,58,3,'Dolorem sint maiores animi nemo rerum voluptate. Sed quo et et architecto doloribus. Ipsa ut esse dignissimos sunt.','1985-11-01 14:49:55'),(259,59,4,'Sunt consequatur praesentium minima minima veritatis. Eveniet sunt fugit dolorem aspernatur optio eligendi sit. Omnis rerum asperiores delectus id modi voluptatum. Eius suscipit nam ad voluptate incidunt.','1976-10-31 13:46:22'),(260,60,5,'Quia eius saepe iure voluptates ut nihil ipsa. Libero odit totam at quibusdam. Ut rerum qui illo mollitia consequatur. Neque vel inventore architecto eos est.','2004-05-06 18:23:58'),(261,61,6,'Beatae cupiditate sit dolor alias et. Voluptatibus fuga vero fugiat deserunt recusandae autem rerum. Quas quo reiciendis ut quis maiores odio architecto sed. Quaerat repellat animi eum et praesentium.','1993-12-08 12:03:34'),(262,62,7,'Ipsam tempora nam sit soluta quo sint quibusdam. Laborum expedita et voluptatum adipisci vel. Et ducimus dolor et voluptas consequatur ullam sed fugiat. Eveniet aut est rerum vitae odit soluta ut nostrum.','2011-05-26 05:23:05'),(263,63,8,'Quo et qui inventore repellat. Quod et velit nobis labore dolorum reprehenderit natus.','2019-12-23 15:31:44'),(264,64,9,'Odio nihil voluptatibus quaerat dolor earum. Nesciunt labore voluptatem dolorem et tempore doloribus magnam omnis. Mollitia dolores aut nobis sint qui.','1977-05-28 04:51:14'),(265,65,10,'Cum optio labore optio hic aliquid in magni. Fugit ea maiores ratione voluptatem voluptates. Voluptate praesentium eligendi aliquid dignissimos itaque. Repellendus quia magni accusamus doloremque qui tenetur.','1987-12-12 03:56:20'),(266,66,11,'Ipsa fuga nesciunt dignissimos nam. Iure eligendi dolore tempore veritatis est non.','1975-07-22 17:38:31'),(267,67,12,'Eligendi dolor esse recusandae exercitationem sit harum. Suscipit explicabo illo nostrum sint quo non sint. Fugit perferendis quis veritatis eius officiis aut praesentium. Itaque natus sunt odio consequatur reiciendis quia ab.','2007-07-31 13:35:30'),(268,68,13,'Rerum sapiente non quas cupiditate modi impedit quia. Quis vitae at nesciunt odio corrupti omnis et. Molestiae voluptatem non fugit nulla quibusdam provident. Magni culpa tempora voluptates facilis et dicta.','2012-06-26 08:04:26'),(269,69,14,'Autem debitis repellat soluta tenetur cupiditate. Aut vitae alias aperiam cupiditate in. Ut aliquid deleniti sunt dicta ipsam reiciendis ea voluptas. Et aut sit laboriosam incidunt consequuntur sunt.','1975-02-03 02:52:34'),(270,70,15,'Fugit ut sit fugiat quam dolore qui quo. Repellendus voluptatem velit velit nulla. Molestiae ipsum nihil provident quam sit aliquam aspernatur cumque.','1986-11-19 23:31:15'),(271,71,1,'Voluptates dolorem quod inventore quas nostrum iste quia nostrum. Tenetur consequatur rerum asperiores aut. Rerum sit voluptas nisi corrupti officia esse.','2016-03-19 09:17:07'),(272,72,2,'Ab quia ipsam sint eum ipsa soluta nobis nulla. Ut quidem ab consequuntur excepturi repellendus possimus ut. Excepturi ab libero molestias fugiat. Quia in aliquam illo commodi veritatis dignissimos.','1996-05-21 00:19:46'),(273,73,3,'Fugiat eaque dolores dolore placeat voluptatem. Veritatis odit qui aliquid est nostrum. Totam sit ut quo quo velit. Eum sunt deleniti eveniet cumque excepturi.','1986-01-09 21:03:50'),(274,74,4,'Et autem unde praesentium sed. Mollitia aut est sint quia. Placeat eligendi sed at velit accusamus.','1978-11-23 18:06:03'),(275,75,5,'Qui sed aspernatur minima voluptatem id quasi reprehenderit. Quo sed qui maiores eum. Ratione veniam rerum doloribus commodi ex modi sit. Tempora voluptatum architecto labore et veritatis. In voluptas facilis suscipit natus quaerat excepturi.','1990-10-27 06:33:35'),(276,76,6,'Magnam asperiores eligendi labore sint excepturi aliquam at. Eos consectetur molestiae ut nemo odio dolores rerum. Consequatur animi quia est hic qui ducimus. Et repellendus illo omnis debitis enim.','1997-11-16 17:00:55'),(277,77,7,'Consequatur quis quis fugit qui corrupti deleniti. Sunt et eum et ipsum laborum. Rerum et odit beatae unde. Omnis ratione praesentium sint quia animi. Vel nesciunt delectus molestiae est sunt beatae.','1978-09-14 01:44:36'),(278,78,8,'Totam nostrum libero fuga ut magnam. Est modi quo distinctio tempore asperiores repellat. Omnis sit ea voluptatibus distinctio sed repellendus. Cupiditate fugit autem odio perspiciatis delectus voluptas eum.','1970-11-08 09:51:37'),(279,79,9,'Velit perferendis blanditiis omnis quod minus et. Eaque aut quo quas aut. Quis sequi consequuntur quia ipsum dolor rem.','2019-10-24 19:14:44'),(280,80,10,'Est eum quia vitae deserunt exercitationem est rerum ipsum. Incidunt odio et veritatis molestias quidem dignissimos incidunt. Totam qui minima animi ullam dolorum laborum. Nulla sapiente dolorum odio sit eaque explicabo hic.','2016-12-05 11:46:56'),(281,81,11,'Optio quasi commodi sequi architecto. Modi quas dolore sunt veniam rerum modi. Quasi veritatis eveniet molestias.','2005-07-04 12:49:17'),(282,82,12,'Quibusdam voluptatem minus deserunt. Quaerat totam quasi voluptatum minus minima dolores inventore qui. Amet rerum corrupti voluptates provident ipsam. In cum doloribus ipsum hic delectus itaque similique.','2016-07-14 18:50:24'),(283,83,13,'Error eos dolorem incidunt necessitatibus vitae sit blanditiis iure. Sint beatae non inventore dolorum autem quam. Tempora aut corporis sed sit animi. Fuga aut aperiam possimus reiciendis et.','2000-08-28 19:33:26'),(284,84,14,'Consequatur aliquam omnis modi odit minima dolorem et. Aut atque repellendus quia nisi odio. Voluptatum culpa laudantium eum. Amet ad perferendis vel qui officia. Provident consequatur modi voluptatem.','1991-07-28 05:57:26'),(285,85,15,'Non modi totam cumque. Placeat eaque qui voluptates.','1995-05-02 20:34:04'),(286,86,1,'Enim eos nostrum ipsum. Quae id ipsa fugit harum rerum eum itaque. Nihil occaecati libero quasi officia ut pariatur minima. Expedita asperiores labore quia sapiente accusamus explicabo. Autem nostrum consequatur inventore expedita ut a.','1990-04-12 19:56:50'),(287,87,2,'Modi itaque qui illum soluta qui. Consequatur quis qui et asperiores quidem sunt iusto. Qui veritatis vero porro autem error consequatur.','2004-09-29 16:37:57'),(288,88,3,'Et eum in omnis quis eos sunt. Est error quisquam omnis similique maiores molestiae. Numquam in et ex quo nihil recusandae. Rem nostrum consectetur placeat. Eligendi omnis maxime ducimus sint tenetur.','1970-06-24 20:29:55'),(289,89,4,'Esse quisquam officiis at vel repudiandae. Est officiis in corrupti corporis est et. Quia dignissimos praesentium laboriosam culpa alias ea repudiandae.','2004-03-31 22:32:04'),(290,90,5,'Aut non laudantium perspiciatis expedita quo. Ut rem dicta ab hic fuga voluptatem quibusdam. Culpa eius totam commodi neque omnis ut natus explicabo. Libero rerum dolorum velit soluta ipsam et quas labore.','1980-04-05 13:16:40'),(291,91,6,'Quos quia similique laboriosam id. Eos est magni sint dolor itaque ea. Laborum consequatur et impedit blanditiis.','1982-02-20 02:21:20'),(292,92,7,'Ex corrupti perferendis odio iure et et. Ratione quaerat voluptatum aut at.','2016-03-10 21:15:51'),(293,93,8,'Aperiam quos repudiandae expedita tempora consequatur illum tenetur. Non repudiandae ut molestias quibusdam inventore maxime. Eaque hic vero explicabo et ut. Voluptates ratione voluptate dolorum et.','2001-07-27 19:44:09'),(294,94,9,'Sit pariatur natus dicta modi nisi incidunt molestiae ab. Sit quod quam ut architecto iusto itaque. Et id animi autem rerum voluptatem impedit minus.','2020-05-12 00:25:38'),(295,95,10,'Eum similique recusandae qui eligendi mollitia cupiditate. Eum possimus occaecati enim nesciunt possimus. Provident aut consequatur qui facere voluptas ut. Iusto quidem esse nihil sint doloribus aut repudiandae esse.','2019-04-10 21:24:47'),(296,96,11,'Aut magnam deserunt voluptatibus non. Nisi quae nulla ut amet veritatis. Sit consequatur consequatur a. Dolores id debitis ex assumenda debitis.','1992-03-28 03:12:21'),(297,97,12,'Est eos vitae atque sed totam. Numquam accusamus occaecati voluptatibus ipsum. Inventore sed quo officiis dolorum voluptate. Dolorem temporibus dignissimos asperiores qui consectetur dolores molestias.','1978-12-16 17:04:20'),(298,98,13,'Commodi nobis dolorem aut repellat mollitia ut minima quo. Omnis itaque odit ipsum praesentium at iure. Similique velit repellat ut eaque alias eveniet provident.','2000-04-18 12:25:11'),(299,99,14,'Et exercitationem non dicta cumque id quis. Sint voluptatum et in. Molestias non in quibusdam eos.','2004-05-09 07:50:22'),(300,100,15,'Aliquid qui qui error illo nihil distinctio. Reiciendis ratione temporibus repellat velit. Delectus velit qui est commodi voluptatem eaque quia.','2018-04-18 11:24:36'),(301,1,1,'Autem rerum aspernatur dolorem. Accusamus omnis id ipsa quaerat earum magnam. Reprehenderit illum possimus non qui harum recusandae. Corrupti sit accusamus non qui.','2018-07-30 01:38:05'),(302,2,2,'Excepturi odit sit quasi quisquam culpa consectetur. Excepturi et tenetur eum voluptatum sint explicabo accusamus. Cupiditate ut eligendi numquam asperiores ut soluta molestiae. Ratione quod sint iste quae.','2018-09-30 15:32:33'),(303,3,3,'Et quia quia ut est culpa. Vitae minima eius deserunt quibusdam praesentium magni provident doloremque. Voluptatum in quia accusantium eligendi consequatur molestiae explicabo.','1975-12-09 10:21:07'),(304,4,4,'Occaecati nihil minima enim expedita. Impedit sint velit molestiae repudiandae. Repellat ex reprehenderit est id illo.','1975-11-28 14:40:07'),(305,5,5,'Possimus et vitae illo. Dolores illo numquam magni accusamus. Voluptas nihil sint dolorum voluptatum iure corporis doloremque.','1978-05-20 09:23:47'),(306,6,6,'Adipisci atque et maxime repellat. Illo rem dolores est dolor facere qui. Pariatur eaque labore error. Veritatis quibusdam totam tempore odio iure.','1997-09-06 06:45:29'),(307,7,7,'Quam quidem provident sit et voluptatum. Aut aperiam ut sequi et magni natus exercitationem. Ut placeat ad omnis sunt rerum. Eos mollitia reiciendis tempora. Iste nihil nam et est repellendus veritatis mollitia.','1999-07-28 16:44:31'),(308,8,8,'Aut quia suscipit cupiditate nihil ipsam. Dolor magnam architecto nihil vero commodi cupiditate.','1988-08-25 07:05:09'),(309,9,9,'Ducimus culpa doloremque natus velit nobis. Officia delectus delectus officiis id. Minima ipsam possimus quas aut voluptate aut corporis inventore. Ipsum quibusdam ut fugit non.','2018-05-10 07:31:56'),(310,10,10,'Ut enim praesentium dolore molestias. Aut necessitatibus facilis qui veritatis. Quia distinctio est impedit cum. Ipsa quia corporis dolor veniam ex minus eveniet.','1994-10-23 09:30:07'),(311,11,11,'Debitis sapiente asperiores et. Ex autem similique asperiores reiciendis modi. Fugiat sed est voluptates commodi rerum nostrum. Facere totam quo voluptatibus cumque laboriosam eligendi sint porro.','1979-10-07 05:09:07'),(312,12,12,'Nihil omnis eaque velit dolorem sint assumenda. Illum accusamus sequi tempora accusamus fuga qui voluptatum officiis. Commodi quibusdam voluptatum delectus minima tempora quia. Eos atque dolorem consequatur et architecto laudantium autem.','2000-08-03 09:45:08'),(313,13,13,'Pariatur ipsum repellendus dolore qui. Nam eos repudiandae sunt sed earum earum.','2020-06-10 17:15:04'),(314,14,14,'Saepe minima accusantium consequuntur voluptatem exercitationem nam quo rerum. Dolorum tempora tempore fugiat veritatis neque ab accusantium. Magni et consequatur explicabo consequatur distinctio laudantium quam eos.','1997-12-19 13:05:41'),(315,15,15,'Reprehenderit distinctio cum doloremque et dicta delectus rerum. Cumque et ad sequi qui voluptatem. Quam maiores ipsum doloribus ut molestias porro.','2013-09-23 15:12:22'),(316,16,1,'Neque minima et consequuntur quasi. Quod nulla sint impedit enim. Esse neque et eos non tenetur debitis beatae velit. Repellat officia ut ad repellat sunt quam accusamus ducimus.','1993-06-25 05:27:22'),(317,17,2,'Rerum officia nisi maiores quod. At non maxime illum qui dolorem. Id est nostrum aut dicta quo. Ut cumque architecto voluptatem perferendis ea tempora soluta.','1974-12-10 20:47:49'),(318,18,3,'Impedit non non sed libero enim. Et minus est pariatur totam. Distinctio eum non corporis consequatur fugit ducimus. Vel debitis ipsum sequi quam.','1997-12-01 21:35:31'),(319,19,4,'Nisi ab consequatur inventore et recusandae. Suscipit voluptatem eos et molestiae ex iure magnam. Veniam quia modi consectetur cumque.','2018-04-20 10:36:00'),(320,20,5,'Vel natus voluptate iure nesciunt. At ratione ea laudantium labore officia vitae numquam dolorem. Consequuntur facilis dolor et quam facilis at adipisci sed. A sit in magni molestias deleniti ut.','1974-07-21 01:15:34'),(321,21,6,'Magni facere iusto blanditiis nihil occaecati. Sed explicabo nulla debitis vel. Et voluptates eveniet dicta minus quam voluptatem. Doloribus temporibus sed minus dolorem voluptatem dolore.','1993-02-24 01:12:03'),(322,22,7,'Similique aliquid cumque autem sit autem facere facilis. Perspiciatis eligendi ut eligendi qui incidunt facilis. Impedit aut tenetur saepe praesentium id aut non voluptatibus.','2015-03-04 05:15:25'),(323,23,8,'Unde quaerat eveniet quia. Impedit amet aliquid neque id qui aut nam. Dolorem enim omnis nihil quo sint. Non qui est laboriosam aut.','2020-09-14 10:39:01'),(324,24,9,'Soluta voluptatum incidunt harum quis id. Dolores rerum minus occaecati velit maiores perferendis. Aliquid delectus atque sint quia necessitatibus laudantium officia.','1996-05-27 02:35:18'),(325,25,10,'Dolor tenetur repellendus et aperiam non. Exercitationem assumenda et fugiat. Eaque maxime ducimus esse explicabo ut delectus corporis.','2007-05-21 19:21:41'),(326,26,11,'Unde nam minima sunt et. Impedit rerum temporibus pariatur sit. Aliquam itaque pariatur quo quis.','1986-01-09 07:27:18'),(327,27,12,'Labore minima ducimus eaque dolores. Totam est et velit perferendis. Eos autem rerum natus sunt aut nam.','2014-07-14 16:31:25'),(328,28,13,'Tenetur repellat sint impedit quo maiores non et. Expedita voluptas et architecto. Est qui deleniti veritatis laudantium nisi.','1979-11-03 06:30:54'),(329,29,14,'Error et repellat distinctio iste esse non nobis enim. Fuga nemo omnis harum dolorum et. Adipisci aperiam pariatur velit quam est odit porro. Dolorem officia molestias in iure voluptas sequi ratione. Voluptatibus praesentium error atque optio qui dolorem at.','1994-02-06 03:06:56'),(330,30,15,'Consequuntur vitae quisquam ut adipisci est nihil voluptas. Earum consequatur autem ut repudiandae excepturi est tempora. Non porro vitae consequatur voluptate nesciunt maxime.','2000-06-20 22:02:09'),(331,31,1,'Alias sint quaerat vel et ut. Iure rem odit eveniet accusantium atque minima inventore. Cumque rem nam minus corporis provident. Sint qui et ut molestiae laborum voluptas. Id qui rerum ut doloremque explicabo quo.','1996-07-13 20:14:57'),(332,32,2,'Sed eos incidunt fuga et pariatur voluptatibus. Ratione ducimus sunt qui velit. Ab ducimus harum nobis laboriosam. Eligendi doloribus et nobis temporibus aperiam eum.','2015-07-09 18:01:51'),(333,33,3,'Dolores deleniti provident officia. Harum nulla non quod aut voluptate et. Libero at praesentium dolorum quae consectetur. Tenetur ipsam quam id quia non consectetur commodi.','1974-12-11 04:25:40'),(334,34,4,'Sit eius et facere architecto dolorum ut enim porro. Aut minus earum cupiditate et inventore. Nam fugit placeat ea officiis.','1986-08-10 02:54:51'),(335,35,5,'Iste ea suscipit veritatis nihil. Non omnis repellat autem quis vel. Sit adipisci et dolorem qui ea eos. Accusamus alias earum ullam et commodi aperiam ipsa voluptas.','1998-11-04 06:24:27'),(336,36,6,'Quaerat ad rerum ut ut qui voluptas. Ut et eos ut aut nihil eaque.','2011-11-12 00:52:49'),(337,37,7,'Provident sit aut porro et pariatur ipsum voluptas. Id accusantium magnam quibusdam expedita. Saepe sint illo quod aut ea. Eos ad et repellat reprehenderit est dolorum.','1989-10-09 01:41:37'),(338,38,8,'Similique excepturi cupiditate modi consequatur accusamus esse ipsa sunt. Sint in magnam deserunt natus atque deleniti. Ut voluptatem cum quidem ipsum quidem qui numquam rem.','2007-11-16 10:46:30'),(339,39,9,'Vel veniam ipsam quia assumenda. Rem debitis quo qui praesentium cupiditate consequatur. Ipsum totam perferendis eaque assumenda similique et aut. Beatae officia nemo maxime enim ipsa voluptates.','1972-12-04 23:40:07'),(340,40,10,'Voluptas nemo et facere maxime officia. Ut quibusdam dolores hic aut qui corrupti. Deserunt sit officiis neque sapiente.','1995-03-05 00:19:56'),(341,41,11,'Velit est repellendus tempore autem. Itaque eum sint deleniti officia. Blanditiis possimus dolores debitis quasi et facere omnis.','1989-03-08 05:06:24'),(342,42,12,'Distinctio a vel commodi voluptas et. Ut autem quia fugiat enim. Est ad doloremque soluta et. Accusamus sed laborum suscipit voluptatem occaecati. Culpa doloribus qui quam rerum cumque eius.','2006-08-06 05:43:43'),(343,43,13,'Vitae et accusantium rerum voluptas magnam perspiciatis dolorem. Recusandae est quae ipsum. Tenetur quia nam pariatur fuga. Quae ut officiis fugiat quidem aut aperiam.','1987-11-30 16:42:02'),(344,44,14,'Voluptate eius similique velit et dignissimos. Quisquam aperiam cupiditate facilis velit. Nisi sunt velit repellat voluptatem excepturi quas repudiandae.','1978-04-24 08:29:54'),(345,45,15,'Voluptatem qui voluptatem quam quia et. Occaecati iste doloremque consequuntur ut omnis laborum sed. Voluptates voluptate maiores eius aliquid quam ad.','1971-07-29 08:28:55'),(346,46,1,'Qui fugit et animi facere et quaerat qui. Repellendus officia hic et consectetur rerum unde ut. Sed excepturi earum exercitationem perferendis. Saepe libero aperiam et. Quidem dolorem omnis non quo voluptatem maxime debitis repellendus.','2007-04-26 05:26:51'),(347,47,2,'Hic sequi est nulla deserunt. Ipsam sed qui suscipit sint nemo perspiciatis sed ipsam. Et aut vitae libero quis numquam aliquam voluptas iste.','2020-11-05 12:00:30'),(348,48,3,'Optio aut aperiam corporis rerum praesentium ducimus repellat et. Corrupti et aliquid id eaque deserunt impedit reprehenderit illo. Dolorum suscipit quo quaerat molestiae temporibus. Culpa nesciunt dolor sit culpa harum.','1976-04-02 03:24:35'),(349,49,4,'Non ut veniam voluptatibus asperiores laboriosam. Amet quis aut inventore nostrum suscipit quo eveniet. Nisi aliquid fugiat qui quasi quo ducimus. Eveniet saepe facilis debitis excepturi animi iusto.','1978-05-03 13:18:31'),(350,50,5,'Fugiat reprehenderit sequi voluptatum eum repudiandae sit officiis porro. Ducimus voluptatibus cumque iste quas soluta quia pariatur suscipit. Tenetur optio nemo ea temporibus ut voluptatem laudantium.','2008-11-09 12:34:37'),(351,51,6,'Dolorem dicta iusto facere qui incidunt quis. Asperiores quo voluptatem id consequatur. Est nobis quibusdam ad mollitia aperiam maxime quae.','1997-04-13 06:44:18'),(352,52,7,'Ut nesciunt et quas at et. Velit harum est ut quasi provident dolores. Dolorem hic commodi aut tenetur libero vel molestias explicabo.','1977-01-20 12:36:44'),(353,53,8,'Neque ipsa est voluptatem numquam cumque dolores voluptate. Praesentium dolore quis culpa vitae ut quod quaerat quidem. Totam quaerat vitae dignissimos qui atque.','1989-05-07 08:54:25'),(354,54,9,'Velit temporibus doloremque magni quia voluptas occaecati. Natus enim voluptatem et quia reiciendis. Ut blanditiis et voluptatem voluptate consectetur.','1973-11-16 05:44:39'),(355,55,10,'Rerum esse vero dolorem. Nobis eum ea ipsum iste odit. Ut ut et et laudantium alias illo voluptas. Alias vero ipsa velit distinctio ea aut.','1997-02-07 16:41:20'),(356,56,11,'Dignissimos voluptas soluta rerum libero. Ut modi aut omnis non nulla.','1982-11-01 21:39:56'),(357,57,12,'Quos accusantium dicta aut explicabo repellendus odit quae accusamus. In recusandae ratione aliquid odit reprehenderit animi qui dolore. Facilis sunt sed ea aut aut est veniam dolorem.','1998-11-08 02:00:08'),(358,58,13,'Doloribus culpa exercitationem beatae in eum ut sunt. Velit dolorum omnis non dolor enim qui. Voluptates molestiae odit omnis odio.','1981-10-19 03:25:46'),(359,59,14,'Molestiae at qui corrupti magni ut reprehenderit. Debitis debitis voluptates velit illo autem sapiente. Aliquam eos minima inventore eligendi dolores repellendus itaque ut. Veniam nulla repellat omnis officia quasi impedit.','2014-11-24 00:31:37'),(360,60,15,'Enim et minima nemo nihil maxime. Consectetur modi corporis beatae. In quidem sit ad vel. Culpa suscipit ratione delectus quibusdam.','1972-08-09 20:21:09'),(361,61,1,'Odit aut delectus quibusdam est. Perspiciatis voluptatem velit dolores voluptatem vel laborum est. Et in neque rerum omnis. Sunt in saepe molestiae velit.','1981-05-03 23:14:42'),(362,62,2,'Vel in unde porro et. Assumenda et voluptates vero ut dolores nesciunt. Eum cupiditate ut temporibus dolor dolor.','1997-07-09 08:45:23'),(363,63,3,'Consequatur sit officia et. Doloribus similique deserunt laboriosam voluptas deserunt quos et. Occaecati nesciunt sit consequatur ea dignissimos molestias quas ut.','1984-10-12 07:02:10'),(364,64,4,'Sit voluptates quisquam voluptatibus quisquam debitis. Voluptatem ipsa ex debitis sed. Necessitatibus a eum vel alias nobis voluptatibus doloribus.','1975-01-11 11:13:30'),(365,65,5,'Quas et est error dolores. Commodi et earum ut illo reiciendis. Quo et sint error ipsa et. Sint ut non recusandae. Aut excepturi delectus quia quo et.','1971-11-21 11:03:58'),(366,66,6,'Odit aut vel libero culpa minus repudiandae. Voluptas ratione non quia aut est est. Eum magni veniam qui voluptas sit distinctio repudiandae. Laboriosam cumque voluptas molestias totam officiis nisi qui tenetur.','2008-06-11 17:55:43'),(367,67,7,'Vero porro voluptatem corporis sed nostrum magnam. Ut hic quisquam vero. Sit earum et beatae hic. Ut dolorem qui aut voluptatibus fugiat voluptate.','1987-08-11 03:16:27'),(368,68,8,'Vel doloremque aut nihil dolor. Quibusdam assumenda eius itaque dolor consequatur et. Distinctio quae sed quia laudantium.','2003-10-28 11:29:39'),(369,69,9,'Itaque et consequatur enim. Et consequatur exercitationem doloremque voluptas est ut qui. Animi aut vero voluptatem ducimus est.','2020-08-18 19:09:49'),(370,70,10,'Tempore quia recusandae sint architecto. Aut similique eius aut est deserunt nisi voluptatem corrupti. Neque eligendi ut molestias porro. Eos minima dolores pariatur nesciunt ut.','2001-05-22 23:43:57'),(371,71,11,'Hic quia ad vel fuga alias. Qui ullam commodi harum excepturi ut omnis vitae. Soluta culpa alias unde nisi praesentium impedit ducimus. Alias voluptas culpa et et ut alias temporibus accusamus.','2006-10-31 03:36:42'),(372,72,12,'Aperiam impedit harum exercitationem dolore qui quia eum. Et eligendi ab dolorum ut. Laudantium illo quia iure dolorem officia enim id.','1980-09-20 02:51:06'),(373,73,13,'Enim molestiae labore vel magnam quisquam dolore. Tempore quos ratione qui rerum tenetur. Ut numquam voluptate itaque eveniet. Similique mollitia sed molestias aut.','1985-09-02 09:54:19'),(374,74,14,'Eligendi doloremque non doloremque voluptas voluptas sequi. Quisquam sunt necessitatibus eius vel quia ea. Eum molestias nisi id. Maiores voluptatem ut eligendi tenetur officiis placeat consequatur voluptatum.','1987-12-28 16:02:05'),(375,75,15,'Aut voluptatem debitis sequi numquam quia voluptatibus. Cum unde nostrum animi quis laborum. Sunt vero mollitia impedit nemo explicabo voluptatem.','2020-04-10 08:25:01'),(376,76,1,'Libero quis est nihil harum maiores non. Voluptatem et repellat et est. Ut ut dolore nam qui ducimus.','2011-05-22 13:34:16'),(377,77,2,'Omnis quas ut repudiandae voluptates sed iure sint repellat. Magni et et cupiditate sit autem saepe. Et omnis voluptas recusandae possimus quia. Odio ea qui ex sunt aliquam fuga.','2020-05-16 14:34:28'),(378,78,3,'Mollitia incidunt deleniti quos maiores. Consequuntur nobis praesentium dignissimos cumque. Autem possimus ex ipsa officiis.','1978-06-05 02:36:02'),(379,79,4,'Nemo voluptas ut aut. Ex earum quidem aut nam. Deserunt error illum voluptatum quae reiciendis sunt quo voluptatibus. Unde et enim error a.','1985-06-18 00:01:40'),(380,80,5,'Quisquam perferendis veniam rerum adipisci velit ea. Est expedita voluptatem non. Sint est error delectus atque excepturi sed est. Pariatur consequuntur itaque blanditiis aut nihil repellendus.','1976-06-08 10:38:44'),(381,81,6,'Fugiat ut quasi sit repellat doloremque in minima qui. Consequatur magni sit repellat voluptatum eum. Accusamus alias voluptas officia.','2016-03-29 03:05:29'),(382,82,7,'Officiis ea eos dolores fugit soluta. In nemo repellat inventore dignissimos doloremque quasi libero. Ut nulla fugiat vel sit excepturi.','2011-04-02 13:57:52'),(383,83,8,'Optio ut quidem quia necessitatibus fuga. Ipsa dicta aut sequi eveniet nulla voluptates sit. Qui placeat nihil recusandae et. Laborum consequatur dolorem aut aut.','1986-03-05 07:45:45'),(384,84,9,'Iste sed vero corrupti laudantium. Molestiae aut quia blanditiis.','1974-09-09 22:46:15'),(385,85,10,'Officia expedita laboriosam ullam quia error placeat. Sunt ab qui quos nesciunt. Praesentium nam neque nemo veritatis.','1987-12-24 16:30:44'),(386,86,11,'Dicta illo illo cum labore ut. Est aliquid ex eveniet accusamus eum consequatur. Ipsum dolorum nam laudantium aliquid voluptas.','2017-09-08 00:28:25'),(387,87,12,'Vel dolorem molestiae sapiente. Quam illo sit ipsum qui.','1976-04-16 07:49:41'),(388,88,13,'Iure molestiae totam neque porro. Neque consequatur voluptatem in provident unde voluptas omnis. Tempore non sit et fugit. Nam delectus et ut.','2008-02-23 00:13:38'),(389,89,14,'Sequi sit officia quia dignissimos doloremque. Tempora laboriosam et atque animi est. Architecto temporibus et dolorem nihil consequatur est illum at.','1986-10-31 10:07:09'),(390,90,15,'Et consectetur sequi repellendus. Ut quo esse cum corporis possimus consequatur. Sit ut aut cupiditate animi et qui. Placeat velit consequatur et minima tenetur quo vero.','1976-01-19 17:54:35'),(391,91,1,'Voluptas molestias ratione odit perferendis rem est vero. Doloremque culpa velit minus. Veniam aut modi sed expedita labore possimus aut. Dolores mollitia atque accusantium quis laborum rerum. Similique qui sequi omnis aliquam accusamus qui ipsam.','2010-08-26 21:11:51'),(392,92,2,'Quo sint dicta dicta aut laboriosam. Non dolor assumenda a voluptate nam ut. Doloremque voluptatem nulla quo qui. Excepturi facere qui maiores perspiciatis eum odio.','1979-10-28 15:08:51'),(393,93,3,'Molestiae odio est est ratione et quo perferendis. Aut et et est dignissimos dolores ullam mollitia et. In omnis rerum laboriosam omnis quaerat officiis. Est perspiciatis quasi ea officiis tenetur pariatur rem provident.','1994-02-10 05:58:46'),(394,94,4,'Molestiae rerum sed nobis iste. Labore recusandae minima sit esse et rerum. Cum qui omnis dolorem cumque. Enim aspernatur dolorum qui. Voluptatem facilis molestiae earum quia ut.','2010-05-05 22:46:49'),(395,95,5,'Et et a reprehenderit ut. In sequi sit blanditiis dolores nobis esse ex. Earum rerum magnam rem quia cumque.','2011-11-15 09:53:56'),(396,96,6,'Labore reprehenderit modi pariatur et ullam est. Sed molestias deserunt mollitia maxime dignissimos. Molestiae nulla deleniti et aliquid ut nobis aut. Aut exercitationem tenetur qui totam nihil sit sed.','2005-07-03 20:28:39'),(397,97,7,'Animi deleniti natus neque debitis exercitationem dolorem. Error vero voluptas facere non. Doloribus natus voluptatem nostrum similique temporibus qui. Neque et expedita eveniet.','1973-09-19 10:24:46'),(398,98,8,'Dolorum consequatur voluptas et quisquam molestiae pariatur voluptas. Quae doloremque odio maiores eum consequatur. Laboriosam incidunt quos minima maiores sunt.','2007-11-06 20:54:45'),(399,99,9,'Iure vero non distinctio nihil recusandae. Quasi tempora iure deserunt nisi. Laudantium sit pariatur ullam nihil qui. Facilis officiis in quae at veritatis fugit.','2013-07-11 18:58:34'),(400,100,10,'Cupiditate eos eum quas officiis et ad. Inventore omnis qui minus aut ut. Esse voluptas accusamus vel. Reprehenderit voluptas sunt eaque placeat mollitia. Amet ab maiores aspernatur maxime.','1979-10-16 14:46:26'),(401,1,11,'Recusandae aliquid officia quas repellendus accusamus est dolores ex. Consequatur eos accusamus voluptatem quia est iste dolor voluptas.','1991-05-11 06:41:14'),(402,2,12,'Eum dolor aut quia est architecto repellendus. Hic voluptas repellendus accusamus error sit cumque. Voluptate ab maxime provident et voluptate commodi et.','2009-08-11 04:12:38'),(403,3,13,'Id id corrupti sint qui. Accusantium sunt voluptates laborum at id eaque quo.','2012-10-04 19:56:25'),(404,4,14,'Tenetur accusamus nihil ipsam ducimus. Illo magni maxime eos quisquam. Facere ducimus ducimus incidunt sequi sed ut. Et cum odio eius.','1971-08-09 22:17:46'),(405,5,15,'Necessitatibus corrupti non voluptas dolorem. Porro totam autem debitis nihil rerum. Cupiditate quam qui aut et voluptas occaecati. Ea sint quam alias id ut aliquam.','1994-05-08 08:35:11'),(406,6,1,'Eveniet odit dolorum dolor repellendus esse incidunt. Corporis illo quia soluta harum cumque. Omnis recusandae sapiente consequatur unde nulla.','1997-03-01 19:43:06'),(407,7,2,'Natus dolores deleniti voluptatem deserunt. Et voluptas ab sit deserunt voluptatem amet ipsa. Illo est eum ut eum itaque fugiat magnam.','2004-08-16 13:28:50'),(408,8,3,'Corrupti tenetur earum alias non. Accusantium consequuntur velit nam soluta aperiam. Fuga quaerat aut omnis possimus voluptatem perferendis occaecati.','2001-03-12 07:12:56'),(409,9,4,'Quaerat neque eos dolore. Omnis ex non id minima itaque molestias. Ea ad rerum voluptatem est deleniti est vero perspiciatis. Libero voluptatem enim praesentium ut ratione nam suscipit.','1979-12-01 16:23:57'),(410,10,5,'Id provident quidem officiis qui veritatis. Adipisci dolor repudiandae nostrum enim.','1973-07-29 10:25:59'),(411,11,6,'Ex perspiciatis earum a. Omnis iste velit quisquam corrupti et occaecati consequuntur in. Ab expedita ut rerum quia eaque molestiae. Aliquid facere tempore eveniet asperiores optio.','1979-05-08 13:54:47'),(412,12,7,'Commodi officia et quas perferendis accusamus repellendus in assumenda. Laudantium ipsam autem expedita possimus laudantium suscipit iure. Maxime quasi numquam sed delectus omnis quas.','1977-01-08 00:35:45'),(413,13,8,'Distinctio ex qui consequatur quae enim eos. Et dolor et aut tenetur omnis blanditiis. Accusamus nam nesciunt est optio exercitationem optio.','1976-09-03 08:30:39'),(414,14,9,'Id sint quia laudantium earum exercitationem mollitia. Sed totam reprehenderit nihil quis in.','1981-05-07 17:10:59'),(415,15,10,'Earum laboriosam eaque saepe earum. Consequatur neque quisquam ad voluptas sint recusandae. Soluta voluptas consectetur libero exercitationem.','1989-06-27 00:29:02'),(416,16,11,'Id aliquam sint dolor. Modi in doloremque illum. Ea dolorem vitae iusto dolor.','1983-07-17 04:24:28'),(417,17,12,'Dolore similique quia qui ipsum. Et eveniet nulla ad eligendi et. Quis aut voluptatem ut atque fuga. Laboriosam illum voluptates reprehenderit consequatur nesciunt adipisci.','1985-09-12 21:57:31'),(418,18,13,'Ducimus rerum molestiae iste similique sit voluptas. Id officia ipsum veniam deserunt qui assumenda nihil. Pariatur dolorem iste officiis doloribus. Consequatur praesentium neque consequatur consequuntur.','1983-06-28 16:03:28'),(419,19,14,'Consequatur sapiente fugit unde nobis voluptas vitae repellendus. Officia debitis vero illo et quisquam. Nihil asperiores nihil beatae provident. Sed aut temporibus ad ipsum nihil sequi omnis.','2003-05-08 11:41:27'),(420,20,15,'Dolores iste tenetur iste numquam et. Adipisci et alias dolore numquam magni. Vel ut id esse qui.','2011-10-13 06:20:14'),(421,21,1,'Quo est aut velit nulla aut suscipit. Ea et et voluptas. Error ducimus perferendis ut. Vel optio magnam incidunt atque voluptas dolores dolorum recusandae.','1970-06-30 23:33:11'),(422,22,2,'Ullam repudiandae qui asperiores reprehenderit esse rerum error. Sed qui deserunt sed ipsa. Commodi et maiores porro nulla sint.','1992-10-27 18:39:22'),(423,23,3,'Nobis voluptas ullam non odit magnam excepturi voluptatem odit. Est quasi ea sed molestiae et rerum et. Quis vitae iure aut corrupti eius. Et laudantium aut similique molestiae autem debitis placeat.','1984-04-23 19:48:38'),(424,24,4,'Omnis eos labore mollitia cupiditate nulla voluptas deserunt. Quo quo quos rerum ex velit. Excepturi ut illum quas quibusdam ipsum sunt. Ut sapiente autem nemo. Ab molestias facilis est ab quo et molestiae.','1986-05-17 00:40:37'),(425,25,5,'Deserunt ipsam beatae voluptatem itaque. Incidunt et dolores praesentium aut. Facilis iure repudiandae ut tenetur reiciendis. Quae aperiam quidem et qui iusto iste distinctio.','2002-02-28 00:21:25'),(426,26,6,'Minima perferendis porro autem ducimus eius numquam. Assumenda tempore est dolor. Repellat ut tenetur accusantium officia molestiae laudantium.','1971-02-17 23:59:42'),(427,27,7,'Qui vitae similique et quo. Qui aliquid quia molestiae officia maxime et quasi. Dolorum reiciendis maxime totam voluptas. Quia rerum ut fugit autem.','1982-01-19 13:32:53'),(428,28,8,'Quos quod odit ipsum possimus et quas. Odit praesentium corporis explicabo. Sed omnis eaque eveniet provident sunt suscipit accusamus.','2017-12-08 05:53:41'),(429,29,9,'Et odit fugiat consequatur fuga at inventore ea. Minus eaque inventore porro voluptate a. Explicabo ea eligendi libero id facere et. Minima reiciendis sapiente iure est cum dolor sint.','2017-01-02 08:04:35'),(430,30,10,'Voluptatem et eligendi perferendis quos quia. Ut laboriosam minima velit tempora consequatur nesciunt. Culpa velit delectus blanditiis accusamus culpa nisi.','2004-09-28 06:41:13'),(431,31,11,'Ea praesentium vero qui eum ut corporis. Id error quo et est et quae et. Velit quis quisquam voluptatum est omnis quos qui.','1993-03-09 07:07:31'),(432,32,12,'Doloremque veniam autem qui molestiae voluptas fuga molestias et. Tempore provident enim maxime iste dolorum sint ut. Nostrum ut voluptatem earum minus in qui suscipit quam. Et in nulla error qui eum. Vero nostrum rerum fuga sed sint non sed minima.','1985-11-13 07:56:46'),(433,33,13,'Pariatur error doloremque adipisci animi consequatur. Quod asperiores id alias et voluptas quas excepturi et. Ut expedita et quae accusamus molestiae aut. Perspiciatis enim laboriosam libero aliquam.','1973-10-28 23:51:18'),(434,34,14,'In sit aliquid et deserunt enim sunt. Qui quia maxime qui dolorem magnam saepe ullam animi. Consequatur inventore facilis vel numquam qui.','2011-12-26 10:31:19'),(435,35,15,'Amet numquam quisquam praesentium blanditiis in ab. Reprehenderit natus qui vitae sequi corporis rerum ut iusto. Et repudiandae tenetur voluptas in repellat deserunt suscipit. Et maiores doloremque quisquam voluptatem.','2010-04-09 21:38:41'),(436,36,1,'Tempore unde vel ab aut aspernatur earum et non. Iure ut sunt ut. Illum beatae et officia voluptatibus aliquam consequatur. Non enim ut hic sequi pariatur necessitatibus magni.','2010-01-29 19:52:09'),(437,37,2,'Eum corporis dolorum magnam sint. Autem laudantium tempore sint eaque.','2018-09-18 22:30:36'),(438,38,3,'Vero ullam ipsum commodi harum ut est. Numquam quis rerum quaerat distinctio error non. Aut iste sint sint dolores amet autem aut. Deleniti optio velit at.','1986-09-03 23:50:35'),(439,39,4,'Quibusdam omnis cupiditate distinctio at quasi ea. Tempore consequuntur in quisquam qui iste nam. Explicabo et porro harum.','1992-09-25 01:03:45'),(440,40,5,'Debitis quas delectus sapiente. Neque assumenda deleniti aut inventore incidunt eum. Sit dolorum et odit soluta.','2011-03-10 18:39:07'),(441,41,6,'Architecto aliquid esse est aut debitis neque assumenda ut. Voluptas molestiae non quis facere voluptatem voluptatibus. Quod ut tenetur quidem a minus numquam.','1999-02-13 02:49:15'),(442,42,7,'Rerum vel excepturi eligendi necessitatibus ut hic. Accusantium voluptas eligendi at ut modi voluptatem. Sed atque dolorem et non.','1993-11-16 02:03:00'),(443,43,8,'Quia assumenda saepe est aliquid minima distinctio. Non laboriosam quasi molestiae cum corrupti. Molestiae et culpa corporis maiores voluptatem natus. Modi natus vel aut et quas ullam quia.','1986-01-15 23:03:10'),(444,44,9,'Veritatis non quia velit laudantium. Aliquid voluptas est iusto incidunt ducimus alias unde. Dolor sit quia inventore odio pariatur soluta quis. Nemo qui consequatur dolorem molestiae error laborum.','2015-12-14 07:28:50'),(445,45,10,'Libero voluptatum vero qui et qui expedita. Officia et et asperiores fuga soluta molestias quos porro. Rerum dolores deserunt blanditiis rem voluptatem sed. Modi consequuntur veniam alias suscipit libero error.','2012-08-04 14:42:26'),(446,46,11,'Et ut rerum ipsa id ut architecto. Et consequatur iusto aperiam incidunt odio quibusdam nihil. Non voluptatem cumque dolorem rerum officiis. Harum iusto fugiat corporis expedita qui dolorem.','1979-08-18 22:08:53'),(447,47,12,'Optio amet voluptatibus expedita iure et assumenda. Consectetur consequatur corrupti et tempore. Alias ullam qui eius ullam eos magnam. Voluptatem fugit et officiis qui maxime quidem consequatur.','2012-01-02 10:02:48'),(448,48,13,'Debitis sed tempora praesentium perferendis natus. Itaque rerum unde sint ea voluptates. Dolorem dolore et nihil tenetur quidem qui.','1971-01-06 14:58:20'),(449,49,14,'Corporis sunt reiciendis aspernatur et deleniti nihil odit. Necessitatibus atque et reiciendis aliquid doloremque nulla. Est consequatur dicta ut.','1990-07-25 03:24:59'),(450,50,15,'Beatae voluptatibus dolore velit. Amet dolor provident dolorum quos. Incidunt ex consectetur sint voluptatem. Laboriosam ut corrupti occaecati nihil nisi.','1970-05-25 20:22:01'),(451,51,1,'Architecto tempora exercitationem possimus porro aut. Voluptate ullam in odit cumque. Id adipisci est pariatur et vel et deleniti. Occaecati aliquam qui inventore molestiae non et. Possimus id est necessitatibus sed culpa sapiente.','2015-07-20 15:24:52'),(452,52,2,'Aut libero adipisci neque. Ratione consequuntur id eos aut ea deleniti nisi molestiae. Et reprehenderit corrupti asperiores vero nesciunt eum enim.','2010-02-08 05:57:25'),(453,53,3,'Ut repudiandae eum commodi qui officiis ad sed soluta. Est recusandae dolore placeat a et. Unde nulla amet praesentium illo.','1976-10-13 19:32:33'),(454,54,4,'Sapiente id nesciunt facere voluptatem eum amet fugiat molestiae. Atque repudiandae explicabo consequuntur quisquam dolores. Quod voluptates alias officiis quae quam amet. Perspiciatis dolor mollitia architecto placeat sunt.','1976-02-13 21:58:30'),(455,55,5,'Aliquid officiis dolorum minus velit impedit cum voluptatem neque. Quas temporibus commodi quidem quis. Harum occaecati cumque et odio.','1976-06-30 00:32:05'),(456,56,6,'Nihil esse delectus officia eos. Sequi asperiores et voluptas sed. Nihil minus consectetur exercitationem officia distinctio dolores occaecati.','2002-12-04 08:23:15'),(457,57,7,'Qui eum non sed in. Enim unde iusto qui tempora ab at similique. Odio nemo est qui recusandae possimus corrupti.','1996-07-14 00:32:52'),(458,58,8,'Sit tempore quos quas quod veritatis perferendis. Modi aut pariatur ducimus dignissimos nemo. Totam consequatur voluptatem quisquam aperiam architecto mollitia non corporis. Tempore aut non beatae eaque.','2009-04-28 16:50:23'),(459,59,9,'Voluptatibus explicabo quia voluptatibus ut quis vel. Odit vel cupiditate maiores laboriosam adipisci architecto recusandae. Similique quis enim qui quidem quam ut rem.','2000-11-05 02:09:55'),(460,60,10,'Deleniti nostrum ut nostrum illo aliquam molestiae rerum voluptas. Tenetur voluptas voluptatum error itaque adipisci magnam est. Dolores delectus reiciendis voluptas provident rerum. Mollitia doloribus et et suscipit.','2008-07-03 11:01:31'),(461,61,11,'Dolores sunt facilis eveniet magnam nihil et. Ad hic sint maiores nulla impedit consequatur dolorem. Nisi nemo exercitationem sed occaecati. Repudiandae magni fugit quibusdam nostrum porro dicta.','1979-03-16 16:55:16'),(462,62,12,'Et placeat sapiente asperiores. Quo placeat et sed ut est quia. Voluptates impedit doloribus dolores ea aut.','1995-01-07 23:58:18'),(463,63,13,'Blanditiis libero itaque et tempora et. Praesentium necessitatibus iusto maxime alias eos. Maiores est dolore beatae aliquam harum.','1987-10-23 10:40:55'),(464,64,14,'Sequi et cumque repellat beatae nihil assumenda. Ex quis et fugit. Possimus architecto repellendus et qui quia.','1974-03-08 03:07:03'),(465,65,15,'Sint deserunt et et modi cumque. Dolores aut est aspernatur quos error animi dolore. Fugiat cupiditate non et recusandae et est. Aut perspiciatis neque quo asperiores fuga sint enim. Cumque dolores eligendi dignissimos vero temporibus accusantium.','1991-09-26 15:31:11'),(466,66,1,'Blanditiis et nostrum iste quo placeat ab. Et modi tempore quae tenetur aut. Doloribus et quis repellat exercitationem vel cumque. Consequatur facilis distinctio cum quidem.','1978-06-09 06:08:25'),(467,67,2,'Esse ratione qui aut animi aspernatur. Maxime sint quae delectus amet. Dolor aut odio nostrum aut. Provident a quos odit corrupti.','2019-07-07 14:31:33'),(468,68,3,'Maxime molestiae sapiente ut. Occaecati et dolores in fugiat nostrum consequatur dignissimos distinctio. Animi nobis sed officia fuga impedit. Vitae totam ratione laborum optio fugit et perferendis.','2010-02-14 20:46:21'),(469,69,4,'Dolores blanditiis nemo magnam est reiciendis aut. Sunt molestiae odit impedit similique. Facilis nostrum sit voluptatem incidunt dolorum non. Maxime autem qui unde consequatur tempore totam aut.','2019-05-27 14:44:59'),(470,70,5,'Enim quis et quo deserunt voluptatem. Et sint sed mollitia dicta doloribus doloremque velit. Sit quo eaque et aut culpa accusamus. Sed magnam et et adipisci expedita.','1983-10-15 15:24:36'),(471,71,6,'Hic eaque debitis eligendi et aut voluptas. Ratione velit rerum error ut. Voluptates porro sunt qui voluptatum. Omnis tenetur et nihil sunt.','1980-05-10 03:51:04'),(472,72,7,'Expedita culpa mollitia voluptas qui nisi qui. Dolore reprehenderit quidem non deserunt in et consequatur. Eos magni quia enim est quia similique.','1978-10-22 06:58:23'),(473,73,8,'Labore eos eos est. Reiciendis quo mollitia non eum cupiditate accusantium. Amet omnis voluptatem accusamus quo natus consequatur. Et reiciendis quae aliquid corrupti debitis voluptatem ipsa.','1994-02-05 20:52:13'),(474,74,9,'Ut quo assumenda reprehenderit est necessitatibus rerum. Tempora voluptate necessitatibus error voluptatum delectus sed culpa. Voluptates a et veritatis sit ut voluptas et. Alias doloribus quia aut aperiam consectetur et voluptatum.','2011-09-01 06:58:55'),(475,75,10,'Nihil necessitatibus vitae non molestias fugiat veritatis eaque voluptatem. In earum fugiat sint placeat at maxime quam repellendus. Aut tempora sint veniam quis.','2020-03-28 17:02:03'),(476,76,11,'Eos facilis illo corporis omnis accusantium earum et. Optio quam et labore aliquam. Error officiis et et eius repellendus et nostrum culpa. Quis neque ipsa dolore quos quo sit dolorem.','2013-11-09 04:25:57'),(477,77,12,'Illo reiciendis ratione impedit cumque vel magnam dolore. Voluptas et harum modi nesciunt. Maxime deleniti hic et. Et rerum sit quia aut aperiam necessitatibus totam.','1976-07-03 11:05:59'),(478,78,13,'Autem consequatur quia esse et. Placeat earum dolor iure quia architecto aut et.','1988-05-06 11:24:51'),(479,79,14,'Eaque voluptatibus quia et eum. Et a sed omnis quaerat.','1996-04-07 02:54:29'),(480,80,15,'Quasi reprehenderit facere ut veritatis. Ea ducimus dolores hic qui ea. Sed aspernatur minus officia reprehenderit ut dolor esse porro.','2013-06-23 19:06:43'),(481,81,1,'Voluptas rerum recusandae error soluta sed aut. Exercitationem vel sit doloremque dolores aliquam.','1998-11-26 07:54:48'),(482,82,2,'Id dignissimos sunt sit assumenda repellat aliquid. Similique provident et quia laudantium quos. Esse aut beatae reprehenderit nostrum aliquam quis qui perspiciatis. Dolorem explicabo saepe omnis error voluptatem similique.','2004-04-03 11:47:09'),(483,83,3,'Voluptate in dolorem excepturi iusto. At fugit est rerum dicta in. In aut neque officia earum id odit harum. Deleniti enim fugiat provident amet minima.','2009-02-06 10:36:14'),(484,84,4,'Deleniti suscipit fugiat deserunt deserunt. Dolore est consequatur maiores sint.','2003-06-19 13:27:19'),(485,85,5,'Quo in labore debitis id dolorem. Sit maiores illo consequatur illum nobis. Eveniet aspernatur ut officia dignissimos velit. Asperiores delectus adipisci laudantium ratione voluptatem. Dolorem dolores tempore aut deserunt possimus est.','1976-04-15 05:31:31'),(486,86,6,'Dolorem eligendi unde voluptas nam corrupti ab nobis. Quia quae recusandae ut est. Cumque omnis ad rerum eveniet dolor.','1993-09-14 21:22:51'),(487,87,7,'Iusto officia iste quis ut. Quidem enim et inventore qui deserunt. Excepturi animi aut consequatur labore perspiciatis rem ut.','1984-05-29 02:52:00'),(488,88,8,'Libero eos praesentium rerum neque. Est aut molestias et qui voluptatem esse libero. Ipsam rerum deleniti sunt vel. Est tenetur ut ut sit facilis earum.','1994-07-17 04:38:24'),(489,89,9,'Minus dolores illum corporis cupiditate assumenda non. Quis eveniet est facere non. Eos est itaque deleniti repudiandae.','1998-12-05 00:54:49'),(490,90,10,'Vel iure quia qui quia non rerum. Nisi dolores ea et sapiente. Voluptate iure quo itaque consequatur voluptas. Molestias ipsa et sunt ratione magnam itaque sequi.','2020-06-18 04:05:46'),(491,91,11,'Laborum ea officia consequatur veniam magni voluptatem repudiandae. Consequuntur ut alias non corrupti. Veritatis sed in maiores asperiores sit aut maiores tempore. Ipsum perspiciatis velit quod quod non sit quis.','1974-07-28 16:41:37'),(492,92,12,'Dicta repellat provident quos aperiam. In iusto provident repellendus et et. Dolorum blanditiis reiciendis consequuntur id molestias incidunt dicta.','1995-05-13 04:01:30'),(493,93,13,'Qui quod eaque eligendi ipsam id modi. Voluptatibus sit quia amet omnis perferendis. Officia officia officiis voluptatum officia repudiandae.','1988-04-09 14:32:49'),(494,94,14,'Qui sint qui omnis fugit amet. Minus ullam sint saepe ea incidunt ipsum debitis. Omnis qui aut sed.','2013-09-09 11:29:16'),(495,95,15,'Ut cupiditate quam et fugit. Ea doloribus quas ut beatae totam nemo dolorem. Velit ipsam sint incidunt magni ipsum.','1995-10-10 17:18:18'),(496,96,1,'Distinctio autem ut porro nam. Ratione sunt soluta voluptas quis optio. Dolor doloremque minus magni reprehenderit quibusdam nemo eligendi culpa. Ea quo aut quidem voluptatem officia sint tempora.','2012-08-20 10:52:35'),(497,97,2,'In ex est aut excepturi quae laudantium quis. Enim nemo rerum deleniti ut minima qui. Rerum excepturi corrupti esse et praesentium recusandae. Soluta libero in assumenda nemo eius magnam dolores.','1970-06-22 01:25:42'),(498,98,3,'Et optio impedit non excepturi. Et porro libero veritatis voluptates at fugiat in suscipit. Non ipsam inventore minima vel alias accusantium excepturi rem.','1974-08-30 05:17:11'),(499,99,4,'Sit eos numquam ipsum eos. Suscipit temporibus nesciunt omnis. Necessitatibus enim mollitia ut aut.','1997-03-07 07:46:40'),(500,100,5,'Molestias repudiandae ea impedit voluptates atque earum a accusantium. Neque nihil nihil quibusdam non. Neque placeat eos tempora atque explicabo saepe delectus cum.','2008-09-01 08:19:31'),(501,1,6,'Exercitationem enim quidem perferendis dolor ducimus officiis temporibus. Doloribus culpa odio rerum maxime alias. Voluptas dolores et sint unde accusantium eos est.','2003-11-29 13:34:44'),(502,2,7,'Praesentium et ipsam aut est perspiciatis at. Pariatur perspiciatis et est sed ipsam quam quis aut. Eaque et veniam culpa enim ut cum. Quo velit et eaque nulla accusantium optio. Veniam nesciunt minima aut mollitia voluptatum ea et officiis.','2016-11-17 15:32:43'),(503,3,8,'Qui rerum eos ratione doloribus asperiores natus eveniet. Ea eos et nulla consequatur magni. Id provident totam hic corporis.','2009-02-01 04:42:11'),(504,4,9,'Qui labore occaecati voluptas quasi adipisci quo placeat. Quo quae doloribus nam. Natus vitae eum itaque explicabo eius. Tempore consequatur voluptatem et ex praesentium aliquid delectus non.','2015-03-22 18:53:32'),(505,5,10,'Quo molestiae laboriosam consequatur qui et. Assumenda voluptatem sapiente et cupiditate. Repellat sed quasi esse sunt.','1984-08-29 20:03:45'),(506,6,11,'Numquam eum aut nesciunt voluptatem consequatur. Eligendi velit et est tempora error praesentium. Accusantium libero sed et. Dolores quis consequatur quisquam ipsa aut laborum quos.','2003-08-23 04:50:36'),(507,7,12,'Incidunt assumenda ut non vel ad. Mollitia laboriosam quae atque odio.','1981-08-15 17:01:01'),(508,8,13,'Ut qui fugit harum qui. Delectus ut labore libero inventore a excepturi et. Dolor cupiditate sit facere tempore rerum est similique.','1976-05-18 07:05:50'),(509,9,14,'Incidunt ex qui labore qui repellat. Veniam et et nam ut. Rem nostrum laboriosam natus voluptatem ullam qui recusandae. Perspiciatis tempora rerum omnis sint.','2004-02-06 23:23:24'),(510,10,15,'Enim saepe eius magnam fuga alias. Consequatur voluptas architecto iusto commodi laborum autem dolor. Harum totam id doloribus quis.','1971-03-28 00:36:05'),(511,11,1,'Est provident architecto iste cumque ipsum dignissimos. Fuga qui rerum id dolorum ullam dolorum rerum quam. Aut ea tenetur occaecati.','2013-03-15 17:56:51'),(512,12,2,'Sit unde et rerum non iste. Ipsam aperiam veritatis occaecati. Ut laborum omnis sunt aut consequatur nisi possimus.','1972-10-22 08:31:14'),(513,13,3,'Labore quae tempore molestiae eligendi non assumenda. Expedita tempora ut vel ut. Et et tempore est culpa ipsum iusto sint. Dolore et alias similique dolore non molestias.','1996-09-23 08:29:32'),(514,14,4,'Et rerum sit laborum maxime. Laudantium reiciendis vel neque aut.','2016-04-07 05:32:22'),(515,15,5,'Dolorem commodi quia culpa voluptas mollitia. Quia officiis suscipit iure cum numquam. Asperiores et reiciendis rerum rerum fugiat quaerat.','1997-05-13 14:12:35'),(516,16,6,'Quae qui eos quia non quas et. Assumenda delectus ad debitis molestiae. Dolores eum esse ut.','1985-07-24 23:54:03'),(517,17,7,'Eligendi corrupti et molestiae quia nihil dolores est odio. Quo minus temporibus fugiat vel non quo minus. Fugit qui fugiat aut fugiat. Fuga quidem fugit et consectetur.','1997-08-20 05:01:18'),(518,18,8,'Aut voluptas distinctio ut minus unde. Nobis sed sint qui molestias praesentium. Placeat quisquam excepturi debitis pariatur similique ut. Corporis tempora quibusdam nisi sunt cum consequuntur qui.','1990-07-06 05:49:54'),(519,19,9,'Eum culpa quasi optio aspernatur nisi. Animi repudiandae sunt porro ipsum voluptates. Pariatur cupiditate eos iste enim quia. Qui quo velit eum officia totam ut sunt. Et voluptatibus neque error.','1989-08-13 07:54:55'),(520,20,10,'Officiis mollitia illum asperiores. Voluptatem veritatis pariatur tempore labore voluptatem modi sunt. Omnis sit et consequatur saepe sit molestiae assumenda.','1995-12-29 22:51:46'),(521,21,11,'Aliquam quia officiis nemo maxime fuga amet sunt. Non perspiciatis sit sit ut repudiandae similique. Quaerat doloremque amet tempore omnis ut est.','1978-08-06 07:27:04'),(522,22,12,'Qui veritatis est odio et in. Ipsa molestiae rerum laudantium debitis est. Ipsam molestiae error similique totam et est. Rem accusamus fugit qui nam.','1973-09-20 02:15:15'),(523,23,13,'Laudantium perferendis unde et incidunt dolores aliquid. Aut odio provident doloribus unde autem. Voluptatum quasi quod voluptatibus ut natus odit.','1997-05-10 04:35:52'),(524,24,14,'Harum quia quos laudantium maiores aspernatur voluptas. Odit cupiditate odit officiis. Numquam ab itaque laboriosam repudiandae dolorem temporibus.','2009-11-18 12:37:42'),(525,25,15,'Eum vel veritatis ut qui deserunt. Voluptas sint aut consequatur. Nostrum quia nesciunt odit occaecati. Ut repellendus quis perferendis incidunt quis maiores praesentium.','1979-04-09 19:11:38'),(526,26,1,'Laudantium fuga nulla voluptatibus quisquam aut quia consequatur. Laboriosam quisquam dolorem quisquam vel ipsum earum.','1991-11-12 09:52:10'),(527,27,2,'Nihil enim veniam ipsa accusantium voluptatem ipsam voluptatem. Quia possimus pariatur cumque ad et. Veritatis praesentium repellat et odit aspernatur.','1987-02-22 19:01:41'),(528,28,3,'Dolorem nemo fuga accusamus saepe voluptas necessitatibus delectus. Omnis temporibus blanditiis quia saepe aliquam numquam deserunt. Dolorum consequatur vel ea odio.','1981-11-29 07:26:14'),(529,29,4,'Aut beatae et ipsa ea. Officia eum quis consequatur cum ratione. Odio aut dolorem rem et at. Fugiat ut recusandae fugiat voluptatem est. Aliquid iure et omnis id.','1972-06-05 17:55:32'),(530,30,5,'Dignissimos sed velit quae quam sunt aliquam ut dicta. Nesciunt aut et possimus dignissimos delectus blanditiis. Rerum modi eius voluptatibus voluptas nesciunt incidunt. Quidem voluptate ab ut consequuntur.','1991-01-27 08:35:38'),(531,31,6,'Blanditiis sunt nihil voluptatem sed laudantium ut nostrum. Vero velit distinctio officia autem ullam ab. Harum nam qui est et.','2004-09-04 22:29:53'),(532,32,7,'Sint est omnis voluptatum molestiae sed. Pariatur quod quod vitae quod doloremque quidem. Deserunt et quaerat nesciunt odit minima quibusdam architecto provident. Non ut neque voluptatem voluptatem nobis maiores inventore.','1996-04-01 03:31:42'),(533,33,8,'Nostrum illum animi numquam odit ut. Veniam dolore provident qui est et molestiae. Et pariatur mollitia qui id. Molestiae a labore distinctio sequi itaque porro.','1985-02-21 07:04:59'),(534,34,9,'Hic voluptatum dolorem eos. Minima omnis exercitationem sapiente molestiae libero assumenda quia. Quas saepe ab officiis pariatur sunt. Dolorem magnam commodi suscipit pariatur inventore aut.','1999-04-29 05:44:54'),(535,35,10,'Vitae sint possimus voluptatem id. Amet non ratione ad cumque maiores. Consequatur qui dicta qui molestiae rerum qui dolor.','1999-08-28 14:46:57'),(536,36,11,'Fugit voluptatem veniam ut. Est quis debitis eum. Alias dolor modi nisi necessitatibus nemo iure nihil corporis. Laboriosam occaecati voluptas voluptas et officia autem.','1987-08-09 21:15:27'),(537,37,12,'Aut repudiandae amet quod eos adipisci quae sed. Nostrum eos commodi aut voluptatem ex placeat. Voluptate blanditiis sunt consequuntur quia aliquid consequatur quibusdam dolorum.','1987-07-07 15:06:36'),(538,38,13,'Facere sit ut hic eius magnam facilis in. Atque quis dolorem repellat molestias expedita. Suscipit accusantium at ducimus deleniti eaque.','2017-01-04 10:11:23'),(539,39,14,'Est similique consequatur consequatur qui repellat id. Architecto ut maxime unde sit quia. Non aut odio qui soluta necessitatibus.','1970-08-12 06:56:45'),(540,40,15,'Non et quas explicabo placeat accusantium. Et laborum architecto iure repudiandae. Error error voluptatem id molestias impedit. Sed qui id dolorum ratione beatae quia.','1996-11-16 07:28:54'),(541,41,1,'Sed qui aliquid animi id. Quia provident itaque et qui autem. Expedita ut nobis eos rerum et fugit et.','2019-06-19 08:25:02'),(542,42,2,'Odit sed est quibusdam voluptates. At dignissimos omnis expedita harum illo eligendi. Qui dolores voluptatibus maxime molestiae nostrum aut magni. Sequi suscipit sapiente aliquid at.','2013-06-06 23:53:58'),(543,43,3,'Omnis modi quaerat qui sed non quia ad. Repellendus tempore excepturi omnis alias quia ut. Modi voluptatem saepe repellendus sed.','1992-05-04 20:47:01'),(544,44,4,'Saepe nam veritatis quia. Natus sit aut reiciendis suscipit. Nesciunt aut ipsum consequuntur rerum dolores consequatur.','1984-03-07 09:19:10'),(545,45,5,'Corrupti eaque enim et ut sunt. Nobis quisquam dignissimos dolorem enim et. Eveniet illum quas fugit quo et porro sint. Eligendi cum quo repellendus soluta.','1994-07-20 08:20:04'),(546,46,6,'Possimus inventore vel consequatur ut vel. Rerum sequi itaque aspernatur rerum labore. Earum aut fugit provident quasi quis assumenda.','1996-02-18 14:05:54'),(547,47,7,'Ea dolorem aut natus nihil sit. Deleniti nemo est modi culpa voluptatem et provident. Rem voluptatem modi laudantium debitis suscipit enim dolor. Non sit voluptatem beatae quibusdam.','1992-05-01 04:46:30'),(548,48,8,'Fuga culpa ea tempore et nemo incidunt totam. Minima laboriosam soluta laborum facilis. Magnam deleniti assumenda commodi harum neque temporibus.','1998-10-18 21:16:43'),(549,49,9,'Sit omnis itaque animi deserunt totam possimus. Nihil illum commodi aut porro quas rem occaecati. Et quaerat similique voluptatum odit fuga nisi. Sit cupiditate soluta magnam eligendi.','1976-07-28 22:01:30'),(550,50,10,'Alias quia quis voluptatem aut libero. Similique illo quia quis maxime. Laboriosam non aut iusto et et facilis.','1982-09-24 09:49:09'),(551,51,11,'Eligendi ipsa perspiciatis iure ipsum sunt. Et voluptatem voluptatem blanditiis recusandae. Numquam itaque aut iste impedit nam at excepturi voluptatem. Voluptatem autem consequuntur culpa eos fugiat id quis quo.','1995-01-02 11:01:23'),(552,52,12,'Neque delectus voluptatem perspiciatis quibusdam voluptatem unde ut. Soluta unde ut corrupti dolorem repellat illum. Enim porro perspiciatis inventore possimus.','1976-01-14 01:04:30'),(553,53,13,'Amet deleniti neque dolorum reiciendis aspernatur vel neque. Odit aut sit nam quam aspernatur qui consequatur magni. Dignissimos eveniet tenetur corporis velit nisi.','1992-12-08 11:29:07'),(554,54,14,'Maxime hic animi et laborum deleniti. Architecto rerum dolor et id dolores quasi ipsum. Veniam assumenda ullam ipsam cupiditate magnam ea corporis et. Consequatur voluptatem unde similique sapiente ducimus commodi sequi a.','2018-11-27 17:44:15'),(555,55,15,'Consequuntur cupiditate ducimus iure nihil. Veniam inventore vel nobis.','1980-12-09 23:58:28'),(556,56,1,'Ad porro voluptatem tenetur omnis repellat aperiam et nihil. Asperiores sapiente aperiam perspiciatis et est quibusdam. Et rerum laborum porro quam maiores deleniti.','1974-07-20 11:08:32'),(557,57,2,'Itaque qui iste laborum eaque qui aut sapiente provident. Aut animi esse mollitia nam voluptates et et quisquam. Temporibus ratione dolor illo quaerat eos nisi eum.','1983-03-18 14:43:32'),(558,58,3,'Maiores veniam consequuntur aut. Dolorum optio totam illo et iure. Et cupiditate consectetur vitae quasi excepturi nobis dolores libero. Dicta qui sequi et sint excepturi commodi iusto ut.','1995-06-20 03:56:12'),(559,59,4,'Quas enim officiis consectetur dolore qui facilis velit. Reprehenderit odio et voluptas omnis repellat quas nam. Quaerat facere exercitationem dolores. Occaecati enim quod voluptatem consectetur autem officiis.','1995-11-20 03:30:55'),(560,60,5,'Maxime eos blanditiis dolorem. Fuga et ex eum. Ad minus vero tenetur perferendis ducimus.','2013-06-03 23:54:51'),(561,61,6,'Rem est ipsam dolore quos minima. Alias omnis qui facere accusamus sequi. Facere sit odit maiores perferendis molestias voluptatem. Possimus alias molestiae expedita sed eveniet.','1998-12-21 12:21:54'),(562,62,7,'Inventore ullam et dolorem corrupti optio quam neque. Maiores sequi facilis ea occaecati nemo. Consectetur repellendus tempora natus rem. Dicta consequatur aut veritatis eum.','1983-07-10 09:22:14'),(563,63,8,'Error ipsa consequatur laudantium est esse vitae. Ex quidem ea et nam eum. Fugit nostrum cum unde officiis. Dolorem qui veritatis porro praesentium.','1974-10-16 16:52:02'),(564,64,9,'Impedit harum vero nesciunt quia. Dolores cum quis ipsa quo quo quis. Delectus et alias saepe id.','2016-04-09 12:04:45'),(565,65,10,'Consequatur rerum dolor sunt. Perspiciatis ut sequi cumque molestias aperiam. Dolor adipisci ratione qui maiores. Cupiditate repellendus iure harum natus. Quia eaque impedit pariatur dolore non.','2000-02-20 21:20:28'),(566,66,11,'Dolorum enim sed eos dolorem ea. Qui consequatur commodi non perspiciatis perferendis. Aperiam provident placeat ducimus magni est dolorem voluptatem saepe. Beatae autem illo perferendis animi dolores nostrum beatae.','1980-12-25 23:59:23'),(567,67,12,'Eum reprehenderit autem ducimus velit aut. Et voluptatem non dolor assumenda quam nihil.','1991-10-19 09:20:13'),(568,68,13,'Voluptatem iusto possimus ut voluptatem debitis. Sit ut beatae tenetur similique sed quas quos. Officiis voluptatum possimus itaque et iste natus minima rerum. Et beatae sit molestias exercitationem eaque eius.','2000-09-14 01:25:07'),(569,69,14,'Ipsam at esse mollitia adipisci veritatis sapiente odit. Tempora praesentium iste nam officia quidem eos asperiores. Nam repellat voluptate ea laborum. Velit ea tenetur tempore autem quia tenetur.','1973-07-23 06:20:52'),(570,70,15,'Aliquid et enim perferendis aut dolor pariatur. Ut facilis ipsam cumque sint quas. Doloribus repellat et aut itaque deleniti ea. Qui quod nulla in exercitationem molestias qui. Odit iste quia provident omnis in sit.','1980-11-06 05:50:57'),(571,71,1,'Et nesciunt laudantium non aut. Voluptatem autem enim voluptatem. Perferendis accusamus suscipit cumque nihil. Impedit at rem porro debitis veniam sed illo.','2006-11-16 18:00:49'),(572,72,2,'Consequatur autem ullam accusantium repellat. Accusantium nemo veniam porro sit ut magni est. Ut cupiditate architecto autem expedita molestiae accusamus corporis. Sit tenetur temporibus reiciendis aut accusantium et a. Officia omnis voluptatem dolorem ut et praesentium enim.','2001-10-23 22:32:33'),(573,73,3,'Veritatis id ut sint sunt qui. Earum et eaque quo eveniet reiciendis. Omnis laudantium officiis id rerum quas id veniam. Voluptatem illo qui perferendis molestiae ex. Ipsa sint eum odio ad enim.','1994-09-09 02:23:45'),(574,74,4,'Occaecati quam fugit molestias distinctio hic. Qui in enim et eligendi maiores molestiae libero rerum. Esse alias ab ab voluptatem nam natus. Et deleniti omnis quibusdam consequatur expedita.','2011-03-18 19:37:52'),(575,75,5,'Cumque aut quisquam et in deserunt dolor. Aut natus ut culpa voluptatum ullam est nesciunt. Corrupti vitae illo repudiandae nostrum blanditiis aspernatur.','2010-11-09 18:14:44'),(576,76,6,'Temporibus ut est dolorem earum. Tempora praesentium enim ullam porro veniam autem ut. Autem sint velit autem beatae incidunt dolorem doloribus.','1990-01-19 20:54:03'),(577,77,7,'Quae ullam sed ut ut nam. Id quidem id recusandae qui repellendus quia voluptatem. Quidem vero ad nobis laborum similique qui impedit. Ea voluptatem suscipit ratione molestiae nesciunt vitae.','1999-02-24 06:10:50'),(578,78,8,'Quasi magnam doloribus qui sunt pariatur molestiae fugiat corrupti. Magni voluptas et dolor dolorum voluptate culpa. Aperiam sint minima non sapiente. Sed cum similique repellat quo fugit atque consequatur.','2013-12-04 06:45:19'),(579,79,9,'Voluptas dolor vitae sint iure iure laudantium. Facilis eum mollitia fugiat. Optio pariatur culpa quas maxime.','2004-07-20 09:24:40'),(580,80,10,'Nemo minima enim sed porro doloribus possimus quae reiciendis. Id itaque consequatur ut neque doloribus quo. Non sapiente at corporis dolorem et. Deleniti porro ipsam quidem accusamus at eligendi.','2001-11-22 00:48:14'),(581,81,11,'Atque magni magni id ut libero fugiat numquam. Molestiae id dolorum minima quis eum aut. Praesentium molestias id quas expedita ipsam aut nemo dolor.','1999-10-10 18:30:00'),(582,82,12,'Quia tempora tenetur voluptas quam. Laboriosam molestias quasi dolores placeat asperiores. Assumenda et sint est libero rerum quod fuga aut. Omnis aspernatur molestiae illo.','2006-12-21 19:25:02'),(583,83,13,'Facilis quisquam impedit impedit neque labore. Ex eveniet dolor ut fuga. Velit rerum ducimus magnam quo amet sapiente id sequi. Adipisci unde molestiae dolores qui ipsum.','1985-11-10 09:58:35'),(584,84,14,'Aut tenetur sit excepturi. Qui quia veniam aut est. Id non tempore veniam ad velit. Rerum dolores vel qui ea distinctio debitis.','1972-12-01 22:29:28'),(585,85,15,'Deserunt dolores dicta assumenda pariatur esse. Quas praesentium aut sed nihil voluptatem. Quasi et ad ab temporibus facere sequi et.','1977-09-23 09:18:21'),(586,86,1,'Blanditiis minus rerum rerum perspiciatis sit beatae minima amet. Et eum ea nemo ab iste accusantium. Voluptas quasi laudantium sit doloremque distinctio laboriosam sed. Voluptate accusantium a dolor alias cupiditate.','2012-03-07 10:45:41'),(587,87,2,'Dolores facilis quo molestiae vitae quo aliquid id. Et consequatur et est vel eaque. Porro incidunt quia voluptatum.','2003-08-21 13:36:11'),(588,88,3,'Hic nesciunt eos facere et maiores. Ex beatae voluptates illo quos. Recusandae pariatur unde aut totam. Quia ut molestiae quo perspiciatis eum.','1975-08-15 08:22:42'),(589,89,4,'Magnam aut et optio est corrupti tempore. Dicta dolor facilis voluptatem eos explicabo ab eum itaque. In vel est unde omnis. Corrupti optio autem reiciendis placeat totam quia laboriosam. Eligendi dicta eos aliquid temporibus et.','2005-05-21 19:56:14'),(590,90,5,'Dolor sit ducimus et laboriosam dicta odit amet quidem. Voluptatum magni soluta dicta accusamus ipsum est. Iure fugit quas maiores dolores delectus.','1970-11-15 16:28:41'),(591,91,6,'Quia corrupti nesciunt aut doloremque autem debitis. Assumenda nihil voluptate cupiditate iste ut occaecati ipsum aspernatur. Ut dolorum fugit quod eos officiis fugiat dolorum.','1975-09-16 22:22:19'),(592,92,7,'Rerum harum velit qui. Quo harum culpa voluptatem aut dolor quia atque. Sed qui quaerat vel est placeat.','2007-09-21 16:52:23'),(593,93,8,'Corporis recusandae dolorem in aliquid similique magnam. Facilis magnam voluptatum id voluptas. Ullam omnis et sed commodi. Quam quaerat accusantium dolorum dolor eaque alias.','1974-07-16 11:49:44'),(594,94,9,'Nihil consectetur optio fugiat. Vero sunt autem quis culpa.','1997-12-22 07:33:49'),(595,95,10,'Tempora dolores asperiores non qui eveniet natus dolore. Numquam nemo itaque delectus nemo magnam eveniet. Quidem non odit magnam ut quo. Amet voluptatibus dolorem eum quas sit.','1986-07-24 20:08:11'),(596,96,11,'Iure minus pariatur sunt quia impedit aliquid illum non. Provident officia quod itaque. Veniam sit et odio nisi est. Commodi illum qui sit aliquid at consequatur. Enim non velit eos.','1978-07-03 12:58:45'),(597,97,12,'Qui id exercitationem veniam ipsam ab doloribus aperiam impedit. Minus numquam quas quasi eos voluptates sit reprehenderit sequi. Neque facere reprehenderit quam maiores illum. Quia non omnis iste cum.','1989-10-14 16:51:46'),(598,98,13,'Voluptas autem dignissimos quia necessitatibus in rerum. Explicabo quis sint unde aliquam natus qui. Aut provident et est alias.','2014-06-20 18:35:44'),(599,99,14,'Voluptatem est et ea quis quo natus assumenda. Ab a repellat quia qui est. Nemo ipsam sed quas. Iure corrupti veritatis placeat voluptate qui.','1970-01-08 18:00:33'),(600,100,15,'Molestiae sunt velit consectetur et autem temporibus. Porro ipsa sunt dolore et. Blanditiis exercitationem non cupiditate omnis qui.','1986-06-02 23:56:24'),(601,1,1,'Sit neque molestiae et est sint. Quia voluptas iusto ea rerum. Quia qui et ipsum ab.','1998-10-19 11:24:01'),(602,2,2,'Dolorum sit nobis aut sequi quo totam. Excepturi cum aut aut neque rerum error. Enim voluptate velit dolores. Nesciunt porro possimus odit pariatur.','2004-09-13 05:10:45'),(603,3,3,'Et voluptatum itaque molestias voluptas. Non aspernatur mollitia quos magnam cumque.','2011-09-07 03:00:28'),(604,4,4,'Iure esse voluptas qui nihil ea omnis eius. Sed sed illo laboriosam pariatur.','2020-06-08 16:08:40'),(605,5,5,'Et est in laboriosam eum. Illum in et consequatur quia reiciendis. Cumque occaecati fugit minus incidunt. Cum numquam aut harum quam et dolore.','2010-12-08 22:53:30'),(606,6,6,'Consequatur omnis totam enim a cumque. Voluptates et vero nesciunt nam nihil maxime dolore. Totam rem quibusdam nisi labore possimus dolorum animi. Sapiente repellat veniam blanditiis aspernatur rem illo temporibus.','2016-06-28 21:26:08'),(607,7,7,'Consequatur est sunt consequatur veritatis est sed quia. Iste repellat pariatur in quo. Qui dolorem error neque et. Non cumque dignissimos saepe qui. Et quia culpa itaque.','2020-11-09 04:08:35'),(608,8,8,'Quam odit ut in et voluptatibus sed. Incidunt tempore dignissimos aut maxime dolor reprehenderit aut. Ex debitis numquam est mollitia ab. Minus expedita molestias vel facilis eos necessitatibus vero.','2014-02-26 04:59:15'),(609,9,9,'Tempora iste sed sit sed doloribus. Quo aut modi laboriosam. Dolor velit blanditiis amet voluptates est beatae. Quidem et cupiditate quia itaque nulla quis.','1986-06-17 09:46:51'),(610,10,10,'Autem quaerat et ad aspernatur voluptas ad quae. Vitae nobis velit velit qui aut ex dicta. Mollitia natus non eum ratione excepturi voluptatum aut. Expedita aut velit sed quae.','1988-06-20 03:45:51'),(611,11,11,'Vel velit quo quibusdam ut est necessitatibus quasi. Sit excepturi omnis atque dolorum. Tempore blanditiis sit ea sint saepe occaecati. Aspernatur eos id nostrum et sit maxime impedit saepe.','1999-08-23 00:35:46'),(612,12,12,'Et maiores tempora numquam maxime qui dolorem in quos. Et consequuntur molestiae voluptates praesentium quo. Officiis omnis qui cumque quidem dignissimos. Eos ratione modi labore facilis nisi.','1979-12-25 01:05:41'),(613,13,13,'Doloribus velit alias aut corrupti reprehenderit pariatur mollitia tenetur. Placeat magnam magnam earum iusto mollitia earum fugit. Libero eos in in a aut.','1990-05-06 18:22:51'),(614,14,14,'Ut officiis deleniti eligendi voluptas tempora ex sapiente. Ab delectus dolorum velit eos ut iste. Porro omnis non qui voluptatem voluptatibus ipsum provident.','2009-09-04 11:36:52'),(615,15,15,'Nemo repudiandae quod laudantium aut ullam aperiam culpa. Adipisci mollitia natus quae sed laboriosam possimus ut. Voluptatem quo saepe voluptatem aut aspernatur ipsa. Eum velit et molestias doloremque.','2010-05-05 05:03:39'),(616,16,1,'Maxime quibusdam itaque et rerum qui consequatur est ex. Placeat nesciunt numquam quia. Est corrupti qui perferendis rerum illum omnis beatae. Quod repellendus enim enim iusto quo sed eos suscipit.','1979-10-02 02:18:18'),(617,17,2,'Excepturi eos debitis neque et accusantium est molestiae. Modi omnis adipisci qui dignissimos rerum itaque eaque. Dicta consequuntur blanditiis quam.','2002-04-13 02:53:57'),(618,18,3,'Ut repudiandae nam accusamus autem facere nostrum quod explicabo. Et rerum fuga occaecati facere. Mollitia perferendis libero eos non optio tempora.','1996-09-01 12:03:46'),(619,19,4,'Aut soluta ut omnis suscipit veniam. Aut deleniti et voluptas. Totam enim repellat dolores odio facilis.','1971-02-24 14:55:05'),(620,20,5,'Sunt ut earum ut dolore corrupti. Quas voluptatem et officia sed. Esse maiores et fugit dignissimos nihil non. Dolore facere quis id nobis eius mollitia ipsam. Inventore quos dolor iste aut facilis.','2002-01-10 04:19:39'),(621,21,6,'Sequi ad alias est blanditiis voluptate asperiores. Dignissimos ut dolores culpa et delectus. Vel aliquid iure esse. Dolor porro non placeat iste quae.','1997-07-24 17:52:33'),(622,22,7,'Dolore temporibus rem dignissimos ipsam praesentium quo earum minima. Omnis repudiandae animi molestiae blanditiis mollitia. Ipsum id quia nostrum veritatis nesciunt accusantium cumque architecto.','1972-09-15 10:09:03'),(623,23,8,'Qui culpa facere id aut. Enim facilis veritatis repellat modi aut. Fugit ullam atque voluptas cum nesciunt in reiciendis.','2007-01-23 14:30:02'),(624,24,9,'Dolorem porro omnis tempore qui fugiat aut tenetur. Unde et voluptatem expedita qui dignissimos quasi minus. Et minus ad commodi dignissimos quos. Explicabo inventore qui dolores et ut animi ad.','1978-11-24 02:18:05'),(625,25,10,'Molestias quidem rerum esse tempora. Quia voluptas natus veritatis omnis voluptas eligendi cumque velit.','2009-02-17 23:06:59'),(626,26,11,'Asperiores sint inventore et voluptate illo enim ab. Voluptatibus est quasi est. Hic dicta aliquid aliquam id quo animi et dolorem. Deserunt accusantium praesentium rem facere dolorem quibusdam modi.','2004-06-28 01:21:16'),(627,27,12,'Optio vero numquam maiores magnam et aliquam eligendi. Qui dolores hic sunt delectus neque. Magni sed ut eum porro. Sunt id quaerat consequatur.','1997-01-17 00:11:13'),(628,28,13,'Ipsum totam molestiae magnam animi et. Placeat maiores est laboriosam quo quaerat ipsum laudantium. Delectus sed quidem rerum et.','1992-04-19 21:21:17'),(629,29,14,'Illo non iusto quia nobis quia. Ut veritatis aperiam sed atque.','2006-07-02 04:13:25'),(630,30,15,'Blanditiis et et sed eum et. Voluptatum a cumque sint beatae. Suscipit vel voluptatem qui est molestias.','1987-03-19 16:52:38'),(631,31,1,'Aliquam aut repellendus non qui perspiciatis corporis unde. Dolor debitis nemo provident et.','1983-07-29 19:29:56'),(632,32,2,'Autem autem officia et vero facere recusandae omnis. Qui odio accusantium rem magnam et. Eveniet ea iste et dolore. Quam quia numquam voluptas et quis occaecati quasi.','1995-06-06 23:58:01'),(633,33,3,'In omnis aliquam rerum aut facere dignissimos. Beatae natus quis et natus sit dolorum. Quia sed itaque et.','2017-05-25 23:04:29'),(634,34,4,'Nam consequuntur non quaerat cupiditate ut similique iste. Vero esse vitae asperiores labore. Sint rem alias aut omnis et officiis ea.','1970-01-12 09:19:45'),(635,35,5,'Cupiditate dolor officia ratione corporis. Quos voluptas mollitia quod. Reprehenderit maiores et aut in ut tempore. Blanditiis in magni officia vitae minus perferendis. Quaerat sed amet sed dolorem amet nihil.','2016-04-24 16:04:44'),(636,36,6,'Sed nobis ratione ex eum. Tempore rerum ut harum nostrum. Eveniet nulla quas vel voluptas fuga laborum iusto. Ullam quisquam et optio.','2010-08-18 07:30:25'),(637,37,7,'Omnis consequatur officia maiores nihil ut. Accusantium molestiae magni at excepturi consequatur saepe. Qui et ducimus deleniti totam.','1973-09-25 09:45:31'),(638,38,8,'Ullam quo animi ut. Fugit est eos tempora distinctio corporis iste et. Commodi maiores quos in dolorem voluptatem. Impedit sapiente ex error consequatur ut quia at.','1979-06-08 21:08:11'),(639,39,9,'Delectus veritatis quia cupiditate dolor. Quia et dolorem quis. Soluta quia blanditiis voluptate laboriosam.','2008-02-02 11:08:54'),(640,40,10,'Tempora explicabo fuga omnis sit nisi ab reiciendis. Voluptatem dolorum sit facilis quibusdam. Eos culpa aspernatur et. Vitae totam non est.','1988-10-24 19:52:14'),(641,41,11,'Sunt rerum quis quisquam est nesciunt officia. Qui quis est deleniti dicta iste. Et expedita ut molestias optio et.','1972-01-20 00:34:01'),(642,42,12,'In quasi harum eveniet fuga est corrupti. Qui necessitatibus sint non et. Aliquid mollitia explicabo amet illo quis est.','1972-09-28 20:55:49'),(643,43,13,'Quia eum earum atque repellendus adipisci aut. Hic sed animi dolore quidem et ad. Consectetur ratione a sed quis qui nemo necessitatibus.','2013-08-18 18:56:49'),(644,44,14,'Cumque omnis harum ut et. Sint fugit beatae consequuntur expedita. Omnis minus nesciunt deleniti quia magnam perspiciatis voluptas cum.','2005-06-22 12:44:35'),(645,45,15,'Ut neque suscipit nulla debitis eum repellat. Illo odio ut qui id. Nostrum adipisci fugit enim facilis consectetur. Eligendi natus repudiandae illo modi hic facilis debitis nobis.','2014-01-10 08:00:48'),(646,46,1,'Ducimus dolor sed architecto temporibus velit aut impedit. Dolor laudantium neque corporis aut. Doloremque quibusdam ipsa magni deleniti dolor qui.','1988-02-14 19:20:15'),(647,47,2,'Delectus rem nihil qui optio unde unde iste. Ab eum velit labore temporibus fuga voluptatem. Sed cumque eius in et consequatur ut sed. Quia qui hic laudantium fuga accusantium qui.','2006-09-25 05:56:54'),(648,48,3,'Numquam velit possimus blanditiis. Doloremque laboriosam suscipit quia modi nesciunt suscipit deserunt asperiores. Reprehenderit ut praesentium sed doloremque vitae.','2011-05-25 23:11:04'),(649,49,4,'Expedita eos autem quos enim quibusdam. Nihil id maiores et quia. Iste natus rerum quos accusamus. Doloremque eos sunt quis.','2008-04-28 15:01:09'),(650,50,5,'Aliquid reiciendis velit magnam ab. Accusantium sunt aut aut molestiae porro. Est consectetur praesentium tenetur similique vel non nulla.','2015-08-01 12:05:46'),(651,51,6,'Sit nisi sint non. Voluptatum odio ex dolorem asperiores dolor quo magnam. Commodi asperiores quo culpa est et. Molestias a blanditiis odio perspiciatis ducimus et sunt est. Sunt et sed ut est rem accusamus aspernatur.','1970-02-08 13:03:49'),(652,52,7,'Quam magnam est sunt sed. Culpa occaecati possimus saepe ad sit repellat. Qui ut rerum velit in quis magni pariatur. Ad voluptatum qui qui quis eum officiis impedit.','1974-06-04 18:05:51'),(653,53,8,'Ut hic et facilis fuga fugit. Est sunt repudiandae voluptatem mollitia omnis temporibus optio dolore. Cum molestiae necessitatibus earum ut ut. Est rerum itaque eos quasi sed nobis doloremque.','1977-04-28 03:23:10'),(654,54,9,'Neque ut nihil qui omnis molestias molestias blanditiis. Modi et error ex. Explicabo laboriosam asperiores unde tenetur eius animi. Temporibus soluta in illo debitis voluptatibus sint vero. Tempore placeat voluptatibus eum ducimus.','2005-10-22 12:28:40'),(655,55,10,'Omnis laborum repellendus tempore quia. Harum aut voluptas facilis soluta aut quia consequatur. Eos atque quia rem eum.','1978-08-05 14:45:49'),(656,56,11,'Itaque maiores ea ea ut. Beatae neque temporibus nihil tempore nam laudantium impedit. Possimus tempore quis ab magnam expedita.','2001-10-23 14:05:54'),(657,57,12,'In iste omnis dolore et nobis eos qui quia. Voluptatem libero dolor sunt ut. Temporibus possimus molestiae adipisci.','2020-01-15 18:42:40'),(658,58,13,'Numquam ipsam accusamus quis aut. Tenetur voluptate ipsum deleniti quo qui. Commodi fugit dolor assumenda optio quos necessitatibus. Consectetur ut saepe facere deserunt nemo.','1993-11-17 10:04:58'),(659,59,14,'Autem accusantium autem officiis et voluptates laboriosam. Quisquam debitis aut quod consequatur beatae dolorem. Autem sunt non voluptatem aperiam incidunt est consequuntur doloribus.','2008-01-29 09:20:40'),(660,60,15,'Temporibus facilis et voluptas repellendus. Dolores aperiam sapiente voluptatem et quam illum. Quod maiores enim voluptate quaerat unde assumenda. Voluptatem sit eaque nesciunt qui quibusdam.','2000-01-09 03:56:01'),(661,61,1,'Placeat dolorem impedit dolor ad expedita. Ullam omnis ipsam aperiam saepe veritatis quisquam consequatur. In quod voluptate iusto quam. Nisi id molestiae explicabo dolores officia praesentium et. Aliquam eveniet quia voluptatem perspiciatis.','1998-06-10 08:28:10'),(662,62,2,'Qui qui quo quia corrupti. In est qui nesciunt ut. Pariatur et eveniet aut.','1984-05-09 20:21:09'),(663,63,3,'Qui ea voluptate et incidunt quis dolorem. Quam iste qui quisquam ratione. Hic vero voluptatem quas est ex repellendus totam.','2004-03-15 23:23:16'),(664,64,4,'Rerum sit et esse id. Voluptatem veniam quisquam nam dolor quia.','1990-08-08 17:11:12'),(665,65,5,'Optio qui ut ad et. Veritatis velit quisquam vero quia nostrum deleniti natus. Esse assumenda totam aut eveniet voluptatem illum architecto. Voluptatem id ab recusandae odit architecto.','1987-04-05 01:42:43'),(666,66,6,'Dicta et veritatis quam omnis in assumenda. Consequatur repellat ut ipsa qui occaecati quaerat. Dignissimos perspiciatis quos sapiente.','1993-06-30 03:18:20'),(667,67,7,'Beatae incidunt est quae qui ab hic ut. Accusamus sit cum sit dolores hic illo. Rerum ut qui tempora rerum quibusdam aperiam. Tempora tenetur aliquam vitae doloremque nam quo.','1999-04-29 15:44:00'),(668,68,8,'Vitae temporibus non sequi accusantium eos. Mollitia rerum facilis cupiditate nam enim. Ut fuga unde tempore nulla ut corrupti id. Dolore natus non est id.','1985-10-02 02:34:13'),(669,69,9,'Qui placeat quia aperiam at qui totam delectus. Molestiae non dolorem non. Laborum excepturi distinctio laboriosam quia qui placeat. Totam aut quo amet non eveniet in.','2008-04-28 03:37:15'),(670,70,10,'Similique molestiae voluptatem atque omnis et. Est quos ipsam aut aut maxime facere. Et et necessitatibus consectetur consequatur ex at.','1999-12-17 15:36:14'),(671,71,11,'Consequuntur deleniti eum voluptatem ut explicabo sint. Ut ut laudantium tempore ea et pariatur. Nulla aspernatur voluptatem natus.','1978-05-21 09:38:34'),(672,72,12,'Facere eius ea consectetur earum et nobis est. Id ipsam ut praesentium expedita iste quis.','1997-03-02 19:58:59'),(673,73,13,'Aperiam quis voluptatum dolorem et accusamus et non. Id placeat nostrum dolor et fugiat. Facilis et nisi accusantium fuga eum. Eveniet aliquam rerum odit.','1985-06-09 13:03:01'),(674,74,14,'Provident perferendis et modi quaerat omnis. Non hic aut ea voluptates. Et quia maxime eum eum modi quis qui.','2011-03-07 11:24:43'),(675,75,15,'Vel et eligendi et aut nesciunt. Modi nobis at dolorum tempora. Et aut earum velit consectetur ratione.','1974-06-04 09:32:48'),(676,76,1,'Aperiam est dolorem laudantium sit sit in. Cupiditate minus a doloribus perspiciatis quam maxime nisi. Sit et quam nostrum et dolores.','2007-08-11 23:35:55'),(677,77,2,'Voluptate consectetur voluptatem iste autem dolores autem. Rerum at sed temporibus. Rerum iusto voluptas occaecati dolor iusto nihil id.','2020-09-16 08:57:54'),(678,78,3,'Rerum voluptas sunt sed ullam tempore est nesciunt. Repellendus cumque ipsa voluptatibus quia ipsum. In beatae nam dicta unde architecto et aut sapiente.','1974-10-07 16:24:51'),(679,79,4,'Tempora totam quisquam beatae. Corporis sint officiis maxime temporibus exercitationem autem quod asperiores. Ipsa numquam dolor aliquam dicta deleniti magnam ducimus quibusdam. Dolores voluptatem minus et vel quos eius maiores.','2013-06-04 17:05:06'),(680,80,5,'Porro repellendus sint eaque error. Ipsam nobis eveniet voluptas nihil ut voluptatem harum. Dolorem veniam deleniti aperiam est quidem nulla architecto. Omnis fugiat maxime est voluptate facere corporis temporibus.','2021-03-22 12:50:53'),(681,81,6,'Provident repellat fugit soluta asperiores qui ipsum necessitatibus. Libero nulla et animi vel distinctio dolores. Quos quo in iure id ut reprehenderit in.','2016-09-28 21:15:16'),(682,82,7,'Dolore in quas et autem aperiam velit. Nesciunt veritatis assumenda necessitatibus aspernatur voluptas officia eum ducimus. Minima sint exercitationem tenetur qui ipsam doloribus quia. Autem ut omnis adipisci illo quos molestiae. Quia consequatur rem ut voluptatem quod quia sapiente ea.','1988-11-22 10:29:48'),(683,83,8,'Voluptas sequi alias quod facilis porro. Earum cum quos consequuntur eum. Et aut quae et. Sit deserunt facere ut molestiae.','2020-12-20 18:08:51'),(684,84,9,'Quidem qui pariatur sapiente a atque itaque voluptatibus. Voluptate non asperiores sapiente voluptatum voluptates. Beatae culpa magnam sed. Omnis est cupiditate eos harum accusamus.','1980-09-07 00:23:05'),(685,85,10,'Consequatur ea porro accusantium autem vero et qui. Sit quis omnis tempora vel veniam exercitationem quaerat unde. Iure culpa expedita maxime natus eos qui ab officiis.','1992-12-21 09:38:37'),(686,86,11,'Eaque deleniti quasi aut tempora. Doloribus saepe ut iure qui. Doloribus alias vel fugit aliquid dolore numquam. Sint eos vel impedit debitis ut enim.','1998-10-01 12:03:31'),(687,87,12,'Non ipsam mollitia doloremque nobis corporis sint. Iure accusamus temporibus libero nesciunt. Dolores consequuntur aliquid quia dignissimos. Deleniti error necessitatibus voluptatem modi est.','1998-06-09 03:47:02'),(688,88,13,'Repudiandae mollitia eligendi velit dolorem eos autem qui totam. Voluptas velit dignissimos vel esse voluptatem. Nihil explicabo quis quo necessitatibus et praesentium.','1982-02-09 19:46:59'),(689,89,14,'Ratione corporis inventore alias sit aspernatur ut. Iusto omnis et numquam ullam doloremque temporibus magni. Blanditiis impedit ut at illum consectetur.','2009-11-15 20:47:44'),(690,90,15,'Et quo omnis illo quia suscipit. A veritatis est necessitatibus dolor voluptatem voluptatem ex. Incidunt ut consectetur natus aspernatur ut.','2013-04-05 02:31:27'),(691,91,1,'Quasi autem laboriosam ad cumque asperiores est. Omnis perferendis quos molestiae quia. Ea nulla accusantium aliquid rerum sint voluptatibus. Culpa consequatur voluptatem hic adipisci.','1972-06-29 21:42:48'),(692,92,2,'Laboriosam natus veniam odit omnis. Libero eos suscipit totam aliquid hic sequi. Est dolorum velit molestias quas est unde ullam.','1976-06-06 13:39:40'),(693,93,3,'Molestias ratione recusandae et iusto quia ipsam. Excepturi aut autem incidunt omnis sunt quia. Architecto corrupti sit ab odit. Voluptatum est sed ad iure amet laborum reiciendis.','1995-03-21 01:56:30'),(694,94,4,'Eos saepe aut nostrum minima. Rerum ipsa voluptatibus eveniet natus aspernatur recusandae. Molestiae et rerum tempora quia explicabo ex totam.','2018-10-13 01:45:36'),(695,95,5,'Maxime aut ratione veritatis. Nihil sunt est natus sit cum. Ut non soluta ea dolorem aut qui.','2012-09-26 20:29:28'),(696,96,6,'Qui officia non rerum nostrum quia. Voluptas et voluptatem magni quos eos. Omnis et aspernatur sed voluptatem quia pariatur.','1972-01-05 01:21:57'),(697,97,7,'Sunt nulla omnis harum aperiam quos vel eum. Ut aspernatur occaecati placeat inventore pariatur. Ipsam illo sit voluptatem numquam impedit iure. In nam et sit reprehenderit quia pariatur esse.','1976-09-27 15:50:56'),(698,98,8,'Et aspernatur atque a adipisci et pariatur. Amet autem harum ipsam est deserunt qui. Aut doloremque repudiandae in nulla minus omnis. At labore molestiae non earum qui consequatur nobis molestiae.','1986-11-09 04:48:17'),(699,99,9,'Illo qui blanditiis ad modi in velit nam quas. Temporibus est dicta tempore ut ut sit. Ipsam distinctio natus quia aut qui vel. Unde magnam blanditiis enim.','2000-02-01 13:59:55'),(700,100,10,'Distinctio sapiente excepturi enim est dignissimos ab consequatur. Dolor enim est ipsam magnam. Inventore eos nostrum alias impedit illo aut.','1972-11-30 00:04:56'),(701,1,11,'Dolor ut et debitis. Corporis voluptatem praesentium mollitia consectetur iusto dolorem quo. Quas esse eum earum consequatur. Voluptas vero eum in neque alias qui sunt. Minima asperiores et quisquam et occaecati.','2019-11-20 02:18:16'),(702,2,12,'Pariatur quaerat illum minima totam ut sint. Minus ut nesciunt quaerat voluptas incidunt sequi ex. Adipisci ut fugiat magnam sint corporis qui. Asperiores quaerat asperiores delectus ea velit qui.','1997-03-31 13:30:10'),(703,3,13,'Quos ut itaque corporis facere. Eos ullam veritatis sunt qui dolor fuga. Deleniti ex et et distinctio animi iusto. Temporibus nobis eius magni dolores.','2016-09-17 09:16:06'),(704,4,14,'Inventore sunt vitae temporibus consectetur. Mollitia facere modi minus alias reiciendis animi. Sit molestiae porro voluptas aut debitis sit reiciendis. Nostrum iure at et sit.','2000-02-11 13:33:10'),(705,5,15,'Laudantium praesentium ea accusantium consequatur reiciendis cum a a. Voluptas ipsa omnis ipsa reprehenderit accusamus et sunt. Ratione voluptatem non ipsa sint. Assumenda quia laborum debitis.','1978-08-14 08:51:19'),(706,6,1,'Vero saepe molestiae quaerat non beatae. Porro fugit vel explicabo dolor. Voluptas quae omnis ipsam non sunt et. Qui animi maiores dolorem fuga quia.','1989-11-05 04:25:33'),(707,7,2,'Nobis molestiae sed vel et impedit culpa. In rerum voluptas fugiat nemo dolores. Voluptas consequatur molestias repudiandae. Sed rem maxime quaerat animi cum quibusdam delectus ducimus.','2019-03-31 10:07:49'),(708,8,3,'Libero nihil suscipit doloremque atque. Sint consequatur non non fugiat nesciunt aspernatur. Non qui velit vero cumque.','1981-08-16 17:44:52'),(709,9,4,'Cupiditate eligendi et labore expedita. Non eveniet hic qui nisi. Dolor aut cupiditate sint et enim. Qui eum non voluptatum et.','1986-08-10 22:45:47'),(710,10,5,'Adipisci consequuntur eius et maiores molestiae alias ut. Quidem delectus porro et facilis quis eum vel. Quas quos architecto voluptatum et sapiente ut laudantium qui. Voluptas consectetur repellat pariatur beatae quia qui. Voluptatem placeat consequatur beatae velit.','2001-04-24 01:19:06'),(711,11,6,'Quibusdam iure dolores quas qui doloribus qui. Corrupti harum sunt error harum. Consequatur et eos pariatur repellat quae. Distinctio cumque reiciendis qui voluptatum.','2001-04-18 01:45:25'),(712,12,7,'Dolorum officiis harum eum molestiae reiciendis exercitationem dolores. Nemo ex sunt alias et consectetur voluptatem sunt et. Hic ipsa voluptas commodi rem molestiae cum aliquid.','2019-02-03 20:23:33'),(713,13,8,'Consequatur et officiis officia. Et culpa nulla et inventore sequi libero. Sit consequuntur tempore laborum magnam suscipit omnis doloremque.','1972-10-09 03:42:21'),(714,14,9,'Dolore necessitatibus magnam laborum consequatur distinctio. Possimus repellat voluptate unde delectus. Iusto reiciendis saepe consequatur dolores voluptatem ullam.','2009-10-02 08:24:20'),(715,15,10,'Fugiat rerum sunt quis consequatur in. Sit nihil vel eligendi omnis. Voluptatem ducimus aut doloremque cum beatae voluptatum. Eos eum quidem velit voluptatibus.','2006-01-28 01:13:52'),(716,16,11,'Quod assumenda fugiat doloribus consequatur et. Sit cupiditate eligendi temporibus sunt omnis veniam. Fuga necessitatibus soluta consequatur inventore. Nulla repellendus aut libero alias est.','2009-02-14 16:21:05'),(717,17,12,'Quidem magnam dolorem aspernatur ullam quis minima nihil. Quam quos quia qui eos dolores ut voluptatem reiciendis. Sit nihil eum et similique fugiat voluptatem et.','2009-04-25 21:55:35'),(718,18,13,'Veniam qui eum impedit. Quia praesentium culpa rerum eveniet. Non nemo in sequi rerum vitae omnis. Aut quas tenetur est voluptatem sit ipsum rerum.','2012-07-29 11:16:57'),(719,19,14,'Perferendis quas ut debitis ut praesentium sint voluptas corrupti. Laudantium voluptatibus occaecati officiis. Distinctio ab nostrum sunt quis praesentium aliquid voluptatibus. Eius doloribus blanditiis ut inventore voluptatem.','2020-05-22 01:07:12'),(720,20,15,'Nesciunt ut ut in atque recusandae distinctio qui. Itaque voluptates sed animi id iure dolorem aperiam. Asperiores rem quam aspernatur adipisci nulla distinctio officiis necessitatibus. Dignissimos et quos amet quos porro quo.','1977-06-16 10:33:43'),(721,21,1,'Quia debitis commodi suscipit rerum similique. Et placeat animi recusandae quis. Qui illo fugiat illo expedita tempora est sint dolorum.','1982-07-19 11:00:02'),(722,22,2,'Quis eum eaque numquam dignissimos dolor. Cum libero illo consequatur repudiandae rem dolor sint. Saepe soluta nulla consequuntur. Dolorum deleniti minima maiores est qui.','1991-11-17 22:29:18'),(723,23,3,'Occaecati occaecati et ipsum. Aut voluptate accusantium maiores est deserunt. Est non placeat vel eos sed.','2009-02-02 10:56:27'),(724,24,4,'Minima nulla magni dolore sit eos soluta minima repellat. Est dolorem mollitia esse unde occaecati rerum. Adipisci quod placeat in repellat dolorem ab. Provident fugiat eveniet laboriosam nam illo iure.','2015-12-24 21:45:07'),(725,25,5,'Illum consequatur nulla illo cumque aut porro. Et in fugiat sit veritatis optio eius et. Consequatur alias sed consequatur sed quod.','1970-12-26 05:02:10'),(726,26,6,'Modi debitis quia et eligendi tenetur autem. Corporis perferendis perferendis est sint sint exercitationem distinctio. Qui voluptas adipisci amet numquam qui ut sed ab.','2009-04-22 17:33:39'),(727,27,7,'Tenetur neque omnis aliquam nihil quo. Modi dolorem voluptatem dolor velit praesentium modi voluptatum nobis. Et sint nostrum vel consequatur. Voluptas soluta ut sit a.','1989-04-21 17:47:01'),(728,28,8,'Quos consectetur ut maiores consequatur rerum in culpa. Nam sapiente mollitia eum sit fugit consequatur. Occaecati tempore nostrum dolores aperiam quo natus excepturi. Occaecati cumque eius voluptas sequi voluptatum.','2008-03-10 18:27:44'),(729,29,9,'Tenetur voluptas nesciunt unde nihil harum ut. Aut omnis velit vel mollitia quis. Quaerat ex aut laudantium aliquam occaecati rerum praesentium.','2015-10-18 15:55:58'),(730,30,10,'Dolorum et qui ut. Qui optio dolores minima labore. Repudiandae nulla porro sint vel sint.','1985-10-21 23:15:59'),(731,31,11,'Vel omnis inventore ut ut fugit et aliquid. Nemo occaecati quasi dolorem quia voluptatem. Dolor eveniet distinctio ut voluptas sunt.','2010-12-16 00:43:51'),(732,32,12,'Consequuntur consequuntur consequatur ipsam ad neque neque. Excepturi quidem dolores aut corporis sed et ipsa ut. Architecto animi voluptatibus quas dolore.','2013-08-27 00:16:12'),(733,33,13,'Laboriosam commodi vitae sint in. Distinctio nisi repellendus ipsam reprehenderit suscipit. Rem eaque libero non nisi sapiente et. Omnis dolor qui quo delectus.','1992-10-13 18:21:05'),(734,34,14,'Quidem possimus cumque iste eveniet qui vel iusto. Et et natus repellendus sint. Culpa vel officia soluta. Facere et quisquam nostrum saepe.','1973-04-02 23:07:01'),(735,35,15,'Minus quia unde ab quos saepe. Sint suscipit rerum aut sed voluptatem quam consequuntur. Odit tenetur facere qui et est officia expedita. In eos ducimus fuga iste doloremque adipisci pariatur.','2009-08-13 07:19:25'),(736,36,1,'Dolor sit esse sit tenetur. Totam sit odio accusantium voluptas voluptatem voluptatibus voluptas. Vel velit ducimus quisquam qui odit.','1982-03-03 14:46:52'),(737,37,2,'Quo sapiente inventore non et sed. Debitis dolores dolorum magni et. Quo adipisci cum quis quidem est in quis.','1985-09-06 02:42:37'),(738,38,3,'Inventore voluptatem voluptas aut error ratione iure est. Sit eius voluptatem et ullam rerum. Vitae deserunt odio quo. Magni id repellendus nam rerum quo vel.','2008-08-30 08:15:00'),(739,39,4,'Illo commodi nisi totam asperiores suscipit. Quae aut pariatur consequatur harum totam occaecati vel.','1998-04-20 10:46:08'),(740,40,5,'Nihil vel aut et vero fugit aut incidunt ea. Exercitationem quas doloribus illo voluptas pariatur velit id qui. Inventore deserunt est est aut eius.','1986-05-15 07:56:31'),(741,41,6,'Commodi et non dicta magnam architecto. Omnis officia aut doloremque illum vel doloremque incidunt. Quia odio assumenda labore enim ipsa ut itaque. Nam et consectetur provident quia magni.','2021-04-12 14:56:08'),(742,42,7,'Qui voluptatum rerum aut nesciunt est voluptas. Dolore quis alias et dolorem. Accusamus libero et commodi aliquam ducimus ad.','1977-10-25 14:58:13'),(743,43,8,'Sapiente praesentium non officia assumenda. Eveniet porro ad maiores sit sed doloribus. Quod voluptas sapiente rerum expedita placeat. Temporibus sed molestiae distinctio et aspernatur sequi.','1997-12-05 22:40:32'),(744,44,9,'Magni voluptatem veritatis corrupti sed. Sunt est perferendis quo ducimus impedit. Ex vitae dicta illo error numquam.','1976-02-19 01:45:59'),(745,45,10,'Similique ut recusandae id atque nihil delectus dicta. Facere illo ut cupiditate. Eius similique corrupti et eos laborum.','1973-12-09 08:44:45'),(746,46,11,'Ex vero doloremque repellat accusamus repellat fugit unde. Vitae ut necessitatibus quasi ut maxime qui veniam. Debitis nihil voluptas consequatur quasi id tenetur ea.','1990-10-02 03:08:31'),(747,47,12,'Doloremque sit ab sint dolore aut nihil velit. Incidunt eum ipsa qui. Ratione et est beatae a corrupti eius dolorum.','1971-08-27 16:51:30'),(748,48,13,'Quae dolorem unde numquam quidem laborum. Quidem ad velit expedita neque. Est nisi et saepe ea. Corrupti saepe ut magni rem.','1977-12-25 10:21:03'),(749,49,14,'Temporibus molestiae et odio. Laudantium dolores asperiores voluptatem harum. At odio autem accusantium et dolorem ut neque.','2017-08-05 08:05:35'),(750,50,15,'Officia illo unde cumque incidunt. Eum suscipit dolor et nemo voluptas incidunt. Facilis totam aspernatur qui sint corporis iure.','2011-10-03 14:30:03'),(751,51,1,'Reiciendis sit error ea corporis. Quos provident exercitationem ut. Temporibus dolores aut sunt debitis ut. Cumque autem vitae aut iusto nemo sunt.','1996-12-19 17:32:06'),(752,52,2,'Accusantium nam rerum expedita non corrupti. Fugit ducimus commodi nemo maxime amet aperiam placeat. Dolorem quas vel rerum.','1977-12-01 20:36:45'),(753,53,3,'Suscipit rerum amet laborum quam fugit aut. Quia iste error rem neque dolor. Dolores itaque id tempore non occaecati quidem eos qui.','1975-02-15 16:38:31'),(754,54,4,'Tenetur quia suscipit quidem qui nihil quaerat. In est eum sint explicabo qui aut. Ex aut non quae dolores est.','1990-12-13 12:44:26'),(755,55,5,'Voluptates quo repellat doloremque. A architecto nulla tempora culpa. Aliquam et omnis eum doloribus et quam.','1989-11-23 17:39:58'),(756,56,6,'Quam saepe explicabo adipisci et dolorem. Vitae quia fuga voluptatem quia rerum. Quod laboriosam aut voluptas necessitatibus repudiandae sed. Beatae esse molestiae suscipit alias aperiam in.','2003-12-16 17:31:01'),(757,57,7,'Distinctio dolorum et est eos. Quia aliquid non est voluptas ratione adipisci. Commodi ut eius eaque quia ut.','1972-05-20 22:42:58'),(758,58,8,'Qui dignissimos ad eos ipsam. Sint est rerum perferendis ratione.','1992-09-04 11:58:23'),(759,59,9,'Earum corrupti ducimus consequuntur maxime. Adipisci asperiores illo ut in perspiciatis magnam sequi dicta. Saepe suscipit cum aliquam nihil. Enim iusto ipsam fugit dolores aperiam facere.','1985-09-19 02:20:47'),(760,60,10,'Aperiam qui eum consequatur deserunt blanditiis qui veniam. Doloremque ipsa in accusantium nihil. Mollitia fugiat unde nihil et quos saepe.','1972-09-16 16:25:53'),(761,61,11,'Aperiam numquam tempore ut. Et aliquid dicta beatae exercitationem omnis. Dolorem voluptatibus officia autem veritatis minima. Laboriosam tenetur qui quo qui.','2010-07-05 00:42:25'),(762,62,12,'Omnis doloribus ea commodi recusandae commodi nam ullam. Beatae facilis ut voluptas et quis dolorem qui excepturi. Eius est architecto consequuntur neque. At officiis impedit possimus consequatur sit recusandae. Ea fuga sit fugiat iusto nulla repudiandae ut.','1983-04-20 22:13:44'),(763,63,13,'Ea et excepturi sit facilis rem dolores dolor illum. Voluptatem quis commodi omnis dolorem. Doloremque tenetur porro tenetur nobis et fuga. Optio nihil magnam et ea est voluptatibus ipsum velit.','1987-08-02 07:00:40'),(764,64,14,'Amet eum et voluptatem praesentium corporis sunt. Enim possimus occaecati dolore mollitia earum. Perferendis consequuntur quam optio optio.','2002-04-23 21:52:28'),(765,65,15,'Libero distinctio et itaque facere et. Fugiat sint modi optio maxime consequuntur nobis quibusdam eos. Tenetur aperiam est qui expedita quia eveniet dignissimos. Numquam odio distinctio et.','2006-07-23 11:27:51'),(766,66,1,'Cum reprehenderit occaecati asperiores repudiandae quia omnis architecto. Omnis est et cupiditate voluptatem. Sed est tempore quia. Incidunt et cumque similique.','1982-05-24 09:39:33'),(767,67,2,'Consequatur eveniet numquam sit tempora quia aliquid sit. Ratione qui aut laborum repudiandae commodi. Quae sit dolorem explicabo dolorem.','2003-10-31 18:15:26'),(768,68,3,'Nam dolor perferendis quam commodi. Ex et corporis eos quia animi laboriosam. Esse debitis aut unde et ab quidem ut.','1983-07-27 17:12:43'),(769,69,4,'Corporis veniam non eveniet cumque. Et qui natus earum culpa. Numquam itaque non aut non ut qui. Sint odio reiciendis qui enim cumque atque.','1973-07-02 11:17:22'),(770,70,5,'Harum cumque libero eum minima est nesciunt qui. Doloremque iusto delectus aut repudiandae. Est dicta eum iste dolor consectetur. Molestias nemo rerum qui dolorum.','2013-03-24 16:15:20'),(771,71,6,'Veritatis laborum omnis dignissimos consectetur eum totam ad. Reprehenderit sint delectus rerum sit minima. Quod dolorem tenetur ex enim dolor autem qui.','1998-01-05 13:14:38'),(772,72,7,'Magnam voluptate quam molestiae maiores iste quas fugit eos. Voluptates id ipsam dolore ex voluptatem recusandae magni. Facilis pariatur voluptatem porro doloribus.','2006-02-03 22:45:35'),(773,73,8,'Eos explicabo provident itaque. Aut expedita quis est adipisci explicabo similique. Aut voluptatum aut ut voluptate maiores excepturi. Vel aliquam sunt provident est. Non sint recusandae corporis sit.','2018-07-21 14:05:45'),(774,74,9,'Dolores explicabo explicabo voluptatum accusamus perspiciatis nobis rerum. Modi similique dolores reiciendis eum consectetur omnis. Magni qui provident voluptas consequuntur soluta voluptatem.','2019-06-19 07:27:26'),(775,75,10,'Recusandae architecto deserunt delectus molestiae cum amet ut. Sed fugit est culpa autem dolor. Tempore fugit natus eaque ea ex voluptatem. Mollitia animi laborum sed occaecati inventore.','2009-09-27 09:29:09'),(776,76,11,'Pariatur qui aspernatur culpa sunt. Cumque aut explicabo placeat. Nulla sed sunt quisquam neque ab iusto recusandae quos.','1980-07-20 05:25:24'),(777,77,12,'Suscipit libero perspiciatis provident reprehenderit nemo. Error eveniet quia rerum blanditiis animi quis.','2016-08-05 17:21:14'),(778,78,13,'Et asperiores dolorum minima ipsum veniam quaerat asperiores commodi. Et unde ipsum voluptatem facere rerum recusandae distinctio et. Consequuntur officia aliquam consequatur sit et. Voluptatibus ea eaque aut ut.','1978-10-02 23:28:12'),(779,79,14,'Recusandae ut fuga sed. Aut eos voluptates culpa nesciunt. Minus quaerat blanditiis nemo magnam alias quis velit. Dolor facere perspiciatis ut itaque hic dignissimos laudantium.','1974-06-16 01:52:41'),(780,80,15,'Autem maiores explicabo exercitationem voluptas. Qui sint incidunt laudantium sunt. Quia rerum corrupti sit omnis nostrum.','2003-03-24 22:36:39'),(781,81,1,'Eveniet et doloremque dolor ut quod. Itaque architecto soluta et incidunt dolor suscipit. Porro consectetur aliquid eos magnam esse repellendus eaque.','2001-06-23 11:36:25'),(782,82,2,'Esse est quia tempore vitae. Odit saepe tempore vel occaecati. Consequatur rerum aut quia id debitis.','2007-11-02 10:52:48'),(783,83,3,'Sint voluptates eum alias eum vel pariatur. Et ex sit qui eum dolorem quam excepturi qui.','2003-11-15 01:11:43'),(784,84,4,'Fuga odio amet itaque eos natus. Vitae optio magni sed soluta accusamus consequuntur autem nisi. Maiores temporibus asperiores nesciunt nihil similique consequuntur.','1992-08-10 21:52:15'),(785,85,5,'Quam delectus est et itaque rem quae provident. Explicabo nostrum rerum amet non libero et. Enim qui quia sunt animi magni eum.','1992-12-04 09:02:33'),(786,86,6,'Amet nemo qui et. Nobis laborum voluptatem sunt nihil quis laudantium iure. Cum tempora quia et at sapiente in et.','1991-08-18 18:26:30'),(787,87,7,'Praesentium eum quo excepturi fugit alias molestiae. Et omnis voluptatum veritatis enim occaecati explicabo. Est beatae recusandae qui voluptatem quidem in omnis.','2011-01-09 04:13:25'),(788,88,8,'Quis saepe consequuntur veniam. Eveniet harum totam sed eius illum. Et consequuntur voluptatum voluptate reprehenderit. Explicabo consequuntur aliquam laboriosam.','2005-04-23 09:44:26'),(789,89,9,'Et minus tenetur voluptas nulla soluta corporis ut nisi. Esse quia enim et ut necessitatibus ut nobis. Modi et est officiis quia. Optio amet sunt iste laborum est eligendi.','1972-05-11 03:39:03'),(790,90,10,'Corrupti excepturi saepe iste cumque. Enim quo eligendi voluptatem quidem. Est qui voluptatum quo.','1977-03-05 17:23:22'),(791,91,11,'Voluptates soluta culpa est rerum nulla. Accusamus sit quasi cumque modi et reprehenderit quia animi. Harum itaque animi qui. Alias dicta eius consequatur quod animi. Ex rerum sit cum deserunt et autem sed.','1997-08-22 00:00:00'),(792,92,12,'Et quia laboriosam repellat assumenda. Voluptatum ad quaerat quas quisquam ab nam. Ipsa eum sint suscipit itaque perferendis aperiam. Suscipit deserunt accusantium non cumque dolorum. Sed fugiat quia perferendis facilis error.','1998-12-15 01:53:54'),(793,93,13,'Beatae error in accusamus quod quaerat laborum rerum voluptatem. Maxime corporis cum facere. Perferendis omnis accusamus sunt fuga nostrum facere temporibus.','2006-04-12 10:39:40'),(794,94,14,'Asperiores quas nulla et magni libero voluptate. Quis sit tenetur quia dignissimos. Similique voluptas qui iusto quia placeat voluptatibus eos. Omnis eaque sit laboriosam amet omnis repellat.','1977-04-09 06:11:18'),(795,95,15,'Ut cumque aperiam consequatur ut hic iusto possimus. Facere architecto exercitationem illo deserunt. Similique atque asperiores eum temporibus. Perferendis nobis vel fuga debitis. Quod officia reiciendis ex.','2008-11-20 05:28:37'),(796,96,1,'Autem rerum sint est et voluptatibus animi atque. Ipsam omnis alias ab quae aut quos vel minima. Aut ipsam incidunt amet sit minima praesentium perferendis et. Consequatur provident velit occaecati quis eveniet rem.','1995-03-17 07:27:11'),(797,97,2,'Voluptate et nihil labore. Saepe omnis aut sapiente dicta ipsa deserunt beatae non. Fugit temporibus facere at provident culpa.','1977-11-18 00:40:07'),(798,98,3,'A consequatur reiciendis enim officia et corrupti illo. Est incidunt rerum iste numquam perferendis. Occaecati eos et consectetur eveniet id. Inventore provident earum quis qui qui.','2017-04-06 02:08:52'),(799,99,4,'Odit perferendis non dolor. Natus sit voluptates voluptatem asperiores. Mollitia voluptatibus libero aut doloribus neque.','1973-07-08 00:57:29'),(800,100,5,'Alias deleniti reprehenderit fugit placeat harum qui est. Aut molestias nemo qui. Id harum iste provident consequatur. Sequi quidem omnis et reprehenderit fugit dicta aut ea.','1981-07-05 21:07:39'),(801,1,6,'Voluptas perferendis magni et eaque. Non et fugiat distinctio et quos consequatur consectetur. Provident odit eos voluptas sed. Ut harum voluptatibus aut possimus.','2013-07-02 18:03:07'),(802,2,7,'Cupiditate hic adipisci vitae saepe consequuntur delectus sapiente. Dolorum harum iste fugit eius dignissimos voluptas id. Omnis nostrum sed voluptatem rem sit itaque. Inventore neque veniam voluptates voluptatem ad non.','1983-09-20 16:49:31'),(803,3,8,'Vitae omnis repellat vero dolores. Qui suscipit sit dolorum doloribus tempore quasi quia. Nam qui deleniti a voluptas necessitatibus minus. Illum ipsam sunt molestiae aut.','1993-12-24 17:57:03'),(804,4,9,'Qui et molestiae quod quis hic eum tenetur. Maiores qui sunt qui velit magnam qui voluptas. A est officia aperiam. Perspiciatis repellat neque consequatur ut qui molestiae sint. Eum consequatur laboriosam et alias placeat asperiores qui.','1999-05-08 02:01:38'),(805,5,10,'Id labore fugiat molestiae architecto quasi. Nihil laudantium mollitia maxime doloribus atque. Eos nobis nemo mollitia tempora. Voluptas eligendi ut molestias consequatur culpa ut.','1970-04-25 09:13:19'),(806,6,11,'Accusamus voluptatem corporis quisquam. Placeat et iusto voluptatum. Dignissimos earum sed at accusamus possimus pariatur omnis et.','2005-01-17 18:04:10'),(807,7,12,'Possimus quae omnis molestiae vel ipsa non necessitatibus beatae. Harum laudantium ratione inventore eligendi est quia occaecati. Molestiae magnam veritatis tenetur optio totam ut.','1970-09-15 23:47:26'),(808,8,13,'Aut et eaque quo fugit esse. Ut voluptatem odio sed perferendis quis. Quia in dolore velit quo rerum omnis consequatur. Sed sed rerum voluptatem excepturi non. Ea nihil aut qui non error sunt.','1989-06-05 14:00:50'),(809,9,14,'Nobis officia quia minus libero delectus delectus minima nam. Et quia sunt distinctio eveniet fugiat ipsam. Distinctio iusto voluptatibus qui doloribus consectetur sed.','2005-04-12 08:19:52'),(810,10,15,'Est numquam quae facere saepe dolor illum. Et asperiores voluptatem sit qui nihil eius. Ea qui occaecati non voluptate et. Ducimus maxime dolorem modi.','1981-07-24 21:26:57'),(811,11,1,'Consequuntur omnis sit tenetur molestias. Molestiae sed dolores quas. Harum qui dolores sed temporibus dolorum voluptatem.','2007-11-20 06:13:45'),(812,12,2,'Aut repudiandae voluptates fugiat rerum omnis in ut. Ipsum amet facilis iste qui tempore. Similique consequatur voluptates voluptas sed deleniti alias.','1978-02-14 00:29:36'),(813,13,3,'Fuga reprehenderit ut sint eius dicta consequatur. Culpa pariatur reiciendis sit maxime similique quo. Et sed vel quisquam cupiditate.','1990-04-15 00:53:51'),(814,14,4,'Aut aperiam assumenda pariatur iste eum. Soluta rerum corporis qui totam omnis earum dolorem. Modi fugit dolor accusantium suscipit illum reiciendis dolores. Sint quae quos quasi tempora ut ea.','2013-05-19 18:45:32'),(815,15,5,'Praesentium dolorem excepturi numquam. Sed iste itaque eos unde voluptatem architecto non non. Ea aliquid occaecati ipsa et.','1970-09-25 20:49:01'),(816,16,6,'Autem exercitationem delectus dolorem aut quidem aliquid ipsam sapiente. Error qui eaque qui est et voluptatibus sint. Enim recusandae qui itaque vel magnam suscipit consequuntur.','1979-08-05 10:22:52'),(817,17,7,'Odit quae architecto eius ab exercitationem nihil et. Itaque et aspernatur aut consequatur enim id corrupti in. Exercitationem iure est ut beatae quam.','1971-08-31 20:38:56'),(818,18,8,'Molestiae quidem dicta numquam deserunt. Porro a iure adipisci maxime. Voluptates nemo ut quis nemo illo. Praesentium expedita vel error quis laboriosam. Similique placeat possimus commodi voluptas quo commodi.','1972-04-21 14:55:45'),(819,19,9,'Vel debitis vel qui et eveniet ratione provident placeat. Et sit ad consequatur harum ut asperiores veritatis ab. Fugit provident aut ut saepe accusamus.','2015-03-07 18:10:48'),(820,20,10,'Aperiam dolore quis et veniam placeat corporis quisquam. Ut modi fuga dolorem voluptate adipisci eos tenetur. Voluptas nostrum nihil voluptas non voluptate quia consequatur autem. Rerum dicta praesentium illum voluptas dolorem incidunt.','1983-07-21 08:05:08'),(821,21,11,'Id magnam aut cum ut ipsum libero non nobis. Hic voluptatem et et qui illo mollitia non. Cupiditate hic inventore unde deserunt qui excepturi. Voluptatum dignissimos tenetur quidem excepturi. Nihil id nemo qui.','1975-06-30 17:49:06'),(822,22,12,'Ut debitis natus vel consequuntur et. Doloremque reiciendis blanditiis eos reiciendis tempora maxime beatae. Incidunt a assumenda ad qui quo rerum quod.','1995-04-30 17:50:36'),(823,23,13,'Veniam et voluptatem sed laudantium in aspernatur fugit. Sed rerum corporis corporis. Quo sunt quam quasi ea culpa. Vel et dolorem fuga officiis placeat ipsa aliquam.','2006-04-20 09:10:44'),(824,24,14,'Est corrupti dolorem ducimus dolor est. Illum non blanditiis alias id pariatur et. Soluta impedit enim autem id velit. Rerum necessitatibus dolorum soluta consequatur aperiam. Et alias quia nostrum sunt officia reiciendis.','2018-04-15 19:59:14'),(825,25,15,'Velit rerum culpa repudiandae nihil ab in. Praesentium veniam omnis dicta.','1998-05-17 10:04:04'),(826,26,1,'Aut perspiciatis autem pariatur quasi ipsum. Ea et perspiciatis dicta quod illo. Animi ullam laborum quo cumque.','2014-09-01 08:53:50'),(827,27,2,'Eligendi et quos nihil fuga libero accusamus est hic. In error quis eos voluptatem ratione sint praesentium. Id qui perspiciatis harum dolorum iusto nostrum minus.','2021-03-10 14:45:38'),(828,28,3,'Quia autem harum ratione doloribus aut dolor maxime. Nihil est rerum nemo earum. Assumenda est et magnam quas sequi commodi ut voluptatem.','1977-09-12 08:57:20'),(829,29,4,'Sit sit quia optio aut sint. Perferendis odit voluptas dignissimos nihil ut expedita. Qui delectus et in.','1987-06-24 10:28:46'),(830,30,5,'Voluptatum ea ducimus est et suscipit recusandae. Error qui exercitationem omnis assumenda ullam.','2000-01-05 14:49:14'),(831,31,6,'Cupiditate sunt neque qui voluptatem ut rem iure autem. Maxime ipsa omnis rerum illo alias totam. Praesentium iste facilis voluptas nostrum dolorem odit corrupti.','1997-12-05 02:53:51'),(832,32,7,'Qui occaecati et voluptate eveniet vel. Et molestiae voluptatum iste hic illum. Sed optio consequatur quis placeat inventore. Consectetur nemo nesciunt expedita enim.','1971-05-16 08:12:31'),(833,33,8,'Rem dolorum sed impedit perspiciatis aut iusto consequatur. Cumque porro sint velit nostrum. Soluta eum exercitationem voluptate quam ipsam a.','2018-02-17 04:04:48'),(834,34,9,'Recusandae aspernatur iusto facilis aut. Ex perspiciatis molestias iure rem. Omnis occaecati delectus porro dolorem vitae sapiente consequatur non.','1979-09-12 08:04:17'),(835,35,10,'Voluptas aut aliquam neque corporis consequuntur voluptatem corporis. Inventore modi sapiente eum facilis. Ex nostrum suscipit explicabo veritatis.','2002-12-14 04:59:36'),(836,36,11,'Cum distinctio atque repellat. Autem totam ut aut. Odio molestiae aut illum consequatur illo qui fugiat. Deserunt enim dolor placeat voluptatem impedit accusantium.','1981-11-10 15:01:28'),(837,37,12,'Blanditiis explicabo sit enim suscipit sint nulla enim. Voluptatem fuga deleniti voluptatem autem nam. Earum impedit tempore et tempora. Optio ut qui consequatur eum illo molestiae ex.','1984-07-29 15:29:56'),(838,38,13,'Perspiciatis est temporibus distinctio deserunt dolorum quo minima. Aliquid sed incidunt minima. Quisquam voluptatibus quia alias ducimus. Sunt qui expedita tenetur amet ullam voluptas.','1971-04-04 11:11:33'),(839,39,14,'Praesentium consectetur qui non dolorum autem. In quo natus tempore eum sed voluptatem. Dolore perferendis modi repellat vel. Repellendus explicabo non fugiat rerum odit assumenda.','1971-12-04 15:40:38'),(840,40,15,'Aperiam ex cum ea atque expedita. Aut dolorem dicta eligendi et saepe laudantium. Ducimus et non ut explicabo sed aut nesciunt.','1998-08-04 23:18:01'),(841,41,1,'Laborum architecto omnis maiores ut ut molestias. Excepturi optio consequatur architecto officia ut. Corrupti consequatur quia assumenda veniam voluptatum. Eum officia velit omnis.','2015-09-29 03:26:11'),(842,42,2,'Eos sapiente quas in. Occaecati amet dolore corporis laudantium doloremque. Sunt est dolorem non similique quae.','2011-06-15 17:45:46'),(843,43,3,'Doloribus exercitationem aut aspernatur voluptatem ea voluptates. Mollitia atque distinctio aut ratione inventore optio. Facilis voluptatem atque ut accusantium voluptatibus nihil dolor. Perspiciatis adipisci vel labore qui ut architecto neque dolorum. Quasi quis et et sapiente assumenda.','1978-03-27 09:54:45'),(844,44,4,'Laudantium vitae eum mollitia perferendis. Excepturi nam neque explicabo unde. Est debitis ratione et minus voluptate ut praesentium.','2005-09-04 13:16:13'),(845,45,5,'Officia molestias culpa esse repellendus vel voluptatem. Tempora odio maxime nesciunt sed esse voluptatem. Officia beatae nobis ut tenetur velit cum culpa.','1981-05-16 16:48:21'),(846,46,6,'Sint suscipit nisi ratione odit quia ut fuga. Ea autem ut eius. Dolor aut animi quas labore consequatur maiores. Occaecati ullam adipisci sunt nostrum soluta sed omnis.','1989-03-26 05:46:56'),(847,47,7,'Voluptatem reprehenderit natus dolores totam provident. Reiciendis eaque culpa magnam ut earum id ut. Et quam dolorem quis facere sunt.','1992-02-09 18:26:44'),(848,48,8,'Ducimus alias quibusdam molestiae rerum rerum quas. Dignissimos qui quia exercitationem eveniet voluptas. Nihil optio aspernatur eum iure itaque illo.','1978-12-30 10:22:58'),(849,49,9,'Sint assumenda est nemo sapiente. Libero ut iusto nihil porro eius mollitia. Saepe voluptatem sit natus.','1998-07-28 01:26:49'),(850,50,10,'Ut voluptas error accusamus ducimus dolor et vero. Fugit eum corrupti sequi enim beatae est placeat. Explicabo qui cupiditate in sed dicta fuga earum ut. Molestiae amet inventore aut quisquam molestiae voluptas dolore.','2015-06-10 13:26:09'),(851,51,11,'Non quod non quos quia quos aut est. Ipsam voluptatem omnis dolorem qui. Voluptatem et quo debitis omnis.','1980-09-12 16:01:16'),(852,52,12,'Suscipit cum ipsam eos quo nisi cum. Doloremque doloremque in quia eos rerum velit in.','1993-08-20 10:28:25'),(853,53,13,'Rerum vel inventore quidem. Qui sit consequuntur sed sit. Nemo et dolorum placeat cumque.','2018-11-25 13:33:45'),(854,54,14,'Nemo repellat sit atque debitis aut cum. Blanditiis eos alias a non. Laborum optio nobis repudiandae illo cum magnam beatae.','1980-07-10 09:38:03'),(855,55,15,'Nemo rerum hic aperiam rerum est inventore dolor. Facere voluptate vero officia illum consequatur dicta sed. Quo ut quis recusandae aliquam quae. Ea nisi iusto voluptates aut fugiat.','2003-08-26 21:21:41'),(856,56,1,'Dolor fugiat qui dolores nihil fugit id qui. Qui vel quam vero.','1973-03-04 16:10:17'),(857,57,2,'Voluptatum sit deleniti nesciunt sit. Rerum explicabo velit quia odio maiores hic beatae maiores. Qui suscipit et ut. Beatae facilis atque rerum sit aut ab consequatur nihil.','2012-04-26 19:47:19'),(858,58,3,'Doloribus incidunt exercitationem libero quis libero sunt sed excepturi. Occaecati recusandae voluptate modi sed fugiat deleniti earum. In vero quasi sit doloribus saepe. Occaecati rerum tenetur repellat vero. Odit iste et fugiat.','2002-12-07 05:26:37'),(859,59,4,'Reiciendis fugit quo nemo suscipit perferendis iure nulla qui. Qui unde ut tenetur velit culpa.','1981-02-18 03:15:30'),(860,60,5,'Temporibus magni quam qui voluptatem sed mollitia. Et nihil natus iste quia voluptates. Reprehenderit reiciendis harum incidunt repellendus consequuntur rerum. Qui laboriosam doloremque adipisci magni laborum laboriosam.','1978-08-28 09:05:34'),(861,61,6,'Numquam soluta et sit ullam sapiente est nostrum. Incidunt facere autem similique reprehenderit culpa ut ut omnis.','2014-04-10 00:13:40'),(862,62,7,'Laudantium sint ut accusantium ad voluptatem dolorem. Et ipsam expedita architecto enim. Aut veritatis mollitia in similique fugit.','2006-03-25 02:58:44'),(863,63,8,'Omnis commodi necessitatibus delectus qui provident ut non. Architecto labore reprehenderit officia nobis perferendis. Et eum ex cum amet qui quod distinctio. Ratione vel et voluptatem eaque dolor sed laudantium.','2021-01-10 05:40:01'),(864,64,9,'Reiciendis cupiditate unde iste ipsum aliquid exercitationem suscipit. Iure laboriosam qui et qui nemo. Repellendus nisi ut eum aut.','1992-03-09 10:11:23'),(865,65,10,'Et iusto id nisi voluptates quam omnis. Enim incidunt est dignissimos voluptatibus ullam error laborum. Eligendi animi quos corrupti asperiores. Accusantium rerum quasi repellendus rem facilis assumenda eum.','2002-11-06 04:02:24'),(866,66,11,'Labore facilis accusantium quibusdam numquam rerum eligendi ipsum. Labore exercitationem fugit et quas fuga excepturi. Assumenda necessitatibus illo magni. Inventore sint nulla quia eos aperiam. Totam unde velit omnis autem.','1994-12-19 19:35:39'),(867,67,12,'Similique et unde rem ipsam est delectus cum. Libero vel quis nihil cumque facere.','1976-06-03 19:55:13'),(868,68,13,'Numquam qui repellendus asperiores ducimus autem est voluptas consequuntur. Magnam dolores esse nam ex. Nulla ab a in pariatur quo ut dolor.','2016-03-25 01:49:13'),(869,69,14,'Quod id provident nihil dolores culpa harum. Laboriosam deleniti dolore voluptatum adipisci ullam. Odio doloribus et praesentium quis dolorem corrupti. Expedita sint non doloremque nihil laboriosam.','1995-06-03 16:03:30'),(870,70,15,'Omnis soluta officiis molestiae sint quae laborum. Maiores corporis error nesciunt vel amet enim. Et iusto quidem architecto sit esse.','1982-03-06 01:06:23'),(871,71,1,'Et aperiam modi quia quos qui commodi est. Corporis vel dolores vitae iste quia autem similique.','1977-11-21 18:54:20'),(872,72,2,'Tempora nemo non itaque necessitatibus atque soluta accusantium. Illo ratione voluptas possimus dignissimos voluptates vero rerum. Debitis sit nihil autem eos impedit nesciunt dicta.','1990-04-05 20:52:32'),(873,73,3,'Optio odio qui et et mollitia eos. Ipsam dolorem rerum neque tenetur temporibus aut fugit quam. Ut dolorem modi voluptatem repellat voluptatem officiis maxime sapiente. Omnis incidunt distinctio autem eligendi quia et.','1993-06-25 02:23:52'),(874,74,4,'Minus qui sunt provident est earum quidem. Incidunt officia aliquid provident ad harum consequatur. Doloribus dolor suscipit officia.','2016-10-08 02:45:13'),(875,75,5,'Iure necessitatibus ab voluptas enim sunt nostrum omnis. Cumque aut quo hic aut voluptatem id odio. Occaecati omnis tenetur non.','1998-10-05 10:45:14'),(876,76,6,'Cum deleniti consequatur asperiores perferendis maiores eos nulla totam. Quo corrupti possimus minus aut. Suscipit quidem ad omnis quia nemo autem.','2006-04-29 02:20:43'),(877,77,7,'Rerum fugit laudantium dolorum ut quo. Porro eos omnis error. Non ad aut et praesentium.','2021-02-03 17:42:32'),(878,78,8,'Voluptate sed debitis officia sunt neque praesentium. Nostrum iure ipsa mollitia at quia voluptatibus voluptate optio. Sunt veniam est molestias in. Consequuntur temporibus laudantium eos dolorem dolores perferendis. Qui sit fuga necessitatibus eligendi quo iure est.','2003-11-18 18:35:48'),(879,79,9,'Molestiae quas inventore odit nulla doloribus eius. Accusamus perspiciatis voluptatem adipisci incidunt animi et dolore.','1973-10-26 20:21:42'),(880,80,10,'Asperiores autem omnis quibusdam autem et debitis consequatur. Quis aut non fugit nam. Sit qui sed culpa. Consequatur ea tenetur quaerat consequuntur similique laudantium.','2009-11-14 11:22:21'),(881,81,11,'Iste animi ipsum nostrum autem sequi debitis quam voluptatem. Non dolorem qui sint omnis facere fuga ipsam. Porro illo ratione nobis repudiandae sed accusamus. Ut quasi blanditiis suscipit in et animi saepe.','1998-04-17 00:21:22'),(882,82,12,'Sequi accusantium ipsa sed deleniti quia laborum reiciendis. Non voluptatem dolorum est accusamus doloremque reiciendis. Qui velit quibusdam impedit ipsa praesentium eos qui.','1992-05-08 23:49:14'),(883,83,13,'Dolore nostrum quod sed. Neque voluptas odio dicta eos. Quis occaecati consectetur laudantium repellendus architecto accusantium. Numquam modi tempora eos natus. Quos ipsam fugiat totam vel.','2013-10-25 22:39:24'),(884,84,14,'Quia iure nemo enim et cum quos. Eveniet delectus perferendis aperiam a. Facilis magni architecto voluptas blanditiis consequatur. Nihil vero et voluptas.','2004-06-19 06:24:31'),(885,85,15,'Tenetur commodi iste distinctio non. Non quas molestiae repellendus deleniti aperiam. Dolores voluptas consequatur aut incidunt dolore est et.','2020-03-17 14:16:52'),(886,86,1,'Deleniti nesciunt nostrum quisquam fugiat minus labore aut. In expedita nam explicabo fugiat. Dolorum eos quasi sunt aut necessitatibus officia. Assumenda eos impedit laudantium cupiditate quasi delectus. Iure veritatis omnis ipsa consequatur ad sunt.','2011-04-28 23:39:37'),(887,87,2,'Rem quis dignissimos sunt error accusamus voluptatibus dolores nobis. Qui qui quis porro excepturi est maiores. Nobis non officia commodi ratione non sint. Eos id quis quia.','2014-12-10 22:33:03'),(888,88,3,'Quia aliquam quibusdam repudiandae exercitationem corrupti officiis. Quo rerum eos recusandae voluptatem consequuntur qui. Necessitatibus voluptatem sapiente atque praesentium odit. Vitae nobis non accusamus qui et qui.','1995-08-11 08:33:05'),(889,89,4,'Corrupti repellat sapiente et repellendus aut. Expedita in sapiente tempora ut voluptates commodi. Labore maiores ab qui quae.','1983-03-19 13:01:34'),(890,90,5,'Omnis dolorem ea vitae veritatis aperiam autem pariatur. Esse dolorum dolor quas earum quia amet voluptate. Et animi autem dicta nesciunt.','1980-06-07 08:29:51'),(891,91,6,'Ipsum quia omnis sapiente consequatur aperiam. Nulla sit sed sunt et aliquid laborum omnis. Soluta maxime rerum ipsam repudiandae ullam sit ea doloremque. Doloribus fugiat nobis eum provident et.','2018-12-26 16:36:00'),(892,92,7,'Sit minus rem maxime earum atque possimus consequatur. Quo a enim maxime doloremque ut. Expedita enim hic et.','2000-04-15 06:14:56'),(893,93,8,'Recusandae voluptatem asperiores non corporis enim. Voluptate aperiam dolores veritatis officiis temporibus.','1993-01-19 14:49:46'),(894,94,9,'Possimus impedit omnis dolor error eos nesciunt. Veniam et numquam quos iure est sit ipsam eligendi. Blanditiis error et quod doloremque molestiae. Exercitationem voluptatem est eius inventore adipisci dolore quia cumque.','2002-12-21 17:23:50'),(895,95,10,'Voluptatum eum ea quis numquam non. Unde voluptatem in explicabo voluptatibus sed qui odit. Rerum ipsam ab voluptas hic veniam. Qui voluptatem nihil omnis tempore.','1975-04-22 06:00:18'),(896,96,11,'Excepturi mollitia non provident unde expedita rerum. Incidunt corporis nihil numquam sit adipisci.','1994-11-15 16:10:28'),(897,97,12,'Molestiae eos alias cumque culpa quos occaecati magnam ut. Dicta neque incidunt delectus reprehenderit. Id quia quia animi non repellendus perspiciatis.','1999-10-14 07:29:15'),(898,98,13,'Laboriosam eius enim veniam nihil deserunt iusto. Debitis ullam a quos similique eveniet vero. Quia sint recusandae voluptate id maiores voluptates. Sit modi dolorem voluptatum.','1970-06-07 17:56:06'),(899,99,14,'Inventore tenetur enim minima enim eligendi qui. Et provident repellat est laudantium eos voluptas. Sit possimus odit saepe tenetur sed. Autem veritatis ea aliquid vel hic.','1989-05-04 14:48:37'),(900,100,15,'Et labore est aut qui voluptate. Voluptas nobis eius vel eaque iusto sit totam. Autem ab rerum animi et quo est.','1999-05-12 08:27:42'),(901,1,1,'Amet mollitia sint optio et. Facere omnis blanditiis amet voluptatibus omnis a in voluptas. Modi iste id aut et aut.','1986-05-03 21:15:01'),(902,2,2,'Rerum sint possimus itaque ut explicabo ea dolorem. Assumenda maxime repudiandae neque corrupti reiciendis eligendi et. Velit dolores fuga eos doloribus nulla aut adipisci ullam.','1988-07-26 00:39:09'),(903,3,3,'Saepe ea debitis labore harum aut voluptas. Est dolorum ducimus quia aspernatur incidunt iste delectus. Quod cum perspiciatis aut est. Architecto ut debitis perspiciatis ullam corrupti.','1971-02-11 09:11:16'),(904,4,4,'Ut facere quos iusto fugiat alias itaque et distinctio. Eos consequuntur assumenda deleniti. Officia dignissimos corrupti dolores.','2020-04-17 04:20:32'),(905,5,5,'Consequatur sed qui et. Quae doloremque rerum id voluptatem corrupti architecto. Est velit rerum earum labore.','1982-04-22 03:08:27'),(906,6,6,'Quibusdam cumque ut quis mollitia. Voluptas est corrupti maxime est amet illum. Accusamus quia deserunt voluptatem nihil nihil.','2007-04-16 21:18:56'),(907,7,7,'Distinctio et sit et occaecati ratione excepturi sapiente. Debitis aut tenetur ducimus et neque dolores. Placeat dolor doloremque repellat maiores odio velit et.','1991-12-29 07:27:52'),(908,8,8,'Et harum dolore inventore nisi est qui doloremque eum. Quia facere dolores voluptate fugiat est. Sed officia rerum sed delectus. Recusandae dolorem reprehenderit et.','2009-12-15 00:18:33'),(909,9,9,'Sint atque blanditiis cupiditate. Molestias ab cumque et perferendis adipisci. Ipsum ipsa totam mollitia cumque sed saepe dicta. Iure asperiores quo et officiis saepe illum.','2016-09-30 01:20:03'),(910,10,10,'Quo qui consequatur aut debitis. Est quia illo quaerat et exercitationem. Earum in cumque aut sed. Dicta error et consequatur dolores iste voluptas. Sed et voluptas voluptas sapiente nihil.','2018-02-13 08:11:33'),(911,11,11,'Qui ut et doloribus consequatur porro. Ducimus placeat deserunt et sequi. Totam harum et eum quo quo ut harum. Facilis architecto non accusamus fugit.','1983-12-07 22:53:52'),(912,12,12,'Ipsum similique fugiat unde illo delectus. Iste unde dolor exercitationem et autem vel architecto. Placeat aut ducimus vel sed. Quos dolorum eaque quasi quos voluptatem.','1975-07-15 07:49:16'),(913,13,13,'Exercitationem aut et officia qui illum et id. Aliquam praesentium distinctio qui. Ullam aliquid consequatur ut quaerat voluptatem ea tempora est. Consequatur reprehenderit saepe assumenda.','2018-11-11 14:15:20'),(914,14,14,'Repudiandae ut ut et fugiat quam magni adipisci. Et fugit quo quia beatae ut sint. Voluptate aut omnis sunt excepturi cumque.','1973-12-11 18:22:06'),(915,15,15,'Eius quos ad quam laboriosam aut non ipsam quia. Molestiae maxime harum quaerat recusandae cum sed ipsa. Sint eum optio dolorem autem quas.','1985-05-30 09:14:19'),(916,16,1,'Libero odio eius sed dolorem. Sit et maxime ipsam ut ab. Temporibus iure officiis eligendi modi. Ab dolore sunt tempora.','1991-03-25 03:29:42'),(917,17,2,'Animi ea cupiditate sequi. Animi praesentium dolores exercitationem sit ad ut ut adipisci. Ea quas accusamus quibusdam ut unde minus. Aperiam aut voluptates et dignissimos qui.','1981-02-23 23:02:46'),(918,18,3,'Dolore quae non necessitatibus non natus. Sit error ipsa vero quisquam blanditiis eveniet iure voluptatem. Fugiat ea hic laudantium accusamus accusantium aspernatur.','2019-12-05 00:16:00'),(919,19,4,'Eos ex impedit repellendus occaecati provident. Nihil sed sit sit quisquam dolorum. Ratione beatae eius voluptatibus voluptatem voluptate expedita numquam.','1989-05-03 07:37:15'),(920,20,5,'Quidem et et quasi exercitationem voluptatum ut earum. Quod repudiandae corporis mollitia est. Quasi ut et et in similique quibusdam. Eveniet sed recusandae fuga autem qui autem facere. Nihil id dicta nisi modi nulla debitis eum ex.','1985-06-11 20:21:30'),(921,21,6,'Et sapiente magni occaecati nihil ipsum consequatur earum. Accusantium qui molestiae rerum consequatur. Tempore culpa similique quia modi earum animi officia.','2006-05-10 19:08:54'),(922,22,7,'Vero accusantium et excepturi assumenda qui. Ut quae dolores dolor et omnis iste. Sapiente corrupti dolor eos non.','1997-07-07 12:41:09'),(923,23,8,'Culpa aut accusantium nam. Ipsum tempore nostrum alias maiores nostrum. Distinctio eum et alias.','1998-12-25 14:28:01'),(924,24,9,'Sed accusantium id ratione voluptatum iusto aut sunt. Iusto sed quo non omnis. Alias rerum qui quis voluptatem. Et possimus eius doloremque aliquam et enim quis.','1985-08-05 03:19:41'),(925,25,10,'Enim nemo unde ipsum accusamus repudiandae voluptatem. Et et quod maxime atque autem minus. Veritatis vel laborum est aspernatur quo. Quisquam consequuntur temporibus laboriosam quod.','1980-08-23 22:17:18'),(926,26,11,'Commodi ex porro aspernatur sit natus optio quod. Tenetur error corporis ea qui. Qui nostrum saepe et sequi quidem minus accusantium.','2016-07-11 08:34:17'),(927,27,12,'Error quae et incidunt corporis sit quisquam. Consequatur debitis cumque atque. Commodi sed laborum sunt qui.','2002-08-25 23:28:05'),(928,28,13,'Repellat non porro aut dolor molestiae iusto in alias. Cum asperiores placeat enim reprehenderit qui maiores ex. Beatae sit aperiam id dolor.','1994-06-12 08:29:15'),(929,29,14,'Quasi quibusdam sed qui officiis. Ut vitae dolores ipsam. Placeat laborum reiciendis et repellat molestiae laudantium nostrum. Ab laudantium omnis illo aliquid maxime expedita maiores.','2011-06-28 10:17:18'),(930,30,15,'Hic id odio veniam perferendis pariatur. Et natus eveniet et incidunt corrupti consequuntur natus. Laudantium necessitatibus at et aut voluptatem.','1970-01-02 21:58:38'),(931,31,1,'Voluptatem minus beatae placeat. Fugit atque doloremque a ipsam. Nam fuga sint nemo eveniet et omnis enim.','2020-05-12 19:53:25'),(932,32,2,'Officiis laudantium quia occaecati nesciunt. Asperiores earum culpa eligendi quas possimus. Officia ullam aliquid a ut blanditiis expedita ipsam.','1987-03-08 19:05:14'),(933,33,3,'Accusamus aut non aut mollitia ea sunt cumque non. Beatae rerum veniam ut neque velit. Beatae consequuntur ullam laborum quis. Quasi sit aut enim.','2017-11-25 13:13:38'),(934,34,4,'Dicta odio repudiandae eum voluptas. Enim assumenda eum et impedit consequatur.','1993-06-04 19:02:34'),(935,35,5,'Quia et et magnam eligendi. Sit dolores veniam dolorem in praesentium neque. Aliquam explicabo unde ullam.','1971-11-03 21:05:56'),(936,36,6,'Possimus perspiciatis ut consequuntur deleniti facilis ut inventore. Ex delectus deleniti perspiciatis qui autem pariatur modi porro. Dolore dolor neque unde quae recusandae qui similique.','2006-07-04 04:49:01'),(937,37,7,'Quos fuga suscipit dolor odit earum eius et. Quis vero optio ut non ipsum est.','1981-10-05 15:51:38'),(938,38,8,'Dolores dicta qui sint laboriosam excepturi totam. Omnis consequatur libero eius quo veniam laudantium. Aut est aut molestiae repudiandae vel tempora libero optio. Totam tempora aliquid maxime velit ullam sequi nobis dicta.','2018-09-07 10:52:54'),(939,39,9,'Consectetur itaque exercitationem autem officia velit error vitae. Qui fugit omnis veritatis nihil sed quaerat sit. Quod accusamus cupiditate delectus.','1977-03-12 02:16:23'),(940,40,10,'Aliquid voluptatibus tenetur minus. Voluptatem dolorem ad aliquam ut eum. Facere aperiam reiciendis et atque beatae.','2002-05-05 18:21:56'),(941,41,11,'Perspiciatis veritatis laudantium ipsam nulla. Quisquam earum sed explicabo saepe ratione ea omnis accusamus. Consequatur repudiandae nesciunt reprehenderit et et non.','1991-06-16 22:23:02'),(942,42,12,'Nobis nostrum eos optio temporibus. Ad nihil optio qui eligendi ut. Laudantium sed facilis distinctio expedita.','2002-11-04 20:56:04'),(943,43,13,'Impedit quia sed iusto nisi. Tempore sapiente est quod et eum delectus. Harum ea deleniti et deserunt asperiores quisquam.','2019-10-15 12:03:36'),(944,44,14,'Neque id accusantium fuga neque aperiam. Dolor sed est occaecati exercitationem doloribus. Voluptatum itaque officia consequatur.','1988-08-31 03:41:22'),(945,45,15,'Voluptates qui voluptatibus itaque dolores. Quaerat tempore quia earum vitae est recusandae.','2003-08-29 08:10:44'),(946,46,1,'Nesciunt accusantium quibusdam quibusdam hic aut. Placeat consequatur dolores et impedit. Sit blanditiis nostrum laborum eius asperiores.','2017-05-04 20:09:56'),(947,47,2,'Ut omnis modi amet reprehenderit libero amet. Ab qui temporibus dolor qui. Non quia sint omnis aut aut.','1972-05-01 03:37:47'),(948,48,3,'Rem et et aperiam voluptas unde. Sapiente ut velit cumque recusandae culpa modi. Aut et et beatae vel dolores. Nesciunt veritatis esse officiis.','1992-09-29 04:54:09'),(949,49,4,'Ea et adipisci tempora molestiae. Dolorum est ut quam. Non est est adipisci.','1995-11-16 15:18:39'),(950,50,5,'Voluptatem explicabo fugit beatae est necessitatibus ad et. Sapiente aperiam praesentium exercitationem id qui et dolorum ut. Ut officia omnis sunt aut. Voluptatem ea quisquam cumque.','2011-12-26 10:50:27'),(951,51,6,'Vitae ducimus quia laborum id repellat quibusdam. Esse ut nesciunt ad sed ullam debitis quod. Facere rerum ab non accusamus repellendus.','1980-05-15 15:25:26'),(952,52,7,'Exercitationem laudantium ullam quaerat iusto quidem. Est quidem rem quam laborum aperiam dolorem. Ex enim illum voluptas cum distinctio. Et aspernatur nostrum quia vitae voluptas dicta et. Odit quibusdam eveniet reiciendis nihil ipsum occaecati tenetur voluptas.','2016-03-21 01:28:25'),(953,53,8,'Est aut facere quidem rerum aut est. Ullam accusamus id molestiae sit eaque. Consequatur perspiciatis in incidunt. Aut harum adipisci ex occaecati rerum et.','2014-11-15 12:24:41'),(954,54,9,'Quod voluptatem magnam provident beatae sapiente sit. Corporis dolorem et distinctio quos.','2011-05-23 00:15:23'),(955,55,10,'Dolor quam molestiae eos est. Et minima temporibus mollitia et quia dolorem. Sapiente possimus ipsum accusamus.','1999-04-06 09:19:01'),(956,56,11,'Quae veritatis harum qui aut necessitatibus architecto. Aut qui quasi quam et fugiat impedit molestias. Quam et non voluptatem officia.','2017-02-04 10:46:30'),(957,57,12,'Laudantium ut id earum officia tenetur fugit suscipit. Et placeat incidunt veniam temporibus blanditiis alias. Cum officiis dolore quia voluptates velit veniam.','1977-03-24 09:00:44'),(958,58,13,'Vel accusamus eos harum qui non odio. Qui quam consequatur aut odit sunt iure debitis voluptatem. Libero explicabo placeat nisi fugiat voluptas rem non. Aut molestiae quo quod dolor quo.','1999-02-27 02:32:37'),(959,59,14,'Expedita animi ipsum rem est enim vero. Illum quia rerum aut itaque ipsa rem. Voluptate ut fugiat sit ipsum sint.','1985-02-14 06:38:13'),(960,60,15,'Porro tempora illo quia recusandae animi. Quam sunt minus id id ut. Culpa laudantium consequatur dicta deserunt inventore vitae autem.','2008-03-10 13:39:34'),(961,61,1,'Perferendis libero iure et atque quibusdam molestiae ipsam. Et eaque explicabo ab aut tempora et repellendus. Voluptatem nisi atque beatae quidem sit dicta. Quasi facere placeat nisi aut enim ab consequuntur nisi. Necessitatibus ut magni et consequatur quia.','1988-03-19 21:50:50'),(962,62,2,'Est totam aut sint eligendi voluptas eum. Et facere eos quasi et et. Ut amet ratione et placeat eaque deserunt alias. Dolorem illo non eveniet dolores quaerat.','2013-02-02 22:02:13'),(963,63,3,'Labore laborum illo accusamus voluptas quos et maiores. Non quod sint nobis quam dolor. Soluta molestias quis eum blanditiis eius aut. Atque dolorem voluptatem vel vel omnis occaecati labore.','1975-08-24 23:29:07'),(964,64,4,'Magni omnis dolorum quis voluptate consequatur qui fugiat. Illo ad velit culpa saepe itaque earum quis. Qui temporibus modi quia qui tempore esse adipisci. Quas maxime vel ut voluptas et deserunt.','2010-08-09 04:01:40'),(965,65,5,'Ipsa quibusdam et nostrum eum. Soluta delectus illum voluptates qui tempore consectetur eum. Accusamus qui a odit quia et consequuntur soluta ea. Dolor mollitia dolorum dolores qui. Nam corrupti porro repudiandae quos et et nisi.','2013-06-04 06:28:33'),(966,66,6,'Ullam autem ipsam deleniti et non quia. Alias sint et perferendis animi.','2005-10-06 09:35:21'),(967,67,7,'Quae reprehenderit illum unde odit ipsa pariatur qui. Nihil et officia veniam sint culpa voluptatem maxime. Vitae magni ut quos. Explicabo sed dolor aut. Fugiat sit repellat voluptates totam sit labore.','1998-07-14 13:13:24'),(968,68,8,'Enim enim corporis enim odit velit. Consequuntur quae cumque perspiciatis voluptate sit deserunt.','1983-06-20 06:37:41'),(969,69,9,'Accusamus iste dicta accusantium suscipit. Laborum repudiandae omnis veniam. Magnam molestiae voluptate est. Placeat esse rem odio optio sed vel.','1971-11-25 17:23:14'),(970,70,10,'Aut eveniet itaque aut alias aut et. Necessitatibus et perferendis voluptatem quas officia consequatur magnam. Eius dignissimos ab non harum. Aut hic dicta consequuntur est enim dolores et et.','1993-08-07 11:56:16'),(971,71,11,'Eum officiis aut quas ea eos. Magnam dolores rerum cum aperiam assumenda id et. Ea dolores odit tempore aut qui libero adipisci eaque.','1987-02-03 02:05:04'),(972,72,12,'Architecto numquam et quos maiores. Ratione eum et eos. Sint ipsam culpa deleniti omnis in laborum eligendi. Enim vero aut necessitatibus soluta ipsum dolores sit sunt.','1983-12-09 06:06:34'),(973,73,13,'Quia corrupti doloremque voluptas. Distinctio et omnis occaecati illo. Dolores vel tempora nam at quibusdam sunt vero.','1994-05-05 11:52:50'),(974,74,14,'Inventore non sit et qui. Rerum architecto veniam eius ex nostrum aut. Ea ut et quos et debitis accusamus.','1984-03-23 14:35:44'),(975,75,15,'Nostrum earum sed iure voluptatem quia error. Sint omnis necessitatibus hic deserunt tempora rerum. Exercitationem et voluptates possimus atque fugiat quam error.','1997-03-14 04:06:40'),(976,76,1,'Nam libero architecto explicabo dolores dolores totam. Vel ducimus sit ut qui. Cumque similique numquam perferendis soluta modi. Quaerat perferendis provident ut harum magni autem quidem.','1993-10-26 08:16:04'),(977,77,2,'Veritatis ut assumenda at doloremque harum. Est voluptatem impedit esse et. Ut sequi perspiciatis iure adipisci quo nam. At rem ut velit molestiae voluptas.','1972-09-17 19:53:38'),(978,78,3,'Consequatur reprehenderit id qui eum modi non. Qui minima et officiis aut magni. Ut sed ducimus rerum tenetur.','2015-02-15 18:35:38'),(979,79,4,'Eum provident natus dicta molestias nostrum. Ad vitae voluptatem eos id soluta aut fuga possimus. Est quia non qui et.','1992-12-16 03:22:47'),(980,80,5,'Eum quo ab non libero laboriosam. Magnam fugiat aliquam error distinctio tempore quisquam quo. Excepturi id in animi laborum reiciendis velit.','1984-02-16 20:53:28'),(981,81,6,'Vero adipisci fugit ut quia rerum sunt. Expedita eligendi aperiam et asperiores nobis. Quia amet fugiat eveniet. Officiis earum non ab tempore ea. Voluptas blanditiis cum reiciendis consequuntur quo.','2010-04-24 16:20:28'),(982,82,7,'Reiciendis doloremque aut repudiandae labore non non. Dolorem at quam et autem.','1980-12-12 07:39:05'),(983,83,8,'Et numquam est in sint. Et neque quisquam natus quam. Ducimus et eius veritatis nobis ea occaecati ex.','1981-05-14 06:25:38'),(984,84,9,'Pariatur eligendi consequatur totam et veritatis. Eos qui illo quidem nostrum. Dolorem amet et expedita laudantium ipsa dignissimos voluptatem. Quidem quisquam quibusdam labore quod iste quis aut.','1997-04-12 16:32:19'),(985,85,10,'Eveniet aut molestiae iure omnis excepturi. Incidunt alias voluptas totam recusandae beatae nihil. Sint reprehenderit eos quasi.','2008-03-06 17:39:45'),(986,86,11,'Consequuntur qui consequatur tenetur laboriosam est quidem sit animi. Odio ea mollitia qui qui dolores ducimus. Nisi autem voluptates recusandae mollitia dolorum. Qui architecto sit magnam mollitia id.','1998-10-12 04:04:36'),(987,87,12,'Repellendus autem voluptatibus possimus ducimus ipsam et. Quis aut vitae accusantium aut nostrum ut nobis. Provident sit quod aspernatur officia fuga. Suscipit expedita aut alias magnam.','2019-01-16 18:23:05'),(988,88,13,'Eos necessitatibus aut ut aut autem. Consequatur pariatur commodi quaerat qui explicabo sed atque. Aut et sit non voluptas sunt sed.','2019-06-04 16:25:01'),(989,89,14,'Quisquam ad et aut ut. Maxime maiores sint libero autem cum quam dolorem. Neque velit magni sequi aperiam quia quia nemo vero. Tempora officiis fugiat enim enim ea.','1976-12-22 05:45:35'),(990,90,15,'Voluptatum excepturi culpa atque fugiat doloribus. Sunt minima ad enim eos sint id.','2002-02-11 01:57:17'),(991,91,1,'Voluptatem rerum dolor dolor nesciunt. Minima inventore temporibus id earum nemo eum ut. Dolorum est non sed sit.','2010-02-04 02:16:15'),(992,92,2,'Eaque excepturi eum inventore tempora laboriosam omnis. Totam quis non magnam aut ipsa. Ab sed et qui ut cupiditate velit. Similique et pariatur voluptatibus reprehenderit voluptatem natus.','1996-03-21 15:18:30'),(993,93,3,'Laudantium recusandae minus nesciunt laborum et quasi delectus. Aliquid nam veniam non distinctio minus. Eaque esse vitae autem ex tenetur cupiditate. Ea et ea hic voluptatem est.','1981-08-11 09:17:52'),(994,94,4,'Ex et atque enim porro maxime explicabo. Nostrum quis saepe magni in nulla nisi nihil. In voluptatem sit ab et in sequi.','2010-01-17 11:50:26'),(995,95,5,'Qui dicta iure culpa voluptas. Animi ipsam culpa doloremque repellendus. Eaque aut laboriosam iure animi et ipsum eius et. Labore exercitationem voluptate ut voluptas. Exercitationem et aut libero aut sed et odio.','2002-10-01 02:36:54'),(996,96,6,'Est eos excepturi vero. Omnis repellat molestiae soluta eum iste ipsam fugit. Voluptas ex unde cum provident. Et voluptatem dolorum quia id laboriosam nam.','1979-05-09 00:28:00'),(997,97,7,'Eos consequuntur nostrum sint et laudantium veniam asperiores. Non dolores a quia repellendus praesentium voluptatem. Officiis reprehenderit deleniti rerum vel est. Cumque dolorem numquam sequi officia voluptatem voluptatem aut aut.','1994-06-21 08:13:21'),(998,98,8,'Illo accusantium et eveniet sint. Praesentium suscipit et expedita hic laboriosam placeat ut. Expedita rerum eum minima eos unde exercitationem consequatur rerum.','1986-12-18 11:22:30'),(999,99,9,'Iste ab et quia rem expedita sint. Voluptatibus ad nobis impedit ex quaerat. Fugit id occaecati sapiente repellendus dolorem voluptatum dolores.','2002-02-07 14:43:49'),(1000,100,10,'Architecto labore et aut. Illum vel labore possimus placeat. Praesentium cumque ipsum in ea.','1980-09-18 03:31:54');
/*!40000 ALTER TABLE `messages_communities` ENABLE KEYS */;
UNLOCK TABLES;

--
-- Table structure for table `photo_albums`
--

DROP TABLE IF EXISTS `photo_albums`;
/*!40101 SET @saved_cs_client     = @@character_set_client */;
/*!40101 SET character_set_client = utf8 */;
CREATE TABLE `photo_albums` (
  `id` bigint(20) unsigned NOT NULL AUTO_INCREMENT,
  `name` varchar(255) COLLATE utf8mb4_unicode_ci DEFAULT NULL,
  `user_id` bigint(20) unsigned DEFAULT NULL,
  PRIMARY KEY (`id`),
  UNIQUE KEY `id` (`id`),
  KEY `user_id` (`user_id`),
  CONSTRAINT `photo_albums_ibfk_1` FOREIGN KEY (`user_id`) REFERENCES `users` (`id`)
) ENGINE=InnoDB AUTO_INCREMENT=101 DEFAULT CHARSET=utf8mb4 COLLATE=utf8mb4_unicode_ci;
/*!40101 SET character_set_client = @saved_cs_client */;

--
-- Dumping data for table `photo_albums`
--

LOCK TABLES `photo_albums` WRITE;
/*!40000 ALTER TABLE `photo_albums` DISABLE KEYS */;
INSERT INTO `photo_albums` VALUES (1,'est',1),(2,'beatae',2),(3,'saepe',3),(4,'illum',4),(5,'commodi',5),(6,'ipsam',6),(7,'temporibus',7),(8,'aut',8),(9,'culpa',9),(10,'et',10),(11,'voluptatem',11),(12,'eum',12),(13,'aut',13),(14,'enim',14),(15,'doloremque',15),(16,'maxime',16),(17,'quisquam',17),(18,'quaerat',18),(19,'vero',19),(20,'repudiandae',20),(21,'quis',21),(22,'nisi',22),(23,'saepe',23),(24,'voluptates',24),(25,'nam',25),(26,'dignissimos',26),(27,'odio',27),(28,'reiciendis',28),(29,'exercitationem',29),(30,'quo',30),(31,'dolorem',31),(32,'vel',32),(33,'reprehenderit',33),(34,'enim',34),(35,'qui',35),(36,'eaque',36),(37,'iure',37),(38,'amet',38),(39,'odio',39),(40,'eum',40),(41,'ipsa',41),(42,'repellat',42),(43,'consequatur',43),(44,'eos',44),(45,'autem',45),(46,'ad',46),(47,'perspiciatis',47),(48,'harum',48),(49,'incidunt',49),(50,'consequatur',50),(51,'odio',51),(52,'quo',52),(53,'qui',53),(54,'quod',54),(55,'consequatur',55),(56,'consectetur',56),(57,'tempora',57),(58,'et',58),(59,'numquam',59),(60,'quaerat',60),(61,'voluptatem',61),(62,'quod',62),(63,'dolor',63),(64,'sed',64),(65,'facilis',65),(66,'labore',66),(67,'quo',67),(68,'architecto',68),(69,'consequatur',69),(70,'possimus',70),(71,'nam',71),(72,'at',72),(73,'aliquam',73),(74,'provident',74),(75,'dolore',75),(76,'deleniti',76),(77,'quidem',77),(78,'asperiores',78),(79,'cupiditate',79),(80,'aliquid',80),(81,'aspernatur',81),(82,'aspernatur',82),(83,'nostrum',83),(84,'amet',84),(85,'nihil',85),(86,'molestiae',86),(87,'accusantium',87),(88,'a',88),(89,'aut',89),(90,'et',90),(91,'omnis',91),(92,'provident',92),(93,'saepe',93),(94,'temporibus',94),(95,'explicabo',95),(96,'praesentium',96),(97,'nobis',97),(98,'culpa',98),(99,'natus',99),(100,'sit',100);
/*!40000 ALTER TABLE `photo_albums` ENABLE KEYS */;
UNLOCK TABLES;

--
-- Table structure for table `photos`
--

DROP TABLE IF EXISTS `photos`;
/*!40101 SET @saved_cs_client     = @@character_set_client */;
/*!40101 SET character_set_client = utf8 */;
CREATE TABLE `photos` (
  `id` bigint(20) unsigned NOT NULL AUTO_INCREMENT,
  `album_id` bigint(20) unsigned DEFAULT NULL,
  `media_id` bigint(20) unsigned NOT NULL,
  UNIQUE KEY `id` (`id`),
  KEY `album_id` (`album_id`),
  KEY `media_id` (`media_id`),
  CONSTRAINT `photos_ibfk_1` FOREIGN KEY (`album_id`) REFERENCES `photo_albums` (`id`),
  CONSTRAINT `photos_ibfk_2` FOREIGN KEY (`media_id`) REFERENCES `media` (`id`)
) ENGINE=InnoDB AUTO_INCREMENT=101 DEFAULT CHARSET=utf8mb4 COLLATE=utf8mb4_unicode_ci;
/*!40101 SET character_set_client = @saved_cs_client */;

--
-- Dumping data for table `photos`
--

LOCK TABLES `photos` WRITE;
/*!40000 ALTER TABLE `photos` DISABLE KEYS */;
INSERT INTO `photos` VALUES (1,1,1),(2,2,2),(3,3,3),(4,4,4),(5,5,5),(6,6,6),(7,7,7),(8,8,8),(9,9,9),(10,10,10),(11,11,11),(12,12,12),(13,13,13),(14,14,14),(15,15,15),(16,16,16),(17,17,17),(18,18,18),(19,19,19),(20,20,20),(21,21,21),(22,22,22),(23,23,23),(24,24,24),(25,25,25),(26,26,26),(27,27,27),(28,28,28),(29,29,29),(30,30,30),(31,31,31),(32,32,32),(33,33,33),(34,34,34),(35,35,35),(36,36,36),(37,37,37),(38,38,38),(39,39,39),(40,40,40),(41,41,41),(42,42,42),(43,43,43),(44,44,44),(45,45,45),(46,46,46),(47,47,47),(48,48,48),(49,49,49),(50,50,50),(51,51,51),(52,52,52),(53,53,53),(54,54,54),(55,55,55),(56,56,56),(57,57,57),(58,58,58),(59,59,59),(60,60,60),(61,61,61),(62,62,62),(63,63,63),(64,64,64),(65,65,65),(66,66,66),(67,67,67),(68,68,68),(69,69,69),(70,70,70),(71,71,71),(72,72,72),(73,73,73),(74,74,74),(75,75,75),(76,76,76),(77,77,77),(78,78,78),(79,79,79),(80,80,80),(81,81,81),(82,82,82),(83,83,83),(84,84,84),(85,85,85),(86,86,86),(87,87,87),(88,88,88),(89,89,89),(90,90,90),(91,91,91),(92,92,92),(93,93,93),(94,94,94),(95,95,95),(96,96,96),(97,97,97),(98,98,98),(99,99,99),(100,100,100);
/*!40000 ALTER TABLE `photos` ENABLE KEYS */;
UNLOCK TABLES;

--
-- Table structure for table `profiles`
--

DROP TABLE IF EXISTS `profiles`;
/*!40101 SET @saved_cs_client     = @@character_set_client */;
/*!40101 SET character_set_client = utf8 */;
CREATE TABLE `profiles` (
  `user_id` bigint(20) unsigned NOT NULL,
  `gender` char(1) COLLATE utf8mb4_unicode_ci DEFAULT NULL,
  `birthday` date DEFAULT NULL,
  `photo_id` bigint(20) unsigned DEFAULT NULL,
  `created_at` datetime DEFAULT current_timestamp(),
  `hometown` varchar(100) COLLATE utf8mb4_unicode_ci DEFAULT NULL,
  UNIQUE KEY `user_id` (`user_id`),
  KEY `profiles_fk_1` (`photo_id`),
  CONSTRAINT `fk_user_id` FOREIGN KEY (`user_id`) REFERENCES `users` (`id`) ON DELETE NO ACTION ON UPDATE CASCADE,
  CONSTRAINT `profiles_fk_1` FOREIGN KEY (`photo_id`) REFERENCES `media` (`id`)
) ENGINE=InnoDB DEFAULT CHARSET=utf8mb4 COLLATE=utf8mb4_unicode_ci;
/*!40101 SET character_set_client = @saved_cs_client */;

--
-- Dumping data for table `profiles`
--

LOCK TABLES `profiles` WRITE;
/*!40000 ALTER TABLE `profiles` DISABLE KEYS */;
INSERT INTO `profiles` VALUES (1,'F','2004-08-25',1,'2009-02-24 20:12:53','Damienside'),(2,'F','1999-05-20',2,'2000-10-02 00:25:18','East Trinity'),(3,'F','2012-01-27',3,'1997-11-04 02:08:29','West Deangeloburgh'),(4,'F','1970-09-02',4,'2015-02-08 15:54:13','Ezequielborough'),(5,'M','2016-07-11',5,'1987-09-23 00:24:39','South Maureenshire'),(6,'F','1978-12-29',6,'1978-12-21 11:18:43','Norvalview'),(7,'F','2005-07-31',7,'2021-02-10 16:35:40','Bernieceport'),(8,'M','2010-05-31',8,'2000-07-12 06:09:23','Laurettaville'),(9,'F','2017-11-27',9,'2008-07-25 23:14:56','New Kaylifort'),(10,'M','2007-01-19',10,'1978-09-03 02:11:38','East Elyseton'),(11,'M','2016-11-25',11,'2010-09-18 11:09:48','Wolfborough'),(12,'F','1997-04-24',12,'2002-05-28 19:58:12','Lake Nelda'),(13,'F','2014-09-01',13,'1998-08-06 10:11:49','South Garnetton'),(14,'M','1989-09-14',14,'1995-10-31 05:22:12','Mireilleshire'),(15,'M','1992-01-07',15,'1973-07-19 15:24:50','Gusikowskifort'),(16,'M','2011-03-01',16,'1996-12-01 11:49:05','North Geoland'),(17,'F','2013-05-10',17,'1992-05-28 17:07:29','Chanelbury'),(18,'M','1998-03-22',18,'2000-06-10 03:15:50','East Haileemouth'),(19,'F','1978-12-22',19,'1991-05-11 17:56:10','Port Connerfort'),(20,'M','2005-08-25',20,'2009-06-06 06:13:55','Howellport'),(21,'M','1990-09-03',21,'1980-12-23 02:35:58','Jacobiland'),(22,'M','2017-12-02',22,'2011-12-25 10:07:39','Kaliview'),(23,'M','2005-11-02',23,'2005-04-18 04:22:01','North Bessieland'),(24,'F','1982-03-06',24,'1973-05-04 08:15:23','East Jordon'),(25,'M','1982-11-29',25,'1991-03-22 03:00:36','Alyshaton'),(26,'M','1997-05-21',26,'1974-04-28 02:10:26','Ardenport'),(27,'M','1991-03-25',27,'1973-05-08 09:02:06','West Malika'),(28,'F','1994-01-03',28,'1972-01-09 03:41:02','Boganchester'),(29,'M','1999-03-28',29,'2010-10-07 07:48:46','New Holly'),(30,'M','1995-03-04',30,'1973-12-01 14:50:16','West Garth'),(31,'F','1978-12-05',31,'1972-06-17 06:54:37','North Aronview'),(32,'M','1973-07-17',32,'1992-02-10 19:24:36','Ricehaven'),(33,'M','2002-01-26',33,'2001-08-13 21:25:34','Judyton'),(34,'M','2004-05-13',34,'1974-07-05 08:02:19','North Hermann'),(35,'F','2006-09-12',35,'2003-08-06 21:29:19','Kubmouth'),(36,'F','1973-02-08',36,'1989-04-16 18:29:52','East Darenberg'),(37,'M','1981-10-07',37,'2014-07-26 21:19:41','North Abemouth'),(38,'F','1996-08-05',38,'1999-03-04 18:17:47','Trantowport'),(39,'M','1982-04-27',39,'2017-07-15 22:53:04','Port Norris'),(40,'M','1971-07-09',40,'2005-10-30 20:46:18','Eichmannfurt'),(41,'M','1976-04-19',41,'1994-03-08 13:49:37','Kolbyside'),(42,'M','2021-01-03',42,'2011-07-17 12:42:58','New Parker'),(43,'F','1981-05-05',43,'2001-06-24 07:23:27','Larsonburgh'),(44,'M','1993-07-26',44,'1997-10-11 06:51:48','New Mabelstad'),(45,'M','2011-01-25',45,'2018-07-22 20:21:28','Wisozkmouth'),(46,'M','2007-10-27',46,'1973-04-07 02:56:14','West Dakota'),(47,'M','1975-12-07',47,'1975-12-21 10:46:51','North Walter'),(48,'F','1988-01-07',48,'1976-07-23 07:07:02','Doraville'),(49,'F','1986-09-06',49,'2010-01-08 11:11:33','Samanthamouth'),(50,'M','1987-01-02',50,'2006-10-26 22:35:36','Handhaven'),(51,'F','1991-12-17',51,'2011-11-15 21:59:38','Rippinview'),(52,'F','2008-10-01',52,'2017-12-15 22:19:34','Lakinfurt'),(53,'M','2012-05-15',53,'1994-06-03 07:46:48','East Camrenborough'),(54,'F','2010-02-19',54,'1993-07-07 09:19:00','West Jessika'),(55,'M','1973-10-09',55,'1982-11-01 02:14:23','North Daisymouth'),(56,'F','1980-01-15',56,'1997-02-09 02:49:02','New Haileyport'),(57,'F','2005-08-02',57,'2019-06-08 05:50:20','West Pete'),(58,'M','2020-01-28',58,'2020-01-07 09:14:36','Wilkinsonshire'),(59,'F','2004-03-07',59,'2021-01-01 12:37:08','Aliside'),(60,'F','1998-02-14',60,'1973-01-25 22:18:41','Coramouth'),(61,'M','1970-10-19',61,'2011-03-04 00:43:49','Lake Caleighton'),(62,'F','1991-08-15',62,'1979-07-10 02:49:14','Heathcoteport'),(63,'F','2003-02-26',63,'2009-07-16 01:08:54','New Savanah'),(64,'M','1970-11-11',64,'1983-08-12 05:34:10','Port Blazeview'),(65,'M','1996-10-07',65,'1983-12-01 18:03:18','Bertrambury'),(66,'F','2001-09-11',66,'1999-07-15 23:15:49','North Frederiquestad'),(67,'F','2019-11-25',67,'2001-05-24 12:55:23','Raynortown'),(68,'F','1976-04-30',68,'2012-07-26 07:08:03','Abbottmouth'),(69,'M','2020-08-14',69,'1993-02-09 13:30:23','North Arelychester'),(70,'M','2019-12-28',70,'2006-12-14 01:25:54','East Ilenestad'),(71,'M','2003-05-18',71,'1985-03-27 07:02:33','Juliehaven'),(72,'F','1971-10-12',72,'2000-07-23 09:48:41','Creminborough'),(73,'F','1980-05-01',73,'2017-01-16 21:17:33','Lehnerchester'),(74,'M','1975-07-17',74,'2015-05-10 03:20:47','Lake Jess'),(75,'M','1990-06-04',75,'1995-03-12 18:53:43','Robertsville'),(76,'M','1974-06-19',76,'2017-09-27 11:08:03','Nealton'),(77,'M','2002-02-07',77,'1974-09-04 23:56:44','West Susanchester'),(78,'F','2003-07-11',78,'1989-11-16 23:42:41','Port Daisyhaven'),(79,'F','1971-08-25',79,'1989-09-03 23:46:22','South Lulaville'),(80,'F','1998-05-17',80,'2003-01-20 22:11:48','Fayemouth'),(81,'F','2011-10-16',81,'2018-10-12 04:43:36','Rosalindaborough'),(82,'F','2013-07-09',82,'2007-12-04 05:01:04','Trishatown'),(83,'M','1984-03-02',83,'2014-10-05 03:43:40','Elishaborough'),(84,'F','2001-05-09',84,'2009-09-28 08:55:25','Danielleport'),(85,'F','2008-04-05',85,'1977-10-01 16:26:34','Gunnarbury'),(86,'M','1991-09-06',86,'1992-06-20 12:12:07','South Toy'),(87,'F','2012-06-19',87,'2011-12-03 17:44:07','South Johnsonport'),(88,'F','1986-05-12',88,'1977-03-12 10:28:40','Grahamville'),(89,'F','2007-02-10',89,'1985-02-06 09:07:20','Manteside'),(90,'M','1985-10-19',90,'1993-04-04 16:25:16','Fadelfurt'),(91,'F','1976-04-06',91,'2010-08-09 18:11:55','Elbertfurt'),(92,'F','1984-07-24',92,'2009-12-13 12:05:29','South Jana'),(93,'M','2010-07-14',93,'2020-10-23 22:11:49','South Hosea'),(94,'M','1982-10-27',94,'2012-01-15 16:59:11','Schuppeshire'),(95,'F','1990-08-21',95,'1997-01-31 08:46:51','Deckowchester'),(96,'F','2016-08-25',96,'1975-08-14 22:51:53','Matteohaven'),(97,'F','1972-06-19',97,'1983-06-22 10:40:26','North Cleora'),(98,'F','2012-08-31',98,'2013-09-25 14:16:46','New Evieshire'),(99,'F','1971-04-28',99,'2014-07-03 03:32:14','Lake Melissachester'),(100,'F','2020-11-01',100,'1983-10-03 23:55:16','North Stella');
/*!40000 ALTER TABLE `profiles` ENABLE KEYS */;
UNLOCK TABLES;

--
-- Table structure for table `users`
--

DROP TABLE IF EXISTS `users`;
/*!40101 SET @saved_cs_client     = @@character_set_client */;
/*!40101 SET character_set_client = utf8 */;
CREATE TABLE `users` (
  `id` bigint(20) unsigned NOT NULL AUTO_INCREMENT,
  `firstname` varchar(50) COLLATE utf8mb4_unicode_ci DEFAULT NULL,
  `lastname` varchar(50) COLLATE utf8mb4_unicode_ci DEFAULT NULL COMMENT 'Фамиль',
  `email` varchar(120) COLLATE utf8mb4_unicode_ci DEFAULT NULL,
  `password_hash` varchar(100) COLLATE utf8mb4_unicode_ci DEFAULT NULL,
  `phone` bigint(20) unsigned DEFAULT NULL,
  PRIMARY KEY (`id`),
  UNIQUE KEY `email` (`email`),
  UNIQUE KEY `phone` (`phone`),
  KEY `users_firstname_lastname_idx` (`firstname`,`lastname`)
) ENGINE=InnoDB AUTO_INCREMENT=101 DEFAULT CHARSET=utf8mb4 COLLATE=utf8mb4_unicode_ci COMMENT='юзеры';
/*!40101 SET character_set_client = @saved_cs_client */;

--
-- Dumping data for table `users`
--

LOCK TABLES `users` WRITE;
/*!40000 ALTER TABLE `users` DISABLE KEYS */;
INSERT INTO `users` VALUES (1,'Mia','Effertz','wolff.wayne@example.org','15c41d24dc66d1a3dc7d4823f0316e7567d0d178',89177732988),(2,'Rhoda','Rodriguez','kirk.cremin@example.com','d6a5cfab1d0d2c5d85fdbf99c6707ada7f409ca0',89585951476),(3,'Agnes','Marvin','larissa.goodwin@example.org','18c23c9de3b2a364ddebcc31a23498f1df6b6088',89165725072),(4,'Alanna','Bradtke','shania96@example.com','207076f2c9f75f03a11799bcac8f78ab15f37e9d',89617346355),(5,'Pamela','Purdy','jones.joan@example.org','585bda701f978aca2b8f460f20162570f90fb826',89502753099),(6,'Lauriane','Lehner','rosenbaum.ariane@example.com','e2289dc50d34d63be38c40279d922e3543a1cc4b',89150559814),(7,'Dwight','Kovacek','boris94@example.com','d1fa365204937c79aa5c390d367e5ffa7d35c9b4',89704378808),(8,'Nikki','Larson','eric.moore@example.net','7e07e252949e8c44582bb385f7a18cb8ef512717',89372739525),(9,'Tyrel','Bashirian','wolf.selina@example.com','6684ba4048d952eb253ecf74654e9793df08ea1e',89312422405),(10,'Lucienne','Blanda','delaney77@example.org','871850a8a8f3396035452ce41203175a0720ab37',89746198970),(11,'Ayana','Skiles','crooks.kathleen@example.org','87620f23183c6ee7c8b0f75454b85c4c6f9b6e1c',89238304947),(12,'Lera','Schultz','alison.bergnaum@example.com','85592fea7f7495dae0a8400d89ebf04ec8266667',89795213635),(13,'Della','Ullrich','goldner.vada@example.org','9209ade0efd1c21ecebb65f528beb7bb1b302eba',89799948132),(14,'Odie','Larson','jakayla84@example.net','436e11a9ec13dd882854f2057cc6c6ac35871c2d',89259527105),(15,'Quinten','Koss','lacey.pagac@example.com','4e1e83265c31db331753eb40acd7ab6664514ab7',89662909364),(16,'Enrico','Graham','lsanford@example.com','225dbf4f08ba0d73db394216d9ce2fe79879ac7d',89524293996),(17,'Janiya','Brekke','ukunde@example.org','ddb1ba095d67c14730c0ddeee3ebe3ee4441134c',89307493709),(18,'Ezequiel','Herzog','tatum.rodriguez@example.com','95afad93936859860461630d806f3ba8d76953c0',89764719607),(19,'Dereck','Graham','dorian.rosenbaum@example.net','3d6a29e7de186b4374610ccb934d90585274229b',89169072898),(20,'Rosetta','Lynch','bailee95@example.org','b54bfe5aa82aa46b530e79d9de9f6b84ce179a5f',89781253393),(21,'Alphonso','Prosacco','wolff.cecelia@example.com','d850d0a3f77d0cc94c9e91dd778771cd20ffe31a',89459133167),(22,'Roma','Mayert','sage94@example.net','f52821d7ff498590384fb2dddfbf49400514ee38',89592066479),(23,'Geo','Rempel','zgreen@example.net','9852895512d85240e89c730cb76b09e4c58152bd',89470686345),(24,'Melany','Haag','shills@example.com','491598bf76b1ee37babd89f218dfd7fe7215189b',89744885582),(25,'Casandra','Gerlach','clint24@example.net','97eaeda7f6a8869ecf3fbba388792c6a4ad4e323',89608413354),(26,'Scotty','Cartwright','amber00@example.com','52ebccd518dd319cc93fc9050d1883d339bea6a3',89634479441),(27,'Odie','Bednar','nolan.leonie@example.net','a395962bb48d9b1e0d16c468df5d4ef80156ce60',89357463812),(28,'Mollie','Maggio','jazmyn75@example.net','f8728f8ecffd288235ce19302ba8bd92dfa00683',89818592335),(29,'Nova','Gleichner','pfannerstill.keshaun@example.com','978627a69cd40b15e8b13493efc6ef7edfb1208f',89793308247),(30,'Dennis','Stroman','tom.bauch@example.com','1f2dfb207c7469a677f226d413466018e055c7f4',89807274302),(31,'Karlie','Lehner','reynold.runte@example.org','eef4e40c1139f1856e8cbbdc078890ee5a6d8aaa',89610568292),(32,'Hoyt','Leffler','garth44@example.net','060eb7bcd3773f9423d5442eb10831ad96fdfea9',89546203366),(33,'Tomasa','Boehm','sterling04@example.org','fd29f88f8c78415d2a7465e047bfe7992692a00d',89277288996),(34,'Magnolia','Vandervort','hickle.maegan@example.org','721d561e6700934fa2e55c2c346c6ec484296ae3',89768355263),(35,'Leonardo','McGlynn','nmorissette@example.org','77c550830a2e52cab12dccb9ec9a758aac7170f7',89750794782),(36,'Zechariah','Hermiston','agerlach@example.com','63a1e770d56c91a2ec59b0d28bcf1ca71b85a361',89611955904),(37,'Reagan','Mueller','jevon.schuppe@example.com','f57e597bcc7a06ddf9617b7e61ef2d97e7a889e1',89633099654),(38,'Payton','Mraz','schroeder.cameron@example.net','bfd22b97a381537e5909ac3b06cfce75cda8aba1',89714276373),(39,'Gerry','Mann','enikolaus@example.net','52f38ed9622aa74f271d40db4e15fbd3dcca656c',89124910245),(40,'Leola','Frami','bschuppe@example.net','a6619e14e6bb86428c641a4ae750f42733688959',89585535652),(41,'Lauriane','Fay','beverly.towne@example.com','c655e7de4d638ca3f6c4a1d98585cae12b213bdd',89111419642),(42,'Suzanne','Lesch','walker.stiedemann@example.net','cab13104f9e1e8c62c540bc36396673982629606',89719628008),(43,'Jayde','Jast','kquitzon@example.net','fe3b04fe8323a6ff7df2d765007bc37efda6c43b',89768005519),(44,'Dorris','Thiel','hschiller@example.net','16b7346bc3b1255a3ed8a56320afbdc27247cd84',89410659912),(45,'Vernie','Rodriguez','alene64@example.org','f9fbdd94d13cd839376a354bc6bea1196df68e88',89260272109),(46,'Zelda','Bernier','rohan.zaria@example.com','12e14923ea83d25b833745e088ccea5c19485e50',89359139922),(47,'Gudrun','Hamill','miller.jettie@example.com','96167d4619dfc782840b5030af7ddaea07c3b154',89287568977),(48,'Ellis','Wolf','helga.lemke@example.com','a7073c0089db849242bf44a3edc1c95f6e0c313f',89393555170),(49,'Araceli','Mohr','lulu.nikolaus@example.net','ec31823c6f673c75e5ba17f2afc366bef0c24760',89712219527),(50,'Kyra','Runolfsdottir','jaden87@example.com','bf1bd9240dcd80dc55ba3d4e64e93943dab478ca',89775406256),(51,'Eugene','Rolfson','wilhelm61@example.org','9908f753df75a7e41e82386bdeb81a19254d65f6',89379382034),(52,'Willard','Rempel','camden.goodwin@example.com','63975dc5869f6b1ed9829dcd334deca8d715410b',89586614001),(53,'Ignacio','Schmeler','orpha.rodriguez@example.com','82fa3ca7456f65d39e9f7cfd93d38629ae3c9125',89290187036),(54,'Bradford','West','brain.rodriguez@example.org','f39282f812b2bb86bc03f1c94d481b5cee2fe33b',89471624645),(55,'Hermann','Ziemann','lockman.rollin@example.org','4e5846dbecd0608d3ca456abca576907d673320c',89330014148),(56,'Danielle','Connelly','bfadel@example.com','52dae5215cb8eab63f452410d5bb87d9aa735771',89417945858),(57,'Zion','Nader','jaycee00@example.net','f2c8b86131922b9ca13c20253a88295fd3d30c31',89298977497),(58,'Bruce','Hane','margarita62@example.org','a95fe33d23c7eeae7c3de3f08f6dd8c3ef83228f',89699032475),(59,'Maryam','Bernhard','smiller@example.com','9c1af345f1bb36f993bdf10416af86f49d38745e',89802831096),(60,'Alvera','Dare','kbalistreri@example.com','43212265aa11fd5357505de572bbf5d4ef911686',89707779720),(61,'Thora','Wehner','danny.watsica@example.org','6b5991da44e1e7d78771f596031e3b7762d8935e',89787419360),(62,'Freddy','Bernhard','fgerlach@example.com','bb38c162f7168c23e8552791dc293a612e387e84',89509345917),(63,'Jett','Purdy','dgulgowski@example.com','9236d9e4815aa101ae07c5302c1b8afdd494b82e',89335999089),(64,'Beverly','Pacocha','auer.forrest@example.com','7b64d07937d32e6955689246911070c38d074a4e',89173892038),(65,'Genevieve','Stokes','jfadel@example.org','f92be724cf420400c174fe9f45332b8dc4ee11d9',89466895500),(66,'Kaycee','Franecki','davis.leda@example.org','ad19d04a4f9836ad680fabc7314b395d7807ad3f',89186190960),(67,'Lauren','O\'Hara','rosemary48@example.org','fb098ceb97a9400eb530a84cf2e9262420b15298',89362864652),(68,'Kenyatta','Torp','cordie.okuneva@example.com','8b56bf580fadaa213313b64aedd042f3e6956cf1',89149929706),(69,'Aidan','Goyette','adavis@example.com','9acfbcfb9b92e34c591ec0cff7276e9af3739104',89344169208),(70,'Emmie','Turcotte','eichmann.carolanne@example.org','01329cd2638882b2252fddb757d81f7bb15bc6ed',89367121562),(71,'Eriberto','Gottlieb','xmarquardt@example.org','ce9705e2f2abbee038a3e7d2d014fb2cf698a32a',89247200905),(72,'Lesly','Kessler','thora.schaefer@example.com','35f77ac14d053ae89a37890db306339ed37a7d2a',89138826367),(73,'Shaina','Cummings','padberg.rosamond@example.com','35186f8a517a8552593fac3c59d5cc22d8979a97',89493609300),(74,'Adan','Yundt','wilderman.monique@example.org','1661a1a4c9e60ad97576657ffc9089eabfa58bd4',89227008634),(75,'Marco','Windler','barrett00@example.net','0726360793ff69e5bc2220ff9e8c380aa61c3795',89110837685),(76,'Kim','Schmidt','cheyenne.howell@example.org','86b800d4612b54d1aeceb5877cadeba0054be259',89384506719),(77,'Jada','Glover','rhodkiewicz@example.org','09c64613e4a4fea08a8171c272f7995940bb6c84',89423832268),(78,'Dedrick','Ledner','yesenia.hauck@example.com','39fd09e957c4b6416011b7f3bfd32bc201ba031b',89315625716),(79,'Ross','Little','fay.shanna@example.com','f5d826ac0a7cc65fb2d47a1436157812923dcb9a',89398975959),(80,'Velma','Stoltenberg','lafayette.glover@example.com','0c317b6acc605b51fbe0a5996ddc343b0d36fad1',89592091972),(81,'Jermey','Toy','austyn75@example.net','f89faaf541c19f9b038aa9808dd0838f7cb550a5',89621943831),(82,'Abigale','King','hand.damian@example.org','31fd89987d584b17032572c323b4c64b62cf0926',89787380084),(83,'Jamison','Anderson','mmertz@example.com','a568dcd33204b41485ce86c0301ca53772fa7ec5',89647612570),(84,'Raina','Kerluke','thomas85@example.com','4c661ca361de4b784834cdc635d8a24ea7e047c3',89208560326),(85,'Kirk','Zulauf','gutkowski.jailyn@example.org','5c42000d8c106e9436321d1a4b09da2e3b5361af',89514057385),(86,'Enos','Nader','tmoore@example.org','0f6c7a507e81e54c979f88f257049c2113ece20e',89126600157),(87,'Meaghan','Lang','halie.ondricka@example.com','cf2e9aea56f1a867f5745be41fdaf94d1fe049b4',89731625361),(88,'Matilda','Pacocha','zlarkin@example.com','c3e1b55d4956496b9d13b132e1818c3124cf933d',89475627737),(89,'Vern','Hudson','libbie35@example.com','740d13c7d4f82c4195e3ac652b7ecd6defa311d0',89591088537),(90,'Ellie','Waters','annetta48@example.org','502d6c3b077840b8ee8290084a933cde642a0e7b',89409641589),(91,'Foster','Koss','jacobs.conner@example.net','09280ffddc6db1e1e51e776837df0e0c24a2609b',89707359904),(92,'Charlene','Kiehn','devyn.ebert@example.com','2b08c6865fef572357159940952bbb764a02f7d4',89520323295),(93,'Terence','Ratke','amely.hagenes@example.net','14f6447243a03c27313879dacf752ce3b3489b5f',89426126259),(94,'Wilmer','Stanton','sydney.nitzsche@example.org','9540ce35cbd651d14a7f79291aa23881bbea2c6c',89713548402),(95,'Oleta','Becker','xosinski@example.net','51fda958db122e805d82ecf6f6da677bba90e033',89765274303),(96,'Lyda','Reilly','edd81@example.com','3e8057342e23b3e841b299b59d993e17caab6e27',89207497499),(97,'Ibrahim','Abshire','tatyana85@example.net','6c70ee802c822f04fc323fb1c675058e0a2aba7b',89833568464),(98,'Miller','Schaden','marley82@example.net','dbd1ace02df612d7203beff6a0972607091903b4',89297555710),(99,'Chasity','Rau','leta65@example.org','f5b3cf57051f82b796fd4e2a0f7b075786e6a68c',89115071520),(100,'Trinity','Dach','merl.jacobi@example.org','6c3c34c196930976ec0372b2d363ede30b4868a0',89102817017);
/*!40000 ALTER TABLE `users` ENABLE KEYS */;
UNLOCK TABLES;

--
-- Table structure for table `users_communities`
--

DROP TABLE IF EXISTS `users_communities`;
/*!40101 SET @saved_cs_client     = @@character_set_client */;
/*!40101 SET character_set_client = utf8 */;
CREATE TABLE `users_communities` (
  `user_id` bigint(20) unsigned NOT NULL,
  `community_id` bigint(20) unsigned NOT NULL,
  PRIMARY KEY (`user_id`,`community_id`),
  KEY `community_id` (`community_id`),
  CONSTRAINT `users_communities_ibfk_1` FOREIGN KEY (`user_id`) REFERENCES `users` (`id`),
  CONSTRAINT `users_communities_ibfk_2` FOREIGN KEY (`community_id`) REFERENCES `communities` (`id`)
) ENGINE=InnoDB DEFAULT CHARSET=utf8mb4 COLLATE=utf8mb4_unicode_ci;
/*!40101 SET character_set_client = @saved_cs_client */;

--
-- Dumping data for table `users_communities`
--

LOCK TABLES `users_communities` WRITE;
/*!40000 ALTER TABLE `users_communities` DISABLE KEYS */;
INSERT INTO `users_communities` VALUES (1,1),(2,2),(3,3),(4,4),(5,5),(6,6),(7,7),(8,8),(9,9),(10,10),(11,11),(12,12),(13,13),(14,14),(15,15),(16,1),(17,2),(18,3),(19,4),(20,5),(21,6),(22,7),(23,8),(24,9),(25,10),(26,11),(27,12),(28,13),(29,14),(30,15),(31,1),(32,2),(33,3),(34,4),(35,5),(36,6),(37,7),(38,8),(39,9),(40,10),(41,11),(42,12),(43,13),(44,14),(45,15),(46,1),(47,2),(48,3),(49,4),(50,5),(51,6),(52,7),(53,8),(54,9),(55,10),(56,11),(57,12),(58,13),(59,14),(60,15),(61,1),(62,2),(63,3),(64,4),(65,5),(66,6),(67,7),(68,8),(69,9),(70,10),(71,11),(72,12),(73,13),(74,14),(75,15),(76,1),(77,2),(78,3),(79,4),(80,5),(81,6),(82,7),(83,8),(84,9),(85,10),(86,11),(87,12),(88,13),(89,14),(90,15),(91,1),(92,2),(93,3),(94,4),(95,5),(96,6),(97,7),(98,8),(99,9),(100,10);
/*!40000 ALTER TABLE `users_communities` ENABLE KEYS */;
UNLOCK TABLES;
/*!40103 SET TIME_ZONE=@OLD_TIME_ZONE */;

/*!40101 SET SQL_MODE=@OLD_SQL_MODE */;
/*!40014 SET FOREIGN_KEY_CHECKS=@OLD_FOREIGN_KEY_CHECKS */;
/*!40014 SET UNIQUE_CHECKS=@OLD_UNIQUE_CHECKS */;
/*!40101 SET CHARACTER_SET_CLIENT=@OLD_CHARACTER_SET_CLIENT */;
/*!40101 SET CHARACTER_SET_RESULTS=@OLD_CHARACTER_SET_RESULTS */;
/*!40101 SET COLLATION_CONNECTION=@OLD_COLLATION_CONNECTION */;
/*!40111 SET SQL_NOTES=@OLD_SQL_NOTES */;

-- Dump completed on 2021-04-18 12:00:32
